0,0.7861341835908158,0.1505860738713145
1,0.7584202688133399,0.0769778923594437
0,0.7463690699707877,0.7553456330778248
0,0.7320241731955035,0.8139426592931714
0,0.4907458233798289,0.3169356567896021
1,0.1320236469318828,0.011909904298948
1,0.9451376857077524,0.4347882224682595
0,0.6824155451870947,0.74229073565894
1,0.5864396088798784,0.0519076978375581
1,0.4138116962221502,0.4181450287986479
1,0.4521018104893316,0.2505642249884565
0,0.220607169782359,0.9244042301121094
1,0.2470372977173802,0.3238803586418299
1,0.8730639225836131,0.2434627952007292
1,0.9828475650900336,0.3931981524687113
0,0.0671352042419951,0.7362301248070572
1,0.6361691208895742,0.467459964116952
1,0.5743909170334247,0.9032541124581744
1,0.5123989372141466,0.9022542203378252
0,0.0560962575173071,0.7915913699549071
0,0.7196074316141292,0.7094621200779673
0,0.7901183416808306,0.1381093549472866
0,0.8538066568777275,0.9147800504101868
0,0.576165551006197,0.7178325218940343
0,0.159236207405626,0.6341045648820475
1,0.4607710249644589,0.4234716219876392
0,0.1033788645736707,0.7161510199786241
0,0.7044825889521398,0.7678949737486769
0,0.6697610357002248,0.8519879777749427
1,0.9001587646417527,0.3850048863077419
1,0.9511446054035704,0.8057702577877321
1,0.5973638263308477,0.4835494068183784
1,0.953886046297918,0.3170125667072991
0,0.8999803970669926,0.9592914947365287
1,0.581278319481655,0.1434906341553544
1,0.5845613854637814,0.2011593922548764
0,0.1202310109226431,0.8590661287812221
0,0.7699363403897311,0.8666172442768106
0,0.527389804180917,0.866881310393003
0,0.0964725663744561,0.3722861284806404
1,0.583768317779283,0.1236182416565101
0,0.1720367562232718,0.6306987404317866
0,0.6701981830720357,0.4458227541455021
0,0.9180868047501872,0.1304128102949925
0,0.057420659779295,0.6855343503937715
1,0.5517151897784935,0.0405975983510428
1,0.5474093584922893,0.456641944687899
0,0.5738836932380094,0.7785572712989285
0,0.9278815433634052,0.526170255408334
1,0.4254478680972704,0.7808787809990585
1,0.4891402469607279,0.5821284600008133
1,0.6684482783229797,0.9319590359529948
1,0.6117533690101159,0.5522947679502653
0,0.7179096154656222,0.3243356352487155
0,0.0471632272282427,0.2919951282670541
0,0.1723337724514398,0.5102664226647935
1,0.4195519524953685,0.2730433899198765
0,0.1354115377326388,0.4067359290152561
1,0.7029252711979989,0.5313092208081124
1,0.0098183590609856,0.6626708879849484
1,0.0054684244331391,0.1639493160560715
0,0.907387661248587,0.0610319789955414
0,0.6009903271797737,0.3793040614719511
1,0.3936224142482867,0.4419295228425649
1,0.3227860423545463,0.3883968490796907
0,0.0569649640768119,0.2562204067991668
0,0.4667979058113541,0.1588781355029714
0,0.1098751457806108,0.747582618130104
1,0.3276636347576476,0.2774299988762926
1,0.0985363802813238,0.6416417648371322
1,0.6343781648948176,0.086087145994131
0,0.8551060230603594,0.6174295173228365
1,0.0345238375958024,0.4865462451140726
0,0.9398893830644408,0.4859485006250722
0,0.1855000780826895,0.04381621562564
1,0.4284584257992988,0.7278664373382353
0,0.5191034634990184,0.3272588461238955
0,0.9262942040488972,0.0412577976818732
0,0.4927572218818749,0.4078010991354398
1,0.2271071340190451,0.831044797406782
0,0.5536278955688839,0.7487140840195892
0,0.3300659095860834,0.0427855540556454
0,0.0048404179371659,0.3648897654063923
0,0.8388367790061544,0.6341004428919946
1,0.01525580726671,0.2096302459815794
0,0.3374561276299762,0.1490711277158738
0,0.1684525709756377,0.4623771684290997
1,0.0899023787070274,0.6458849406195104
0,0.7533120872844393,0.8167512308629145
0,0.940702587136982,0.5174449361286286
0,0.896110944658369,0.5535498340883868
0,0.8875842701859986,0.0767841668207853
0,0.3898882305612789,0.0163124088489747
0,0.1476984737474117,0.2676872891763442
0,0.3778025645846533,0.0065447598066993
0,0.2098767803377311,0.1620677975754484
1,0.571969860580653,0.9436459465183492
0,0.1658985157032985,0.0431457701826045
1,0.5340291226566252,0.0072808021519702
1,0.434202032692357,0.88505576808409
0,0.9066710989316172,0.1030381186150107
1,0.9750092832616384,0.8640243830384073
0,0.2007699249940296,0.6046017496737146
1,0.3579789403921262,0.2609862092339942
1,0.5711221634626522,0.6142074240688952
1,0.7608056098970019,0.4572588090337932
0,0.7685262542781711,0.7348545271553932
1,0.4509787061973626,0.4056438945297992
0,0.6942303902789545,0.8063927869713011
0,0.384577432959539,0.4875272819215293
1,0.5850104064690318,0.9165769222949706
1,0.6193030678801135,0.0582278121612971
0,0.9314884834448236,0.1496266379304405
1,0.6249044691982318,0.1267452203166821
0,0.3167106655304835,0.5580453823654814
0,0.9184025152817116,0.5830031287852716
1,0.2114356522070812,0.375701929328459
0,0.7660666463571865,0.2987722185242557
1,0.5659318761663232,0.9918794904137982
1,0.6796794017105656,0.1107723749437058
0,0.3405436341044515,0.6466616548615715
0,0.3802451061187395,0.1393197577346046
1,0.4777066560258801,0.1997336109684065
0,0.9230849849003162,0.1124874661883166
1,0.5189240238100278,0.5722493462021622
0,0.5763137581136768,0.8099225546689376
0,0.8024175928757041,0.0594292189103261
1,0.6981336136717529,0.5488067471788458
1,0.1489110136550817,0.5452186535865472
1,0.5976983736558956,0.5440771734240641
1,0.1348015679893827,0.4839184519244229
0,0.9417838908719872,0.0001106572166933
0,0.9716301766114,0.905603403755148
1,0.0496118234562801,0.9713764375885034
1,0.3218648478537738,0.3271097006985854
1,0.0196103155797765,0.5617874853400658
1,0.357227286901534,0.3777569909399859
0,0.474347876359587,0.2495507044856958
0,0.7122436847996392,0.3828149658781564
1,0.3541939517549949,0.2279413060674643
0,0.2999569183236558,0.6403314121608487
0,0.8774923612245988,0.6705621314344917
0,0.3365673410353851,0.5678347072656691
0,0.7386994205702969,0.3366377067945626
0,0.5255574859009687,0.4450672699543759
0,0.8767699628623238,0.1316347497936298
1,0.1399835777654329,0.4864501568143707
1,0.90076855661328,0.684341600780402
0,0.3459326022475854,0.1640031653898765
0,0.7837884565578301,0.3729424544603528
1,0.176330461477338,0.3000120237686321
1,0.3819785866449717,0.378913839953547
1,0.1335584844820675,0.1388978388868149
1,0.4815310371200472,0.5793949914771862
1,0.5073061865409026,0.1743747319236444
1,0.2495735005646716,0.2645342871413472
1,0.2744369440211861,0.7414826055596124
0,0.3900295239518453,0.1161245819372281
0,0.3438428425206885,0.0658150987794919
1,0.3635097606713759,0.2352336020893585
0,0.6045040799754184,0.8474212562385147
0,0.5934966847480968,0.7685599287084232
1,0.1531990860079034,0.0750480212070257
0,0.6191759142781995,0.323570401249614
0,0.5814928461248982,0.425319884945019
1,0.7664475791936727,0.0163130661765782
1,0.6838223321742485,0.555403108434444
0,0.3153481543367931,0.6284971733502073
1,0.4282907273589142,0.446372110667088
1,0.0621241302375097,0.9819451558171464
0,0.3842328335760265,0.4549748878667294
0,0.3954229640625994,0.9143059481023617
0,0.4573632763982088,0.9247660994453716
0,0.215281158626124,0.9584535017978448
0,0.2607589951019682,0.0291867611426759
0,0.97228516739953,0.1016748724429418
1,0.6309144528217833,0.150322733053972
1,0.8419454283577112,0.3339412825318744
0,0.7937901429841054,0.4873449500822301
0,0.3604312318360112,0.6603858611638959
1,0.7610340740710827,0.6283230287266894
1,0.7505186816567656,0.2094727238279999
1,0.4320812910629634,0.3167172995392667
1,0.9116076690371158,0.3473434685897471
1,0.5202549589499276,0.600239833122283
0,0.5089029286931784,0.3659942940531928
1,0.779794665637061,0.6383093585310925
1,0.9344330507585676,0.7943413594236765
0,0.8403369497723041,0.9019227879495764
1,0.0974358814465846,0.0229973107348218
1,0.391274390429976,0.278133245059286
0,0.1433243277521251,0.811188273238565
1,0.8538350168426373,0.3029952613884691
1,0.7881715119377024,0.835391399498555
1,0.4831201314678091,0.6065275536966585
0,0.8698876615586189,0.0312895414461252
1,0.0226809506309307,0.023426301735355
0,0.6004378377751279,0.2266260093287131
1,0.1188659347009905,0.1339154492167619
1,0.9487718206724493,0.3529739876707248
1,0.1359516600355848,0.0598409756998755
0,0.0150127064971838,0.8854211536286718
0,0.3486083046558792,0.6598913318781635
0,0.2372653356529908,0.0197467142186328
0,0.0566467779238916,0.3359823378946628
1,0.6052722531133016,0.6352109631626157
0,0.258766822315048,0.0741894753391813
0,0.5509111700760762,0.3558658351297474
1,0.2610771957843794,0.8545963191629556
0,0.2828618978406365,0.9708177480740569
0,0.7114256217039749,0.6746400842582025
0,0.8966770890771355,0.6263453613832244
0,0.3815081497426134,0.0394864772555924
0,0.4410408719867508,0.0500585754890514
1,0.8427001385552779,0.2804439031351193
0,0.3782155439646611,0.5720676834133837
1,0.0578988795950122,0.1962967836582737
0,0.5881535364045304,0.2670011605971254
0,0.2453649563720309,0.0134162644626184
1,0.0115884008553251,0.6505798045960791
1,0.8297809794679789,0.2370379138238547
1,0.2396324300238573,0.857561687676945
1,0.9553630890028364,0.4133893416551158
1,0.7614806455417198,0.5450385367264726
0,0.3017993035145879,0.5002518250565363
0,0.6649593460102391,0.3671234568990504
0,0.8423950431755743,0.107090136161124
1,0.5179523164316181,0.5178576431889504
0,0.9660582837630316,0.6269847984124096
1,0.6911307701438522,0.4521856087306728
1,0.1722262513960629,0.3769319277190264
1,0.8455933687264743,0.3364791346499225
1,0.2327555492752501,0.851201614782252
0,0.2124627120455522,0.90029909094943
0,0.1822915607231898,0.9080057527446908
0,0.3468741667630521,0.0984537479395096
1,0.1917520515043824,0.6804381762034757
1,0.8514975760104972,0.8302411691186673
0,0.8408806886805178,0.9003202822727623
1,0.1600275641857761,0.4425792083515836
0,0.3142613544804752,0.6342942509005576
1,0.5684103605975535,0.0517085016710043
0,0.8106458681321523,0.901174465735074
0,0.7705979633444174,0.3514088157897027
0,0.1938793666502017,0.077521863545656
0,0.3056630148888388,0.562226215146313
0,0.4451911533003129,0.1806485294282029
0,0.2807747326847314,0.5754330850343792
0,0.5109889354139288,0.4101910772251267
1,0.7095221734144228,0.569324386741518
0,0.9058732755591524,0.1031807225716945
0,0.7139372264331344,0.7759458396146706
1,0.751943201985169,0.5138123100053676
0,0.8374015697415959,0.188020982678585
1,0.3067228709072624,0.3069644918766911
1,0.0736068267457678,0.5474711222306852
1,0.7103469634622402,0.0342678224066312
0,0.1421518401846319,0.8338734223202496
0,0.8052061492762119,0.0197948360265765
0,0.2637131637853436,0.0732614421859348
1,0.1271650639132798,0.6308201415087548
1,0.6996472767587687,0.0800722967410058
1,0.6618606571650527,0.5934279841954255
1,0.5248149333680295,0.976591615356092
0,0.7976228854615542,0.0203290408263948
0,0.9032911193324776,0.5926675664638621
1,0.484282060381055,0.0278067187778509
0,0.2884049984968067,0.4949503479532929
0,0.9487071482786036,0.0907299736964432
0,0.9229076120906664,0.0877919266814046
0,0.029800419541234,0.7940909655820396
1,0.1354802173872492,0.4682081933348097
1,0.867991807475956,0.8060837065724207
0,0.6305573597041729,0.8578171937289066
0,0.1317410287543565,0.7130117473688933
0,0.1479509474663001,0.3370746709006261
0,0.1968738164838213,0.9613246117942986
1,0.7397264696474803,0.116538926001258
1,0.508259239882769,0.5805161514783194
1,0.145200693242566,0.168339466881198
0,0.2145873957633913,0.5638942082118595
0,0.497942777639072,0.4184362526724033
0,0.6828826231595648,0.327395366590766
1,0.1097028289860737,0.6621261563482842
1,0.8365082560964443,0.8656270839442324
0,0.3671601461242698,0.1746484377977845
1,0.2687281615464362,0.3072918250796714
0,0.9232270427167852,0.5462828227988347
1,0.6491694543207781,0.4849807208666932
0,0.7817363818288253,0.2373370111923531
1,0.248690168965649,0.3357040034123206
1,0.4022314111508169,0.3708066054263659
1,0.7782092817995137,0.4702960932155389
1,0.9907542886456882,0.4364217681736829
0,0.1116596604162049,0.3904060500111751
0,0.6062824131533552,0.6754034653534904
0,0.1941510139927855,0.9565477099756804
1,0.4936004408843293,0.2148833869737585
1,0.4410559805862023,0.7654686987481176
0,0.4718124033772337,0.2399888152881063
0,0.2639461035291108,0.9644976470645318
1,0.6041083295204772,0.1620683290349083
1,0.9867109403665006,0.4017995895438825
1,0.0782104667805465,0.1006632769227878
1,0.9069858979942912,0.2830558418728671
0,0.4290209794663231,0.0112080485785674
1,0.0593686537695838,0.0891991149916761
0,0.0942011526259009,0.7042675195680501
1,0.0036566687400263,0.1485325510150544
1,0.4671275753207761,0.8567422461236567
1,0.8104924727070195,0.7649127082442858
1,0.647489666281254,0.5246197883211293
0,0.9528697724532722,0.0351294754031574
1,0.6539743702531952,0.6337209156702432
0,0.3989629793754617,0.1029166715350543
0,0.2918165758202191,0.9787089742829383
0,0.4215806421809192,0.1001692998573871
1,0.4134100551743048,0.3219996381567772
0,0.6084938331453755,0.2329191754861069
0,0.232707961752125,0.0539343476707628
1,0.4209320180568958,0.355370407536542
0,0.4117615475785491,0.9640650543882366
1,0.1468277092898746,0.134914566925243
0,0.7736006405701606,0.4105936079730878
0,0.3050796355289807,0.0215243011257552
0,0.8088738432400966,0.5882392393917053
1,0.9017238574870384,0.3862484335906678
1,0.1686220265190192,0.8108336957524522
1,0.2496021101754316,0.8038340417097467
0,0.0418020904610245,0.3287940136582191
0,0.165589736377103,0.571761008395029
1,0.3339768224804043,0.366908410229582
1,0.2248413208160573,0.8056765994316322
1,0.7009580355487668,0.0675032253402979
1,0.4153498899138296,0.3229657037257371
0,0.534027889476206,0.3390681699309164
1,0.7353893392810152,0.6223943326429011
0,0.1718552859621585,0.0396063680745655
0,0.4154487272791725,0.6197424145287638
0,0.8489269903249106,0.4748270111930569
0,0.7829559510070071,0.3553016487756837
0,0.1919752743381507,0.9626896511282896
0,0.816046735536089,0.4755350846876078
1,0.0032128626372261,0.4491271411481959
1,0.0219371330098298,0.592710127241519
0,0.7684421459541241,0.2285041789364319
0,0.9655094714728208,0.0695126768353745
0,0.2701145961538277,0.1676160125451901
0,0.993479776882078,0.1923541149473191
1,0.7355970578776522,0.0028718398346948
1,0.075241031186536,0.4867872405990007
1,0.5050847229312456,0.9628951986743912
1,0.7048898841128552,0.6467568499553488
1,0.0037919280622344,0.1333453087783576
0,0.7281969954639648,0.3702907502145094
1,0.1448995094369475,0.6661106435275626
1,0.9715780021480735,0.2401166218525476
0,0.3617022205394964,0.4665197656812826
0,0.289896951876434,0.9673853134286524
1,0.777671047898801,0.9150092892153204
0,0.2549772138978745,0.9887767229052136
0,0.8094901125366131,0.178567467104463
1,0.0632710991994012,0.102086230151564
0,0.5699427418393591,0.2873885765325843
0,0.1606486691432329,0.6103932586464714
0,0.6260505694441993,0.7791740959079952
1,0.1693917856487627,0.2347031194882702
0,0.3789571771670772,0.1548501137009859
0,0.0831402177518445,0.8336842756872215
1,0.5861617976704118,0.0432597842611951
0,0.029777030412468,0.682437649239268
1,0.4251552895679789,0.8285054169301799
0,0.933838792721825,0.5319472368491291
1,0.8597381861278331,0.8685680142483164
1,0.7313905926520646,0.0131946196154857
1,0.0099846772393048,0.4538767653785437
0,0.9888813479303006,0.9471141198478946
0,0.3998935546300638,0.9245083141046458
1,0.6756955287811371,0.6716176456114631
1,0.6610253235780047,0.9629362256545642
1,0.4549972603516801,0.3852747862807855
0,0.5214424354100304,0.7444896430322306
0,0.9136209044236212,0.0416311618416912
0,0.8619541091703763,0.9644754901329812
1,0.4828145539287957,0.0730957024842373
1,0.2358159055775593,0.3801644974789923
1,0.6609256715280832,0.1010908084506057
1,0.1608136983095768,0.4176319278960001
0,0.033975186838255,0.7631501089348709
0,0.6673638105017143,0.6922589036697865
1,0.1260035323305982,0.4921900571997578
1,0.6850330345770614,0.1022730849361838
0,0.1261621808557873,0.8794579716469195
0,0.8317111097901146,0.1171252868068742
0,0.1317692581369571,0.2578350636841455
1,0.8978167134414465,0.3248202478155125
1,0.9866885629350396,0.3035176545664564
0,0.8800188512175169,0.5892830892518169
1,0.5638262388007289,0.551032527604341
1,0.8949868615982396,0.3399018992226248
0,0.9603373069737025,0.141987463664477
0,0.3592345462313243,0.6409278481903868
1,0.3005319784636757,0.8914622169776665
1,0.5736303516155082,0.159969819302236
1,0.9126604139303524,0.3471186948341278
1,0.8968506067682726,0.8249109682993163
1,0.5672497777160888,0.9679884704711772
0,0.04455975732906,0.8317017211522887
1,0.3539443960304176,0.8639807921526365
1,0.8116431914877718,0.3488065791135508
1,0.7817170678525152,0.156248721225631
0,0.9467569450097514,0.0591766008359634
1,0.1108642201910573,0.9968890574091608
0,0.81961684494315,0.1184824317826448
0,0.873967067926376,0.1057093658414207
0,0.4700085126501938,0.2101169489573098
1,0.5553938706109535,0.956564414423533
0,0.2249511851171107,0.945547333705334
1,0.7727991402803223,0.1546335781449278
1,0.6736026934432087,0.1225747685515835
0,0.5243920098998911,0.2566717571624882
0,0.8682343091568555,0.0802457567587879
1,0.6482237167590505,0.5987422920199157
0,0.210469493157399,0.1995776621594533
0,0.3083660502260116,0.9964909265131516
0,0.2649050653145753,0.1240207819857482
1,0.8049327235744967,0.775269156625437
1,0.687242648756385,0.0008938856493646
0,0.3483070328267509,0.6054601630356181
0,0.9233803908175976,0.0509159013830329
1,0.0030074257320007,0.6579222899110049
1,0.8685997304780271,0.862841593899521
1,0.7628445454294634,0.5268472915273084
1,0.8732925973786028,0.4043429795244152
1,0.8270074751535126,0.4440227139013368
0,0.9789355060112926,0.5465119516281155
0,0.8611654160443669,0.0220577929828998
1,0.0549424444973862,0.1653199154430013
0,0.9948810708287028,0.1990510065715913
0,0.3290906237033744,0.5447507695762709
1,0.1697950725415017,0.4200433231373359
0,0.7265306048839324,0.371843365541364
0,0.4059596259930702,0.6394281169713391
0,0.8642073650363212,0.9882436887020982
0,0.2424655019867243,0.084737559671489
1,0.9081164568241716,0.2374383781938061
0,0.8954865260992444,0.5592037843885451
0,0.0713793119060783,0.8098563452767685
1,0.6016452146075473,0.4703801000034266
1,0.0327420193025068,0.0705068555201593
0,0.7542788645120302,0.8942034751049115
0,0.3184076128471578,0.4828021341209996
0,0.3040910533956701,0.524265564895245
1,0.028491188105883,0.1758494571517961
1,0.4901528501007024,0.2063193908317843
1,0.5735160413473948,0.5284654117486919
1,0.1846059711405725,0.6969535001402026
1,0.4381075681131315,0.2353488477033316
1,0.4084553591642919,0.6819286914889703
0,0.2786246592627106,0.53848610510017
1,0.7126759371449222,0.5128603447284403
1,0.8288729276176668,0.8313486661696566
0,0.5499919520051433,0.7152220942619136
0,0.323958737705627,0.1124552411579864
1,0.0781051062846516,0.9563299217583776
1,0.8961271801678308,0.8106928784618671
0,0.1741067756283346,0.1117291799858515
0,0.1801734149501409,0.5273180742217035
0,0.163024368200141,0.9862310283599578
0,0.3545538160776496,0.0743016745804844
0,0.7348359896130837,0.2861017008450797
1,0.7233424220734423,0.1844078144830848
1,0.9984684141556028,0.3846595031779677
0,0.9360250045513652,0.0867230189646386
1,0.1258401639145991,0.0024805256250333
0,0.9616323509414048,0.0219457388801979
1,0.5171776558372514,0.0694139958659371
0,0.3744356481076308,0.9020287420643738
0,0.2940482411841101,0.1965300919241012
1,0.7730164483149211,0.456830432369996
0,0.9568090615881562,0.5192826421077906
0,0.7965475059020057,0.6035470884957589
1,0.0824047778354751,0.5111448050811996
0,0.1769247242912242,0.5275034451322306
0,0.521849963966983,0.8105909815133844
0,0.8840175904407379,0.9247071642056002
0,0.4037433372757241,0.1887935531864528
1,0.3529031052032234,0.8013656872071261
0,0.2280770861183378,0.9430819653629088
0,0.3337945506307713,0.6124029203916652
0,0.7479231343975792,0.7507909012269499
0,0.8489379916078437,0.6290655492285143
0,0.3656752139905671,0.5913623003375976
0,0.9196620151292048,0.1249443632460235
1,0.5123775598243954,0.4721329808334774
0,0.8964948000193852,0.4829973813452992
0,0.4063655468644882,0.649724548590391
1,0.2263305584099515,0.4419366929433771
0,0.2406844831896818,0.2021021512846804
0,0.5881494367294847,0.8203314857323827
1,0.6652981521768292,0.5907983740202882
1,0.436095977038203,0.3904864562019793
0,0.2457703467982039,0.0227863488351979
1,0.5119853950390398,0.9359978543587966
1,0.719750763438631,0.9526555004347144
0,0.4904218568612383,0.2561428040888676
0,0.0073788975703263,0.8418027109068447
1,0.2535868667019032,0.8862208910259284
1,0.6973434281144161,0.1021839931182558
1,0.8270348923381757,0.4431127357035235
0,0.7533720113624562,0.7503702211581895
1,0.7729477654851707,0.5098852381277399
1,0.6068197879055678,0.9686837544845032
1,0.3569511888896236,0.7127824161584593
1,0.6796038709067005,0.5627582648786504
0,0.2777658883609464,0.6568569128230952
1,0.2796685594869041,0.4287385502521056
1,0.2403542965428373,0.43781397663971
1,0.5292995221132366,0.9961537050730505
1,0.4644953630662394,0.8115348382995807
1,0.8125556199425342,0.7048953194191949
0,0.1197950461915519,0.422111271155683
0,0.0835756589685761,0.2869688250382431
0,0.3050192416488236,0.1516158616456758
0,0.9175057535181098,0.5554530301365739
0,0.4155975677344865,0.8987563099760205
1,0.093496901523581,0.518281635809998
1,0.9227477246131432,0.2711813345532574
1,0.8730330179283993,0.8794297406481675
0,0.8981105900357919,0.54030786461499
0,0.6640470235339665,0.2445698379107799
0,0.8062551571150269,0.0465337765085797
0,0.2612365946204346,0.5977638874841262
1,0.5707090346482275,0.1042648633334888
0,0.1673063520788631,0.0755832188977149
0,0.9411383827123542,0.1246701987094905
1,0.4889440701031771,0.0383220211092235
1,0.4028036594702234,0.4334350432042779
0,0.2209876382549722,0.1782246295203474
1,0.5021310285314198,0.0470598077242657
1,0.3288147539754557,0.3146880584309398
0,0.3066300639722567,0.1925696101362989
1,0.9707116787275212,0.2871116398111071
1,0.3173006588385252,0.8812460582031194
0,0.7862637192985638,0.0018011399956148
0,0.2164003035101658,0.1385246474140484
1,0.6215153318410253,0.0722739899482302
0,0.1184892946850872,0.7948628054698756
0,0.7690054817022037,0.3331810714915898
1,0.1482806003158305,0.5222082261914953
0,0.4287996021881989,0.1193475365566882
1,0.2805909626593659,0.797284463984775
0,0.0078978962669519,0.684103368592669
1,0.637449816995504,0.9048656232338688
1,0.3108241445397615,0.8734898976555768
0,0.6028317193369032,0.2339048804950755
1,0.1066314739910961,0.1093545692745181
1,0.9086652408490208,0.8624170026984033
0,0.6417020498217613,0.7835608019487966
0,0.8501060655560515,0.5653545347130677
0,0.3175888327556837,0.2176612979560489
1,0.5975565498044689,0.9841990313903928
0,0.682212485501198,0.7544558015172992
1,0.2587928421853213,0.8491245922553257
0,0.1335165626786475,0.2993137315772666
0,0.9997421121737112,0.9410108683158628
1,0.9849476756642984,0.3455370890169377
0,0.4593913790020241,0.4819704321311786
0,0.0357270376682908,0.3484928281265351
1,0.0684451434875373,0.6017763718080628
0,0.7511461966872848,0.8558124224324938
0,0.9870859631970352,0.5080725620736976
1,0.5581543517086589,0.9429941725011666
0,0.0308556085297059,0.8126149280482892
0,0.4729166569817493,0.3437155456864075
0,0.2845589056690391,0.4879488854531038
0,0.4510230226636099,0.168463571092129
1,0.4397141470569836,0.7607594202555579
0,0.355112875651801,0.5781397550826839
1,0.7115714623730942,0.9559164367659536
1,0.8995424294134216,0.8668228118078298
0,0.4826394134857719,0.246856536338529
0,0.1363865745091222,0.8037002246045031
1,0.9161990221674122,0.2435069247888651
0,0.8884071845111543,0.5778118004666454
0,0.7175068966120169,0.7152679603683446
1,0.5756888685161364,0.520421829018284
1,0.710226214658797,0.0222026999732369
0,0.9539549284315308,0.9927896340225412
1,0.1061012066808925,0.8980421339615305
0,0.5683908171006773,0.2651354635093317
0,0.6278509068603255,0.4223621957457284
1,0.5676101633169082,0.5411938342418683
1,0.0054053125489663,0.949282630825588
1,0.1716505626623519,0.7556344580743218
0,0.2775189237090604,0.6420418525836589
1,0.1857787783203219,0.8812952702898181
0,0.4102278556670723,0.1494042836640569
0,0.0658628529707088,0.7073185261787993
1,0.0612898416049122,0.2239578771862862
0,0.6909983110679971,0.2700919233475184
1,0.7051026606513693,0.9532185809362188
1,0.658168447008266,0.5631043962395825
0,0.2188773734246463,0.5674028724408251
0,0.0966551984774334,0.3339409771039279
1,0.4206394566850525,0.6756968018517183
0,0.002907601638814,0.8003193518180548
0,0.8717074575755857,0.5237121942492916
0,0.415167066904991,0.5515069180905463
0,0.824941864192841,0.1534392344587978
1,0.3215382620876006,0.3889342097774267
1,0.2823062785513941,0.7899267429612896
1,0.3695821725710527,0.8752989665077301
1,0.2800569683838377,0.2543911922566062
1,0.1260286089066835,0.092679890241113
1,0.2518384671003731,0.8839665506410221
1,0.4172294430446338,0.2956978207974565
1,0.8341922979763366,0.3988512738931618
1,0.8223471320238799,0.7262232576452354
1,0.8566975793091972,0.2493628539925355
0,0.4371719467085491,0.1361640918459523
0,0.8068240664352958,0.0298573822151919
1,0.0228714577979628,0.4838798513218404
0,0.365555387103449,0.932916979004534
0,0.7944655870914054,0.224384210263337
1,0.2261363916211554,0.3691630629362121
1,0.6593822458132759,0.9443246257992998
0,0.3995431238609026,0.1561439431799077
0,0.9378288650037674,0.6314630085376457
1,0.225650865300513,0.2911386333026768
0,0.3922217384096932,0.4990069682361304
1,0.0805466306959588,0.9855267314568597
0,0.5586790413403665,0.7714170626641662
0,0.2440634777953025,0.1942245789417197
1,0.2632578141428534,0.6739064069029655
1,0.5960952495711264,0.5034406043862032
0,0.3703726801751401,0.1586137064687934
0,0.043494555669708,0.7860752039031015
1,0.0766336567496691,0.4730369214873036
1,0.2103154603912983,0.3707742437928937
1,0.7037821408208426,0.533635327703086
1,0.0650141746583953,0.987840317388678
1,0.0618710094650403,0.5845206947047894
1,0.0985532064267303,0.1521040902429093
0,0.5747513566102901,0.3315501024448484
0,0.0935367265572898,0.7162333279963631
0,0.7959924713796235,0.9660823387666616
0,0.0356386200211034,0.7310473639010789
0,0.7344753585702142,0.7166801407639191
1,0.8004363391052305,0.3675021639990625
1,0.7207840573903881,0.2039548879903777
1,0.5407239420526426,0.640203925856848
0,0.1040952808057363,0.3530785360328924
1,0.163408412172589,0.3994635198379196
0,0.6296954093887404,0.843380311497784
1,0.1084646219827208,0.956912141961401
1,0.1878214404194738,0.4215756910540197
1,0.460140169175209,0.810964868635357
1,0.6399394147201127,0.5000449338822944
0,0.4489741374895752,0.5411929858400634
1,0.8349477516028916,0.8487378623079399
1,0.6741131850095742,0.6483983127089525
0,0.3968329162723418,0.2218197566466376
1,0.5238018634957219,0.4609442096411958
0,0.2898087709168588,0.9327098916124392
0,0.7876118457768669,0.6564468643152919
0,0.2267741098640279,0.5291159891406406
0,0.9573673416866584,0.6142625815572718
1,0.9155934587306642,0.3927670581870057
0,0.8311532279700937,0.9157316368374584
1,0.1079674513404774,0.4503959846587252
1,0.4674867098515408,0.7434511878306597
1,0.0587239370508646,0.4967274855334476
0,0.2298671529174384,0.0468090278650475
0,0.0562274291118953,0.4179444119664349
1,0.6445409607052514,0.5625595687665476
1,0.1791086999125919,0.833460406470634
0,0.0829000218414122,0.2606348849004937
1,0.2117977726608916,0.4010347953409249
1,0.9123079730217348,0.2280317643155841
0,0.7526723988693522,0.6984966675233193
1,0.8560656792648362,0.2325841676883354
0,0.7468014055157524,0.2915419210879409
0,0.4462222166244222,0.5628056458712996
0,0.2056083784949349,0.5946745417828794
0,0.7984813167257496,0.0482226150953447
0,0.7996093969581662,0.0832324566932425
0,0.7000217000270001,0.3309339213133455
0,0.5389786359152681,0.8117203456397794
1,0.4301124987641882,0.2923910203461091
1,0.3297035353540047,0.749920895546502
1,0.0529202393863966,0.5119168803660593
1,0.5829732781407003,0.0330349161938766
0,0.6328630080303244,0.4366002190381867
0,0.0426542507626656,0.8377563805625686
1,0.3058968675155286,0.6749494407711116
1,0.928677578619294,0.2323709670034531
1,0.6811992675509322,0.0968593856140435
0,0.800074658473734,0.1124215007105322
1,0.0264522460167616,0.524043671026732
0,0.8895398697876121,0.9958912857785766
1,0.0464040946343614,0.4783248268392249
1,0.9301552872861576,0.3404691739857486
1,0.6495228967457787,0.5548491232137148
0,0.1234890173943489,0.4322265530558187
0,0.4415899269143134,0.5547113503579948
1,0.5014186113258242,0.6326181235402719
1,0.9969165093913092,0.2839115892078101
1,0.6212698827502875,0.4728559007534677
1,0.5062388699257394,0.6168167850206538
0,0.4672350746359091,0.6673718641633668
0,0.8609865467768176,0.0757083017921109
1,0.2259211065837487,0.7200378047063395
1,0.2719188658539373,0.3635613051560571
1,0.3939911358436474,0.7420426818639326
1,0.0819694019031898,0.2073976196179591
1,0.3500900489498983,0.760748576046225
0,0.8635268784830117,0.4936432085086867
1,0.4304303603276916,0.8696659032672938
1,0.7468440468529443,0.0466286574437703
1,0.2539017273067291,0.7186974696653984
1,0.786809318476935,0.2896553249569176
0,0.8815709940098028,0.1201498259734857
1,0.1920701253378416,0.308181437707807
1,0.96733897564803,0.2941125328858044
0,0.7555810533423836,0.8874248986179886
0,0.9520588959069868,0.5482934187200026
0,0.1835367919116151,0.9119999562724168
1,0.8965527486665404,0.7913485502299694
0,0.4160625998880874,0.9141005161188634
0,0.1311509628104225,0.2801717656467738
0,0.7326071890314104,0.2362292506489538
0,0.8895836076862341,0.5191758202946817
0,0.3174217318235892,0.0317337650998109
1,0.8575948025508386,0.6874892531028365
1,0.5760865676633311,0.5769317347847955
1,0.1361554687446852,0.163405511583213
1,0.0293528968057347,0.109545710479066
1,0.4778652962142584,0.0521246309638466
0,0.6042119197635248,0.2945332799580169
1,0.8993202452722046,0.4383634448442906
0,0.0681604220857957,0.2876090861866803
1,0.0532229834498757,0.0097454034667824
1,0.4117523195851641,0.3867658617175918
0,0.4557631216755549,0.6478968884765733
0,0.6915197179803699,0.3820886940715445
0,0.7531445035434934,0.8143988759426364
0,0.6618044503538596,0.334210302820712
0,0.5266228343381869,0.728509450420407
0,0.8112105008258073,0.0774003489917454
0,0.0661878873675815,0.3005019495662336
1,0.3228174936921101,0.3984782322694986
1,0.6724192762339575,0.6333256472222227
1,0.7861544039904153,0.3649151248840462
0,0.90727134422987,0.9891414131390742
1,0.3539477472951818,0.8551329863561984
0,0.0531961836437011,0.3097812763952506
1,0.6484693800713529,0.9835206323305214
0,0.3015530092043677,0.6560865957051952
0,0.4567922785900368,0.4873554711739971
1,0.0078462095053855,0.5665759990797723
1,0.8197261413092403,0.7679839126761772
0,0.7464856538564223,0.7419270117819148
0,0.0347019653701139,0.3948915590227029
1,0.8842285273971048,0.4123246558671553
1,0.8443983479425093,0.4368866465654354
1,0.6905854951073204,0.6392925855614635
1,0.527961115756723,0.126145704467734
1,0.5203502593416369,0.6164942234934901
0,0.71907896558788,0.815942254061542
0,0.2013375970252712,0.4753767530910954
0,0.3099863061057811,0.5913335991796229
0,0.0122663762160338,0.3088526570936497
0,0.7107741946385981,0.3997739876921143
0,0.4730437198117453,0.3936790205513257
1,0.3605639332364602,0.883136752216047
1,0.8374686490875606,0.7387476009669661
0,0.0044839997674666,0.8337942157645707
1,0.4757376432447689,0.4518491638769851
0,0.5223907121329865,0.8642396221723326
0,0.1194303505481314,0.6952837563317086
0,0.254386722827341,0.5477946555208018
0,0.8951566036985062,0.4564397905536334
0,0.0236711494126343,0.7721843528810087
1,0.5431829107256538,0.0022620793018649
1,0.533982798049835,0.4711737092203714
1,0.2700075229264753,0.7857946921130798
1,0.6723415536236679,0.9457615935288628
0,0.9173394384302112,0.0349248297855419
1,0.5952171688741477,0.9744264443120652
1,0.7961432536181761,0.7944794970830705
1,0.4139871510253262,0.8737872440714886
1,0.2087109082935144,0.4001515575601772
1,0.1385927958859383,0.5172712312471317
1,0.4121562159504363,0.3828750910689695
0,0.4062914844729113,0.5667384401832164
0,0.6560629658190247,0.2488212183144812
0,0.8774896319537534,0.6025506053147933
0,0.5639139555969324,0.4453027074660654
0,0.9945593604912176,0.9307084225222808
1,0.0759668170747143,0.9031316830662496
0,0.5052257736564592,0.238321117399451
1,0.8866020444779119,0.7880544985699608
0,0.6652000170614419,0.3161591007297285
0,0.7915022797816446,0.4739660988240403
0,0.0816690436019147,0.4194801228680183
0,0.0346915634950917,0.7238154538805728
1,0.7119920064585314,0.1576275848637222
1,0.3508351965042254,0.8670350827891576
1,0.08515924026505,0.6342327098101471
1,0.325676060964492,0.7059881181849975
1,0.0872236696422233,0.0987807520689274
0,0.0644494218036906,0.7477999320985383
0,0.2528450853009099,0.9025590571223944
0,0.6455098199621625,0.8841857953611407
0,0.2724085931700113,0.0290819524680439
0,0.0396337932342977,0.6996000230143321
1,0.3276266716009101,0.7778498934805941
1,0.4304032793522373,0.7323026190427199
1,0.3199193607693738,0.8956140638755082
0,0.4274069487541579,0.5443890661389923
0,0.4511721148309527,0.9627335108741896
1,0.6242203850950058,0.6611703670263729
1,0.4040548221321617,0.8078413961966476
1,0.7818735936720074,0.1420080481945376
1,0.681214106562674,0.1473465082546191
1,0.2629000638130219,0.7518269732683531
0,0.5097134375400811,0.350807848932215
0,0.1817404264728516,0.9281990843500424
0,0.2634084702916068,0.9536467528652144
1,0.967770080837899,0.8157171151043053
0,0.5914217618035854,0.3917048227781302
1,0.3878329593679173,0.7933440607370412
0,0.0959782514178566,0.8057225824304114
1,0.5986885145485504,0.9235715757443774
1,0.7501173484980078,0.5033846271657393
1,0.2128782465234849,0.2458248230567807
0,0.3060319190634064,0.0820605046577883
0,0.6154762143240965,0.8066991895133167
1,0.6767434100680284,0.9592933276127796
1,0.6502485003829972,0.5028960056616056
1,0.3809700272757749,0.2709692867879628
1,0.4002863513946986,0.4165783271328006
1,0.2602301855761272,0.7872030372813875
0,0.5967321871449839,0.80442140394078
1,0.7449488028769911,0.469041341554488
1,0.3537712335526008,0.423077757644973
0,0.6544651200575253,0.3089178011202023
0,0.9005971508979146,0.5573833807231088
0,0.944944569714122,0.1029844528751587
1,0.2834042902337935,0.3164563888974154
0,0.7407919671683156,0.8780189130333281
0,0.3089186824754446,0.0936940240471727
0,0.6988239721851706,0.2529339297161646
1,0.0848363551397407,0.9442768593705414
0,0.8388901909382462,0.4858956331416743
1,0.3431275940865461,0.273578933464973
0,0.1646007923775392,0.5665915736557876
1,0.0363733028497617,0.0156759085324696
0,0.1138850953536435,0.8751395903432112
1,0.5393025337578714,0.9921136987232652
1,0.9580789079573488,0.7597877634824295
1,0.7086940118141819,0.6158831124936927
1,0.0214415191821951,0.1090751947073237
0,0.0283577009084563,0.2866789202479369
1,0.1976353106282979,0.7156628973524971
1,0.2002036317801596,0.3116586846743423
0,0.8193733050176542,0.1467799425814718
0,0.2002227305807745,0.5119700676401844
1,0.2453505563909902,0.4214245599404873
1,0.234906237422914,0.8534838355718207
0,0.4850414505384238,0.3713973804074814
1,0.601378255157957,0.0978066165579583
0,0.4295173147164429,0.5189187357262023
0,0.3986531153334165,0.5610635003959741
0,0.299438208155093,0.1246541614504187
1,0.6602517549265501,0.5104419220077967
0,0.827799708827094,0.5207044394193497
0,0.4357732396320835,0.1609531152801633
1,0.1902292698512712,0.3026278331548775
0,0.9629065865282812,0.6698355728465281
0,0.0555352267819916,0.8566740714282503
0,0.6581337142697524,0.4162340357373573
0,0.9144293645145852,0.9304882635959362
0,0.8908842110598693,0.9807318060335446
1,0.0482404316438976,0.4636750005132896
0,0.9208218475111064,0.92632965807701
1,0.9658273060139168,0.7083364885822405
1,0.3579321488262886,0.2734597023782706
1,0.6985708177597267,0.6718444594712503
1,0.3592159588943483,0.2684271452137102
0,0.4615031494674625,0.1610323722098057
0,0.0836551161459083,0.7730822191968201
0,0.1637051541004566,0.1626197939991637
0,0.8963593101399576,0.9364486316618764
1,0.4402654332152093,0.7639885865998451
0,0.0401988957666517,0.8382387483039986
0,0.4480945274396208,0.9437425665328938
1,0.0273014372289392,0.2227660567464184
1,0.0724429709182015,0.0905369815347586
1,0.95718793069022,0.8307001660561564
0,0.1698462233191445,0.112174689944696
1,0.6575745554518586,0.1770612996017222
1,0.1118907254244697,0.048311076997186
0,0.8659513990264539,0.999007318775864
1,0.7014176584790186,0.1307606579183793
0,0.9543865453545946,0.027783895764513
1,0.9549873065932112,0.2244852639514127
1,0.8378687462620351,0.4479233407815974
1,0.2333484293916411,0.7968964489898354
0,0.8279942075535721,0.1948919615149115
0,0.240633958433605,0.5148503551737714
0,0.7828754741647818,0.7290510171082748
0,0.4885639306087881,0.3445696133709184
1,0.4529447863377244,0.7609138263372223
0,0.2417870022979656,0.4849310011463535
1,0.7696519060327877,0.4853172142817002
0,0.4966715522240611,0.2585168775914866
0,0.5001033545411326,0.8965593453632664
0,0.3444643551823463,0.6668876293478454
1,0.1740133455971158,0.2992956979393335
1,0.1918395853917778,0.7205649615417287
0,0.4442891611117514,0.499797311270799
1,0.5779300368743719,0.9025883948574824
1,0.6354187299128213,0.9894957544583296
1,0.2232095200049734,0.8947677135313314
0,0.9636608344633828,0.0002891553284025
1,0.9485777258367784,0.2491056102519564
1,0.5033134887024341,0.4820321638125939
1,0.3881910229769839,0.7014505876751106
0,0.4353864606262203,0.9626852443536216
1,0.9383163064570283,0.2322396052892928
1,0.1832232187039673,0.7879348495538239
0,0.8577590049641728,0.654594579420376
1,0.0203532735608279,0.9958873471807204
0,0.0274576569480369,0.7699882987455837
0,0.4226995334890473,0.4832147461908953
1,0.920119265267511,0.231242892847473
0,0.6693743357338963,0.423136301585167
1,0.5264878585832591,0.5248546889892622
0,0.4872687901633855,0.7539756728275189
1,0.4431311949365443,0.3364977904040461
0,0.5553134200332706,0.4387134089268582
1,0.1198592948994264,0.5395604286859058
0,0.1162200447303877,0.4027702740941042
0,0.340789590383752,0.547218518130192
1,0.9333171811518168,0.4415814667430148
1,0.4608036723056837,0.2645715412350027
1,0.4822042625599324,0.1741921681318337
0,0.6296783146458997,0.863877789397348
0,0.6431223038026229,0.828997338960021
0,0.8947605819414978,0.5738311003538791
1,0.0420873070556218,0.0064285837090036
0,0.8602281235818161,0.6526622766976112
0,0.3613799956377523,0.4567287732744906
1,0.7686883881596045,0.6119028022257302
1,0.1887470350232616,0.3604496940921353
0,0.1334203834595471,0.7392793446749506
0,0.9858175650868206,0.1553147508205621
1,0.6985218528481855,0.5901380437233197
1,0.5855825043584829,0.5346351141223352
1,0.8853061305732794,0.251329503114494
0,0.8522255789209091,0.1553000413805486
1,0.0023451628278732,0.6574004678104144
1,0.2099618057244971,0.3046415328153125
0,0.4308699298688698,0.9686211447443512
0,0.084941804901031,0.7426130708088463
1,0.5827696384801966,0.1731345507775687
0,0.3558476209223775,0.4757055557497207
1,0.2187450748607853,0.4379911709142176
0,0.7081186629793921,0.6752330120332025
1,0.5951885323350374,0.0528722210045091
1,0.5446831716138683,0.5919856865075624
1,0.6851830339858318,0.0995738803689884
1,0.5513068154290635,0.1804265437813399
0,0.442299880558731,0.2220152949594305
0,0.5763520314952426,0.8430472851612053
1,0.5476312512950172,0.6691074892118622
0,0.4307457274992285,0.9420436247792406
1,0.5484565455971248,0.4761773882638974
0,0.4198880830432173,0.5107686286765626
0,0.4585467129417502,0.9090203562210007
1,0.4620524280017201,0.3374863020385465
1,0.0375072578485953,0.4611875872611976
1,0.4525094397446372,0.7352277635224517
0,0.4390459856661636,0.115007493945149
1,0.6741282069800918,0.175341823803068
1,0.6307216199180921,0.0368027977819668
0,0.9830616775878266,0.1783226645357167
0,0.901620674214878,0.9266757622368932
1,0.7747427791855671,0.0194749178984946
0,0.0658264670089824,0.8691696262062185
1,0.2999315066718582,0.3890533717588832
0,0.5085910997799727,0.3589919897749514
0,0.1392739760284643,0.772331700370487
0,0.7659784046802829,0.7068636527272096
0,0.6889346986357389,0.779534383720031
0,0.3617484633625577,0.0897149442782658
0,0.7493911945455416,0.7035781436086551
0,0.8608832231488137,0.2092123296292437
0,0.408793039077632,0.9055215808327296
0,0.1046635815123266,0.7640999142437931
0,0.3230107576723195,0.5568444533333758
0,0.4075579566295676,0.5625095322207813
0,0.7688481166686034,0.8662594978874497
0,0.6740166684115491,0.2445180086073426
0,0.7474962748144829,0.3371868116219804
0,0.2250321393174518,0.966001862431
0,0.4545060211634272,0.1023628227036191
1,0.1423846854963587,0.9126461310068826
1,0.566786307447526,0.0363334073580893
1,0.392515167298511,0.3631555367456622
1,0.232334418060835,0.7361142971106264
0,0.1139674374212454,0.2532628100029969
1,0.8562269281858762,0.4147415383649715
0,0.9306207082467752,0.5507275369322857
1,0.2503463545316389,0.3830386042127781
0,0.97104042223931,0.6370170621403848
0,0.9796622849146158,0.0205657894306788
0,0.4850998069465205,0.4297329381171905
1,0.3724380006902585,0.729684904281264
0,0.4880965205497005,0.7143963559520198
0,0.0972809589376164,0.3198406000727313
0,0.915551993549543,0.6544961302554524
1,0.0314321039907462,0.5753977680675043
0,0.420750673845333,0.1914609556445503
1,0.0463414591541605,0.0123123506838713
0,0.665749696062819,0.2756502346809932
1,0.3399437811109542,0.4398589417908467
0,0.0980710960864547,0.766876463279578
1,0.186018256872029,0.2888659686815799
1,0.8054724156684432,0.3691292645010653
0,0.3378288746885317,0.4791580074333167
1,0.5085077650001033,0.1372233262693578
1,0.4468708103105412,0.7962445461606275
1,0.6736618282575308,0.0079580189019494
1,0.2982826494394431,0.4122457193944185
1,0.8660896648027222,0.8879865280107068
0,0.3745619957646423,0.5811559652297674
1,0.2267478225453298,0.3742830245175637
0,0.2562790067008003,0.1875962268282266
0,0.5417524270645362,0.7493886810967164
1,0.3943630610423988,0.897279739169611
0,0.8828455306130074,0.6552222302110959
1,0.3647509642351974,0.2911297966192416
1,0.7963008067881752,0.6804086532680177
0,0.3876532267398545,0.9562113158808974
0,0.5538627512966011,0.3666817208308904
1,0.2639839281768286,0.3834169035454652
0,0.1955797707065785,0.006745324710886
1,0.8514759224124281,0.3658277365973592
0,0.5975451213890568,0.7417065792442796
1,0.1337166905589192,0.6344386088613805
0,0.4226021943725478,0.5574838783374632
0,0.8572612946634471,0.0807340596514358
0,0.3481859533545031,0.6398721263696673
0,0.1522581678691683,0.4333547123467468
1,0.082235697911897,0.5465564806736991
1,0.8576546441522691,0.3307869978127895
1,0.1781518930262635,0.4238894149169735
1,0.8251330756598669,0.8368264416448464
0,0.6066659805940513,0.7947564383753137
0,0.8884163619691882,0.5048755664232326
1,0.2619112654686529,0.2712858419940234
0,0.4360184896161585,0.6300171028126877
1,0.2323608142267076,0.7367092901866577
1,0.6007561954727535,0.0536584077473197
1,0.8618760589343917,0.393865816400494
1,0.9140352425194288,0.2610838355731713
1,0.4261863436229056,0.25963657018646
0,0.7488602554439059,0.4016702152316613
0,0.9354275136418052,0.2184469571096177
1,0.2284912032091091,0.2556435814181413
0,0.198221015261571,0.1438475521983359
1,0.4918938515777705,0.1151356128177036
1,0.2880791967840923,0.2778583591342087
0,0.1695509940198,0.9001671722030392
1,0.7740710425430032,0.6046703071217598
0,0.9598075504862958,0.206957928777744
0,0.1824720641825026,0.6041908069217237
0,0.4300723106957348,0.1120632366977267
1,0.2549574189647569,0.2315044816777295
0,0.5650593952520143,0.8458609539148314
1,0.7173222137591626,0.0619355394988752
0,0.782607092455838,0.2679237920301289
1,0.1412341923484733,0.6079421904765658
0,0.5208756074128161,0.86157016400297
0,0.194301004470183,0.1744401084632231
0,0.7247228818579216,0.3142536610834935
1,0.3568316488548781,0.3352144391501023
1,0.0309754203099394,0.966920432165269
1,0.6995317614614525,0.1211200771107321
1,0.4834587147871244,0.5333315523499295
1,0.2786270596115134,0.8299485486505304
0,0.2242257629187283,0.0845566688949236
0,0.816499938516892,0.9659798935765525
1,0.5645507616217895,0.5844900115290071
1,0.1087003845904474,0.6394707435335811
0,0.8079357024385766,0.199019942028406
0,0.2791974131258543,0.4530170629782157
1,0.7926585447305131,0.3788341450598679
1,0.8050437697578374,0.4333461541977265
0,0.7561902798435518,0.8528908695288815
1,0.9311088579687908,0.6905293197678046
1,0.2681938785840603,0.8819887809630175
0,0.0144902160283997,0.897032814166288
1,0.343350722533673,0.2898990084445552
0,0.7786096191078623,0.2600725522663798
0,0.8583165867269683,0.472024594397638
0,0.0047473429097091,0.7959819043738183
0,0.5106319365184656,0.2625478359913029
0,0.8252162443547918,0.9319249382267812
1,0.1571028554373069,0.3329799389470739
0,0.3396117966059339,0.1334034701596402
1,0.6423367178144362,0.1436784704597421
0,0.3596126096683822,0.1551932420190209
1,0.467820510093333,0.3297412049751724
1,0.6115506253854012,0.5363429345393352
1,0.319025773991995,0.6766561848648713
0,0.6433105946022505,0.2904552143251959
1,0.4032711394997726,0.3262905337815595
1,0.0353406462056976,0.5809489174817285
1,0.2936067935939708,0.8245085193278161
0,0.8240521835111606,0.9269687182597084
1,0.819511102087112,0.3323915395768583
1,0.6486875599822809,0.58912593252298
1,0.468930186102144,0.7800667384281703
1,0.8904322415737476,0.2648104978141395
1,0.0404224912385997,0.6347732061408061
1,0.274556673427793,0.8950263334431354
0,0.9772828872371664,0.9425206359269068
0,0.8724667942984312,0.0196556181789161
1,0.0507508188752618,0.0965885519728316
0,0.1672763481182355,0.0717957485589287
1,0.614566606606308,0.0237264148116952
1,0.8015600712341708,0.8569554918070816
1,0.9326828872263404,0.3117700416475207
1,0.5311686450930617,0.0500174075657093
0,0.9794379819368744,0.904885025285562
0,0.984323079117024,0.5973065428540424
1,0.30227952060642,0.3443460846160878
1,0.5884122492232008,0.5756086575608579
1,0.0662334337237567,0.6210298743801852
1,0.8126362287957828,0.8468977045190046
0,0.2976755523775104,0.6396895200110205
1,0.4532004159777533,0.2674451698290758
0,0.8917384701446601,0.9358468613633952
0,0.1445649280208886,0.327956406604211
0,0.3674090111366264,0.0831212124778156
0,0.437346528944785,0.6701816999937172
1,0.318341155148879,0.378710472146911
1,0.4221219609924577,0.2816003593377326
0,0.3923211803017726,0.553639435383402
0,0.8083682591447561,0.5979526501010983
1,0.1799230289773558,0.7685625213827851
1,0.2115635568075194,0.28876417616364
0,0.0707023149998189,0.852658352015119
0,0.4043550081779572,0.6478592217411452
0,0.8337240110960887,0.6142778036955728
1,0.6802755640464728,0.210026879739542
1,0.6338764638142824,0.5729878745107344
0,0.9749206309290376,0.5892352634495872
1,0.0235297417152487,0.6215297146479536
1,0.0094356718815602,0.6220490633479272
0,0.7990206696485165,0.0483479741516774
1,0.8763639465992707,0.8028539985782
0,0.7548650312960125,0.6883383661488532
0,0.2301950442648513,0.0802323745782971
1,0.8164482788319073,0.8103981641992166
0,0.8020782179618313,0.5677296454063012
1,0.4828889838949931,0.6181483476444811
1,0.8125190224394159,0.8078378061628635
1,0.1001111289289505,0.9563001534820345
1,0.3054013516603003,0.7463993867396902
0,0.8977544944128295,0.1763198390400365
1,0.6552915592451125,0.901021771186336
0,0.5784094018077366,0.4418871428152451
0,0.7003194806174554,0.4301803111329686
1,0.7830611205487819,0.5214856157072425
1,0.8565357973234528,0.741154211271052
0,0.7414889399202179,0.2405594136396814
1,0.6340114867434488,0.5829210858412307
0,0.8121827074056077,0.1332499266703218
1,0.1283246081202529,0.6233013276189047
0,0.1095873511200402,0.3992843513892432
1,0.0403117332162011,0.9361704031342196
0,0.9052513892735442,0.6303574337839798
1,0.1257579026675337,0.215416486882044
1,0.5182250814378264,0.568066097592473
1,0.860721340237979,0.319900954986521
0,0.4769316235370221,0.4326567609168703
1,0.8717479760312568,0.2361000439807996
1,0.8656052300231579,0.8611519713685206
0,0.0209679936947427,0.3969113815727493
1,0.2522581709885898,0.2383299908842663
0,0.0778346546133175,0.3904294881749954
0,0.5239875978438449,0.6874956128328237
1,0.5068343951624001,0.1611859331381838
0,0.9290339797630746,0.4688331648678322
1,0.9715562027807744,0.7766543559357847
0,0.1951927197845477,0.0940246998436113
0,0.2356478107712283,0.9172293829053556
1,0.2028885440923197,0.8556319088982985
1,0.6806209504798502,0.4896590071718179
1,0.333250011968881,0.7746194717792995
0,0.4330971939898645,0.0669531704780452
1,0.5796532215498517,0.176755014759112
1,0.4292987882294058,0.2795885446045213
1,0.8026557184494724,0.8673921491165879
1,0.1846026812526396,0.3242188637769863
0,0.4961371219918259,0.7594391881377551
0,0.4830888008530992,0.6831872269801329
1,0.661246219738208,0.5960633022049693
1,0.984430155426526,0.3542818265626678
0,0.4911519803641123,0.6845394680670086
0,0.7204305809673522,0.2296139060598434
1,0.0124823280720696,0.6076298079803331
1,0.359054880644759,0.3997753245448021
0,0.8150012036394217,0.6244790742629258
0,0.4658158048505234,0.538876599463085
1,0.7654182700701662,0.6591346502496179
0,0.6526792962671752,0.7426259368438525
1,0.1070486441176478,0.5463353880819933
0,0.9042924468135616,0.104989595732501
0,0.8151167097144486,0.8992035408785929
0,0.5981194112649417,0.4403031002424448
0,0.3381915823576448,0.9251110073923328
0,0.4283090856197108,0.542043599234744
0,0.0028648159097828,0.8277054500891236
0,0.3143407446328231,0.5960999537678228
1,0.6246281317090676,0.925818345956048
1,0.4934915300995498,0.0597907806830197
1,0.3533374466639869,0.3108975539655301
0,0.3517755731582253,0.1741058761065691
1,0.9574400729758517,0.3348856916220945
1,0.5739482914652241,0.1242850510066033
1,0.1418100390639799,0.9705322967114194
1,0.6848886563538719,0.0165564408900777
1,0.5883299290233016,0.5908862280743057
0,0.9311065640034504,0.0509545934201679
0,0.5048903972779312,0.788976247284691
1,0.9313656078116058,0.8076292301722606
1,0.1003339928768849,0.6602583864944523
1,0.1980181690099723,0.8476230898812409
0,0.1422069210098582,0.3404972198419936
1,0.1172610808030725,0.6471338895887809
0,0.4602630789425599,0.6379009046877498
0,0.7549882297739346,0.7471603688208663
0,0.1978646496525198,0.6342390877562318
1,0.925678272170428,0.7559894869628324
1,0.8308476614015768,0.247233712084452
0,0.4303909570688732,0.0682899706577055
0,0.7042121209214653,0.4447959861493787
0,0.3576370524893399,0.9006778979428818
1,0.6224866325243242,0.1958708608463478
1,0.1926578447155833,0.7806000286559217
0,0.0838328505766948,0.7235375185283041
1,0.8232334043555448,0.2276693273826266
1,0.780252952194371,0.5463947237576882
0,0.4859950183499202,0.7801565757118529
0,0.1661480510577522,0.0460363752092073
1,0.0843345383248709,0.1294893072747089
1,0.2788467221670843,0.7428714164243965
1,0.0630731922147422,0.0052657481819461
1,0.6744243410266381,0.91110954892631
0,0.3043369887343453,0.1721983638420219
0,0.4686916673819792,0.1958142358365523
1,0.2730440404141033,0.3809520071283404
0,0.9145095566824692,0.6652616746470572
1,0.0412971678999781,0.1388505576764525
0,0.6604183979987327,0.7418121600952116
0,0.0607672583151668,0.8268756539125373
1,0.6487947391812139,0.6653599012056535
0,0.2526710558970421,0.0618180131149335
0,0.9413899585250146,0.1708106271114878
0,0.5928589434691719,0.7092811331796205
0,0.5196071457847631,0.421107757663781
0,0.0813268079557136,0.439801241343933
1,0.937363515338392,0.4117320409027812
0,0.2061047894608361,0.6592543470004556
0,0.9193505313520538,0.4576904852739714
0,0.6633299346457767,0.40120900288126
1,0.0799359008550365,0.9110598196063866
0,0.7266528054858894,0.831764107631422
1,0.0560532734153754,0.2001893632925084
0,0.6769262373407826,0.4126432461653349
0,0.8301966266845294,0.9633874982887854
0,0.2985387361884328,0.5173456717441747
1,0.4418715062049302,0.39814364265481
0,0.1893050533901427,0.6233512090479113
1,0.4079689950981092,0.8942617401953572
0,0.4192340352955426,0.9307976054151442
0,0.0255220126007178,0.6916260743373752
1,0.9225798979848912,0.756118707149449
0,0.2455633764127857,0.6553815375403503
1,0.0402937110713753,0.6519024679313675
1,0.7239481914426504,0.9836627481891544
1,0.4945071441114547,0.0899241981268562
1,0.7597936617953053,0.6660971573916711
0,0.5686869641158429,0.7963789462518602
1,0.3877344155654331,0.7784139536687397
0,0.879726542007955,0.4804337299400544
0,0.4111135077486152,0.9338825896789889
1,0.4678112103781021,0.775102530243418
1,0.0743270477863434,0.6531254692244549
1,0.5781487244276251,0.5853438562552328
1,0.5129026862454826,0.4504457052674234
1,0.7589416804168864,0.1381905918097601
0,0.1347014573976104,0.2995875168123811
1,0.0131761675723235,0.2185090227887492
0,0.0033857592507372,0.7398456513764394
1,0.6900402851745859,0.5982565177994558
0,0.6728372322240774,0.4071396991838508
1,0.8649637520145076,0.8915131713543848
0,0.4208695722179526,0.5018229303440608
0,0.6516522937124751,0.2321213828274838
0,0.4680186906944531,0.9394338693902649
1,0.2384327167764212,0.8463681128561317
1,0.177050036797936,0.8112549824493622
1,0.5668184018185775,0.1434094454120262
0,0.936903515750946,0.5476530510587533
1,0.5989107945980535,0.6471273901604757
0,0.1419123413993681,0.7657898471681692
0,0.9616564428605352,0.1243875669190576
1,0.420612618839758,0.4006630064436569
0,0.0080765029321394,0.8576334786689603
0,0.4777071940426765,0.685421097303668
0,0.6427088359168392,0.8394757858160093
1,0.8924076954360105,0.4001131293352219
1,0.5036352031320528,0.5695443650433317
0,0.1215996883287887,0.7560405689867972
0,0.561788753176205,0.3892789329090859
1,0.52227984736604,0.0063987761831817
0,0.0480280110138817,0.3731894821959377
0,0.5914739019121424,0.8194738543397783
1,0.9665928591610736,0.7373925677309461
1,0.1494642651693474,0.9385179037150804
0,0.4770355062009264,0.3035066012132843
0,0.9486285090350692,0.2197425123749607
0,0.4122959671918006,0.1847510572274169
1,0.5313896905323454,0.0425481756330484
1,0.1227247603731997,0.9339591350976856
1,0.9619151183211953,0.4356184125774311
1,0.2150260486110928,0.6769989749048588
0,0.7425456252617711,0.4385923674378162
1,0.3539602664679405,0.2616898786709107
1,0.7173063415412585,0.2101700311748631
0,0.1175771624257341,0.7650888658168915
1,0.6423153844325931,0.5481886947025242
0,0.986988810549113,0.6667904158141096
1,0.1906565059801344,0.7738305812546686
1,0.128803550663627,0.6420271334048373
0,0.2299833751120231,0.0118158653123893
0,0.6600358863052732,0.3454244432665986
0,0.8196259225886137,0.1450324587319643
0,0.5579823389721307,0.440730776132186
0,0.0886310344057226,0.3696828683069424
0,0.6140106306699569,0.7064903260882873
1,0.745303603906644,0.083785847649373
0,0.9454304717400732,0.5400452753634971
1,0.7223897527190906,0.1972154044215677
0,0.1946568268243393,0.1804331970174263
0,0.1562521391507391,0.2613770961350455
1,0.6597345992023652,0.5810871345027848
1,0.6072227468696383,0.4582506285923896
1,0.7862705776420503,0.7376393795410686
0,0.4675458758437336,0.9176150482487124
0,0.0152975219344977,0.4312078468188727
0,0.4245507736908975,0.9922481242065054
0,0.0557100694619013,0.8320190858655753
1,0.3912762537613057,0.2864805947186238
1,0.2465646005905943,0.7044921243239461
0,0.8870019316313625,0.0219411030729043
1,0.9294409700423506,0.866146129337465
1,0.3647722625921648,0.3914499147306955
1,0.3056272738969289,0.8483078322511495
1,0.7687549966339048,0.669438685258889
0,0.4363475435705277,0.9069112080659334
0,0.062515100717934,0.7208610516106185
0,0.0139501417796824,0.7549032406085618
0,0.5515261637913655,0.3632978283361181
0,0.3129986927660702,0.9303258678493588
1,0.9696869959271784,0.2851897799550321
0,0.1763903918551315,0.4924100982764061
1,0.5424897529315952,0.0039262213133173
0,0.2699345410957999,0.061464421372666
0,0.5515401002593436,0.3636583380595914
0,0.6664021940357171,0.6791969323354259
0,0.9180717500972158,0.6233892048994437
1,0.7162905298063861,0.0947933447631288
1,0.4557823433846149,0.891612000398166
1,0.0932167086599162,0.0813401142008296
0,0.9032957465161838,0.6038905617114868
1,0.8931327663572868,0.4455006166572055
1,0.7081156934543444,0.9401051292833338
0,0.9990632681739382,0.2233288402633674
0,0.233176505833494,0.6305938377663339
0,0.2515755041266045,0.0961237149748552
0,0.5983824469076492,0.3563743985832742
0,0.0473206639214832,0.8092660706175071
1,0.2459346019399716,0.2688218865384129
1,0.2722832534173879,0.2456356422142254
0,0.7374740978045793,0.7972380197993442
0,0.6972900389902336,0.7262558546006641
1,0.6176240386068421,0.9459434874888926
1,0.0587998334177173,0.9584440660347594
1,0.6682602073289639,0.6016730197071342
0,0.735155725714005,0.7895436684820704
0,0.8398444186233316,0.0903439377393634
0,0.0247872124641517,0.2714875226962721
1,0.7189276471049868,0.1605160002069413
0,0.363505024948546,0.9086247927004892
0,0.907651056336028,0.1724709128588981
1,0.3527814889919933,0.8263411133710831
1,0.7839999607878959,0.4518351298808175
1,0.9031445308023578,0.6904945538522524
0,0.5577831417775622,0.7821233336864738
1,0.2456332210202068,0.8877768410222892
0,0.0568272295330535,0.2454809877190175
1,0.666542896706452,0.5719025987349915
0,0.807868743566977,0.1659575092591863
1,0.108287668338619,0.551828036078752
0,0.6805451091107445,0.363998575069599
1,0.9319899635578668,0.683093914517961
0,0.2562732908168302,0.17457180535646
1,0.7525395266781424,0.1531856351649986
1,0.6453013791760703,0.0582022083423813
0,0.7680668059902539,0.4166083905411429
0,0.2999186575757381,0.5306606004957009
1,0.9200563282663444,0.7802625504575172
1,0.9778088647694974,0.8825015359670749
0,0.3313366517278323,0.5789329868010998
1,0.0002956962672179,0.9312493111082276
0,0.9127321928989226,0.6586544012666776
1,0.1033164670825015,0.1863337756967411
1,0.466574305710877,0.8826698177264918
1,0.1250725153735997,0.9579972427623628
1,0.3503453559100576,0.8094261278995176
0,0.0296405272800993,0.8278150206077605
1,0.150157982459484,0.924860257224964
0,0.9335954710068568,0.672268069174169
0,0.3967328632584088,0.1772339078068129
1,0.3013472573212454,0.8369338771716077
1,0.5345381800370057,0.0110463484136077
1,0.3897702092283783,0.4073472940313799
0,0.1678779143673364,0.6715223222096128
0,0.5029763470493132,0.6735256859803704
0,0.9722212449334368,0.1617567899530719
0,0.6934665157186227,0.2926312308980028
1,0.1913764330051953,0.3095718578805273
0,0.0915635530161848,0.6813451054838032
1,0.0229578752287585,0.5557866233959521
1,0.905178009495514,0.687947713436907
0,0.62158856502915,0.8284544359257471
1,0.1176841852973653,0.5111838490017911
1,0.0986257599376297,0.9699991620281372
0,0.6599794168430164,0.7688122365073615
1,0.6607026626992019,0.0091856106961136
1,0.2810656789752815,0.4084237924667903
0,0.4787121363954422,0.323416454560315
1,0.1093394083034593,0.6379488540675063
1,0.1126241088427041,0.204110681544776
0,0.141085825670241,0.2545842560186766
1,0.0659411582674315,0.523284676122279
1,0.3594660169463868,0.8482190095228866
0,0.5745574903030553,0.3340904134150722
0,0.7444042163725839,0.6792645224750852
0,0.768025770295492,0.30575747169403
1,0.1767343461307673,0.254173047223293
0,0.5354974687107904,0.7813383155827889
1,0.3153426059760784,0.2441266006720392
1,0.690162769528486,0.1126207850645842
0,0.9703140614490308,0.6435040162026762
0,0.4899612942438074,0.3459039092889652
1,0.3590256937664,0.2921537205657561
1,0.2972397520895722,0.2935834859502669
1,0.911435293557396,0.6805808328804022
1,0.1257154638279366,0.6087741268224798
1,0.7702888835048228,0.9438479293932296
0,0.234285177964801,0.1362226118742103
1,0.7575809338641435,0.9886939499902878
1,0.9855838960276556,0.4173226551664657
1,0.947717072550427,0.8128988145234302
1,0.5720276961432152,0.1013340256776944
0,0.8673614126027411,0.1219664946942625
1,0.8607222882272351,0.3819530265147868
1,0.4779149056035799,0.1294093882124694
1,0.7546961936249903,0.0391098575749536
0,0.1940222998830377,0.0765686275203532
0,0.1510405724595365,0.6886790783788346
1,0.4898755537233983,0.1960195333232064
0,0.8908169356919612,0.4553701046672328
1,0.8971524014805967,0.2783295317189992
1,0.9775241109817756,0.841984084448085
1,0.8606458712427247,0.7089787813620897
1,0.398702003323925,0.2873947446526966
1,0.9226164254396372,0.420471221698281
1,0.8422976252584968,0.3413327465011182
1,0.6921727614178536,0.0576028171680703
0,0.8643796248447755,0.0733758081817385
0,0.0991138373135266,0.7686516853080868
0,0.2042752468038794,0.5718087631619787
0,0.1579571757585366,0.463140059897562
1,0.8859224878864257,0.3646613972749875
1,0.624396176428294,0.603605763761924
0,0.7196870747538616,0.2979078534916536
1,0.7243168458730124,0.1983875397479764
0,0.7713503383236322,0.2750345818455236
1,0.6601912950687041,0.1560911050471117
1,0.1921099482935366,0.826424680827204
0,0.4416615933900309,0.9893837899972155
1,0.9040388802615472,0.3170568056125881
0,0.3035666481258827,0.1140050939691297
0,0.5011436397220251,0.8899776292242935
1,0.6453140490082936,0.6003789439701291
1,0.2885383886924137,0.8197618843674161
0,0.9482842950808028,0.1307017493225817
1,0.0702739674954413,0.9261333847211616
0,0.3068046967048164,0.922657482233116
1,0.751935357464379,0.050102620461608
0,0.0179341966530772,0.4077232515395459
0,0.70952631536455,0.737964282989882
1,0.8898172470234373,0.3790338947521389
1,0.0381229364681355,0.1988767923500591
1,0.1039795294817493,0.5321066263877378
1,0.949453533739282,0.2345567762367064
0,0.727467255688049,0.3005774474441006
1,0.2203452144256804,0.3174984384550032
1,0.9188902617999268,0.8092875878226486
0,0.1001288847105785,0.8097360751033822
0,0.472556419932157,0.339461722021907
0,0.3547763554985819,0.0673631675027826
1,0.8876259133660607,0.3169152781577287
1,0.0814169857225967,0.6140790886712348
0,0.8864399915957958,0.1135004256546662
1,0.6415210513204634,0.6062536649985402
1,0.6247698505126688,0.471448175171039
0,0.8183031763197351,0.1197397957732493
0,0.4486803497201543,0.5464368715063702
0,0.5981920941529781,0.3787598936012648
0,0.540643413623,0.3843614834264733
1,0.8855735803124278,0.6840892201349026
1,0.0860082051120306,0.016238863154113
1,0.524792735581637,0.0280319578149106
0,0.2381941897590277,0.5534078796035087
1,0.7662650468772454,0.5924182994361876
1,0.1173539360050708,0.5096986870415153
1,0.023645782322614,0.9011878632042586
1,0.7839103168692371,0.0924429821294348
1,0.0169840603308203,0.12052099721674
1,0.0281291179670458,0.4692537188212285
1,0.512714839430086,0.6444271126683775
0,0.9074962318587234,0.9818431313814484
1,0.6867606503730893,0.2175503554671498
1,0.3106731341794144,0.8317282499443576
1,0.087594174342241,0.9275643501780227
1,0.6446945897978875,0.6151215386830515
1,0.4373833900825484,0.4394275496227382
1,0.7096682378772312,0.4553051057826345
0,0.2858989215548256,0.5766348777968366
1,0.4851112861715542,0.5383987029182737
1,0.5848693192020307,0.078246073759985
0,0.6911193342820312,0.8410254944387967
0,0.0121233081726713,0.3354829904060233
1,0.6766505008214281,0.0685883936320362
0,0.4163401256175726,0.9785381953718152
1,0.9860975499186924,0.8613203668333775
0,0.3207912520956044,0.1403820488069002
1,0.4532186250826093,0.8937978417412935
0,0.5494950994406733,0.73820669157917
1,0.2790553080139346,0.25733465441501
1,0.4253767057386628,0.2754638546377357
1,0.5170876592486308,0.1036045247683584
1,0.0028074422460254,0.6402795500653296
0,0.7426438949202276,0.7545851766432509
1,0.5918987246753931,0.4701903845024641
0,0.7307027041865374,0.8549714970863199
0,0.7878948682810666,0.9644901464128188
0,0.9310722625769936,0.6556733106741351
0,0.2403022286985482,0.0395578697651783
1,0.2541254901511088,0.3977490147160101
0,0.1726530519592002,0.5234263983040744
1,0.6658833337894424,0.6590173309233444
1,0.2048743136143659,0.4474840520519737
0,0.6286920078695082,0.7190530326424278
1,0.47505032944365,0.1338426299033472
0,0.3445781472511176,0.606132666228968
1,0.2671155339605313,0.681751801804456
1,0.4281262327506168,0.8504978577484805
0,0.9538315932399066,0.0647082379955706
1,0.5936740204696026,0.0721541096245114
0,0.165150547111697,0.5314980964525269
1,0.8493351844755934,0.7703256347253434
1,0.3800523227580599,0.4225391604444712
0,0.5439568317038731,0.3927075152202497
0,0.1639885827210264,0.4550400580380597
1,0.5974693644451732,0.0275698629505727
1,0.2934944167471734,0.2659445176595916
0,0.6469226139955333,0.7468993959877016
1,0.584104988563492,0.4748327658113371
1,0.2212266191215232,0.8734714003801021
0,0.8329174731495637,0.2172322573582391
0,0.9709923942476312,0.553398161132805
0,0.4534190277370297,0.6171899331091732
0,0.9942730017067326,0.1902039160604608
1,0.6945943766194973,0.93611329706979
0,0.1743470883349712,0.189694804137861
0,0.2118141620639326,0.9860325312398436
1,0.2205367942367699,0.8669763598158564
0,0.7155424512523014,0.7919685501014393
0,0.3528178792758469,0.006354542595893
1,0.5458626799557188,0.138315686085533
1,0.2715351615367914,0.8388727440145787
0,0.4423635125106643,0.5809301413306102
0,0.2862938449026947,0.1652594701600469
1,0.1315648720833498,0.0471028414518102
1,0.4380016256402146,0.3513847200283527
1,0.465503024094976,0.7434927244140548
1,0.4643899742318779,0.3559048153164683
0,0.833576826438071,0.5738322812511025
0,0.5369916545801245,0.7737587590118407
0,0.0124851061104592,0.3758482387185383
1,0.4954833033340695,0.6322774132688581
1,0.5144279712246295,0.5832071380428778
0,0.9645934651557054,0.5619677345640566
0,0.1803282736730468,0.6716027068017918
0,0.6796924440503542,0.8314251924893985
1,0.6059003292088945,0.6581092413283351
1,0.5867929425110852,0.9294071834948114
0,0.4170483586486185,0.0666830900022519
1,0.1225653328689587,0.6311917484274348
0,0.0475904557955733,0.6886347326719103
0,0.4324574219551841,0.9411776934132012
1,0.7486021700744094,0.161973847990679
0,0.0198889197575824,0.8435341336181955
0,0.3903874245904208,0.1597089489860336
0,0.8964120218671321,0.5902381188447055
0,0.3277113319609226,0.5380954478430232
1,0.1335638385228656,0.219435824393666
1,0.1827215785884667,0.3688510990871217
1,0.313294631915294,0.7999868622482529
0,0.8180432996019856,0.4532900174690463
1,0.5958100486791059,0.6631954335352829
1,0.6979931378805238,0.0280639004697538
0,0.5230347864461792,0.4154529607479061
0,0.4843852241575729,0.7147995766777732
0,0.4988606240781992,0.3966837149065259
1,0.931163299341924,0.7576631522059989
1,0.893066526116682,0.4013961300529313
1,0.8834927721163053,0.8732407509471116
0,0.4011319388429135,0.6058242165316101
1,0.7922446135870115,0.8279772785061416
1,0.6076065734302577,0.152630902483877
0,0.4562342863102677,0.6195382317183534
1,0.4840085158388038,0.4726331873063497
1,0.4663640102660574,0.7614951788738229
0,0.2000557305861189,0.4652134649221635
0,0.4692133630094789,0.9612411128650348
1,0.4043942115402065,0.2597679181791478
0,0.1712208435652044,0.0980228405061736
0,0.3788168438202121,0.5095490159051858
1,0.0822705562497504,0.9887158510498096
1,0.5205814996262601,0.5167955444713389
1,0.6206656736720894,0.6660052552624617
0,0.2571617291783926,0.4838898820135969
1,0.91516237741451,0.8266704533069809
0,0.6232513142729832,0.7438314537398579
1,0.6653476098793956,0.1657172691877899
1,0.2947600382286269,0.8848473529949012
0,0.4293825906215115,0.922045513652644
0,0.7788267366166015,0.8735785064195123
1,0.4116946108512794,0.8542132940598857
0,0.6037243034591839,0.8876358517415175
0,0.8553420245162837,0.0459683135957036
1,0.8770883739832807,0.8945801082105033
0,0.6558655695133528,0.3350637824295159
1,0.0067394797558189,0.1606806163273646
0,0.8328956100083115,0.5019294455108225
1,0.2984943614073982,0.8278705471250274
1,0.6868751932131371,0.2222908687196193
1,0.2571715967638378,0.7263123384549615
0,0.6080843255623313,0.29844302059154
0,0.3804036831644309,0.93154991385467
1,0.0730224822010607,0.1638925714194923
0,0.1417479984279206,0.4070826570924347
0,0.1658883980232065,0.944099145218802
0,0.2164545699051907,0.4598007258576098
0,0.4899989619414866,0.6844583284237213
0,0.9990414454689658,0.9147864978141385
1,0.553379871002993,0.9946818979168432
0,0.9883231093406144,0.1194727173766443
0,0.86522759676048,0.4645233193731872
1,0.1188825627829857,0.084367205702633
0,0.4058381750788603,0.5144452042080784
1,0.2487625121650889,0.2562072122109432
0,0.6193981194436418,0.4198549895152598
1,0.1383320252633014,0.1622377260917802
0,0.9053710427476,0.1903522246842117
1,0.713422814599737,0.6686569976131403
1,0.95654087829929,0.3581348833283151
0,0.7397513139607041,0.2776308965420554
1,0.7567491838262493,0.5139664063688832
0,0.1340816980206456,0.3765206016087309
1,0.36578814453796,0.7007911504144446
0,0.6449226449031853,0.4010547552351693
0,0.34392389507065,0.9377137754295984
1,0.6806141938117347,0.5427179448330907
1,0.1534963499463448,0.9630090304784412
1,0.7537422003004655,0.0253933897355148
0,0.5396394204851154,0.8219489682225344
0,0.3729375408174332,0.4636297572012655
0,0.5896692761281337,0.873887054689999
0,0.3441286842584585,0.5619765487434633
1,0.8466665470570017,0.3762094285667482
0,0.179974634555958,0.952276525882256
0,0.2520025265135488,0.9290942103594398
1,0.9895518943645089,0.8457031768893434
1,0.4025330756518438,0.8474333989134761
1,0.1230809006397412,0.2119308761327669
1,0.2097288523302694,0.680845400354511
0,0.0186257483349142,0.3823201286208121
1,0.1433351444496092,0.5271766559497192
1,0.3638486199174479,0.3549544232722605
0,0.9647156193924472,0.6342316277558143
1,0.0311227017277493,0.5250625771334786
1,0.1270173963255489,0.1999033880263397
1,0.1942888051303131,0.2676690684958437
1,0.2710325640514593,0.7532393620713153
1,0.7463348490266455,0.5242787685198304
0,0.2116350712000989,0.5526730774410378
1,0.2748244535712689,0.6892847302799672
0,0.1949384112330494,0.972923235131114
0,0.1272901183939123,0.7308609202922463
0,0.2385812151664998,0.6139307494389238
1,0.6976167511261279,0.5619920665741955
0,0.6766964176910737,0.2580285116230368
1,0.204711844860607,0.3491344871244224
0,0.1523235055864193,0.2271185556105392
0,0.7400249001844168,0.4112844443684434
1,0.5424618851968779,0.0595768638687386
0,0.1950704051573665,0.0417193177872259
1,0.1014098456793949,0.5743623716899344
1,0.6800283642095889,0.1356339589532851
0,0.567770443195863,0.8171808281435833
1,0.51328054241325,0.6530676739169504
0,0.1769456448415832,0.0520275723142664
0,0.7484725441839186,0.7144732273900428
0,0.3802375741004155,0.2090196414494769
1,0.6919801364358502,0.1326809856606211
1,0.4692506540115396,0.2649960956705125
0,0.2819460711557331,0.9558468218082145
0,0.7031667053312095,0.7850812633090459
1,0.2784096054758537,0.7202018228070098
0,0.0720138743369606,0.2827263480332153
1,0.577597420872392,0.0166197236170436
1,0.621838273974383,0.952757661170954
0,0.2869246816179777,0.91557526015744
1,0.1351055339108704,0.4606158773340524
0,0.2432042895505863,0.5954717530833251
1,0.4095277282971457,0.7466272708846345
0,0.0294559587177181,0.3533219933513539
1,0.8723130653148017,0.3936691660028338
0,0.7812723921251663,0.809058808756061
1,0.549330453543151,0.9124654642562972
1,0.1483289138660453,0.9668886496421571
0,0.0391899370410195,0.3497325185091654
0,0.4023090603300959,0.9058197457197542
1,0.5592561356993695,0.1228592212616407
1,0.3971916709747523,0.8667976436159291
1,0.0988170470443385,0.5539217465735731
0,0.2240435858541559,0.9712041760882312
1,0.043663403747983,0.0694848770157255
1,0.6232520798654689,0.0275351355621085
1,0.209403206134576,0.4168230402831444
1,0.013475987495974,0.0373621869488243
1,0.4749357420283043,0.0303167203292222
0,0.7701266820680839,0.7272712832615529
1,0.5024709529597158,0.6476040104857005
1,0.5059215144380605,0.9707729419650049
1,0.0157854529148354,0.1097158751863507
1,0.3235136119282227,0.7643341736105669
1,0.9340884437291204,0.2764281482613436
0,0.4112727236302419,0.0275150059600541
0,0.3806288111513656,0.2131717860289002
0,0.2793124957391321,0.079217616154539
1,0.6675071128722724,0.5048548387341818
0,0.418083911654319,0.0738967159105097
1,0.7187343208261933,0.1764845510844543
0,0.2403173189638157,0.9351157128014324
1,0.9965733212732256,0.8540267169051271
0,0.0366112754945721,0.2754331850453797
1,0.1043019980778168,0.6231908296634687
0,0.740380420401104,0.6816406899580195
1,0.1077942288688893,0.0380637200881226
0,0.5983048716037697,0.2581291772005696
0,0.9859075057650007,0.2153621328814499
0,0.7139100247452296,0.2252860294853719
1,0.1512931374277145,0.1826548680071635
0,0.8681995982179166,0.488163024759727
0,0.0907457483419696,0.4161607665571013
1,0.555877559366152,0.177863706765714
0,0.5735382340662248,0.7701780390405385
1,0.4324229443459152,0.3180815700983744
1,0.6736102438893975,0.2184523267883863
0,0.1499126818836871,0.8502350764584363
1,0.6500689025361271,0.9190438230406838
1,0.7860725334269376,0.3642633688877663
0,0.7065165211693051,0.3252609204596947
1,0.0856521892223465,0.1111478750046641
1,0.9198345662016828,0.7954412190551817
0,0.5313431965073119,0.3981735762505776
0,0.7871356931949385,0.9330724836166472
1,0.0953579629174965,0.1543082435246944
0,0.3083218983381488,0.9479979115129132
0,0.0259149762277977,0.8160198829724231
1,0.3759517750288452,0.3522549905584222
1,0.8169660486354049,0.2875828554054788
1,0.6736051847006403,0.4668301173593261
1,0.8457188503118178,0.8884283345313484
0,0.299150034701284,0.1384630118914311
1,0.9443421489568246,0.7945279570794945
0,0.9692254316219416,0.5476804873051321
1,0.7615632639735015,0.6018717038914064
1,0.3577333885676775,0.3199462098816861
0,0.370142509973405,0.1425020760900911
1,0.7990224052059253,0.7031242670798454
0,0.7966982940780218,0.5918590419932988
1,0.2550379812105291,0.3376494556346094
0,0.4538607131977554,0.6334930803801817
0,0.2624650337956822,0.6034269349736735
1,0.9139377863612838,0.7076591071907936
0,0.7553727012444841,0.3683192093399383
0,0.8910495460514072,0.9614961311961444
1,0.5349873057189649,0.535733855752753
0,0.8745083885358848,0.4682398990004696
0,0.6523853245250687,0.8342903408287397
1,0.9909737627297546,0.7135446456429374
1,0.5845444492657791,0.5521105615113926
1,0.5107721284747067,0.5968087113619293
0,0.0981135814173609,0.7687049761155642
1,0.0093334470167003,0.2072401757360952
0,0.2212333910223335,0.2033154629350071
0,0.7097283886354889,0.7294153095021209
0,0.1284472466357582,0.8361248142663402
1,0.0185061149659645,0.6692533923339439
1,0.2966999305584802,0.4265616137476504
0,0.3884141853577948,0.0993276860180956
1,0.3837235038842169,0.8304328600412776
1,0.9378746457712728,0.3984995040149863
0,0.2140985987429478,0.4942187915748449
0,0.8948707672662332,0.9853866562838802
0,0.7033242416315806,0.7731114428400256
1,0.36414128448777,0.3377075479073581
1,0.5588927085777744,0.6491873230852474
0,0.4476821978489604,0.5564255198089414
1,0.191128373552162,0.226691794682998
0,0.350119543711937,0.0204454257017403
1,0.5427169258584265,0.5345060562365991
0,0.7740140387462637,0.7508662392505318
0,0.1700209499771705,0.9410275762401408
1,0.5143274495330759,0.5648505238920598
1,0.1136186084205604,0.5580265789743968
0,0.797226582789972,0.4829826827923139
1,0.3213043928456023,0.7822228822333663
0,0.6635497835141978,0.4229499603371729
0,0.3707833464909401,0.989024821978434
1,0.161081105098067,0.7996920064325738
1,0.2144004031266461,0.2515436699971425
0,0.8774589152528688,0.6223120817768967
0,0.0495149645535133,0.2448470002979538
0,0.775555454553559,0.7271509147936804
0,0.4280468384632292,0.4809187410044108
0,0.4577479445654856,0.0520732509926396
0,0.2951308730531694,0.4529561777356139
0,0.5001205574464038,0.4412709198054436
0,0.0812276754807612,0.3635963105434957
0,0.0044139611603913,0.7150038158682737
1,0.405067232970724,0.8026874135248193
0,0.6378764374571194,0.8143720973050145
0,0.3734524426643386,0.6014561499660942
1,0.4462182723018361,0.2276218958467386
0,0.4337688012152912,0.9468870801103324
1,0.8187755501386625,0.2609599328247499
0,0.2886131102635072,0.2230660143018974
1,0.90310664731863,0.2640150953883621
1,0.5715890711948437,0.932424426264146
1,0.3239073091644298,0.2693531646764366
1,0.0258016568331157,0.168410416156834
0,0.8867560388606847,0.1164613183166568
1,0.5745403337271303,0.1134499566659897
0,0.6155645877618954,0.318749016488616
0,0.7245478615625996,0.2953209862457907
1,0.0782867049908095,0.1921526717873578
0,0.9150377234581958,0.5737709485374234
1,0.0066012611782459,0.0172368745174217
0,0.085730462676638,0.3010573692630354
0,0.003296542415017,0.2558869004717204
0,0.1008955725631376,0.3388760249627545
1,0.4015993766957105,0.8507132539340498
0,0.1766137113541015,0.1524568543249073
1,0.7114691696113044,0.6604760183275818
1,0.9199529279486632,0.3342348899348544
0,0.4457189561341155,0.9407790189853692
0,0.5028021617718588,0.4444774110529066
1,0.6169573444162869,0.4681630884842217
1,0.6765612489796989,0.6065937696457588
1,0.0186217435312646,0.5480465397943303
1,0.5829356851912282,0.0121813261858569
0,0.9073529971320304,0.9274824698104064
1,0.05270886666904,0.0754522553733147
0,0.1008937149492827,0.4345874546496385
1,0.678534284554569,0.0520388630886144
0,0.2062325946227765,0.0668882642471885
1,0.4189290786936323,0.4014580331834884
1,0.8521717771292462,0.6920757659359226
0,0.4089588136854665,0.980675280727625
0,0.1827659692323697,0.2182381341397395
0,0.3256413864282478,0.6439298028600483
0,0.2614331092105962,0.1564648900908305
0,0.0424446826109961,0.7610514861300799
1,0.9917708378239982,0.4187588686688164
1,0.6645031959648741,0.899592583942179
0,0.2941919251798547,0.014751815431013
0,0.5757784347144194,0.3896354086585326
1,0.3770512523799637,0.3902684939963496
0,0.9896234505325312,0.9574382237927906
0,0.4450905910157263,0.1741284620980087
1,0.4720367349587598,0.0313717772520887
0,0.8036343614274641,0.5521856471840431
0,0.945548750776327,0.496677687463221
1,0.2407171235497642,0.3813523101967854
1,0.3007711306452258,0.3649772934870902
1,0.6889544124103233,0.0335242308711041
0,0.5995790140502478,0.7360422104275595
1,0.3543846837425183,0.8464412334668198
1,0.9410491358649764,0.2773747114844169
1,0.479926058884095,0.9006641516821812
0,0.2117866334756442,0.1313691411631568
0,0.7533825031747005,0.713740513805385
0,0.9198685833602545,0.5895826772762848
0,0.5175080456858636,0.7487278046057
1,0.6167531133382294,0.0348913596784148
0,0.4130941637271759,0.4599093334179883
0,0.6361906150776436,0.4209915726067565
1,0.526141991867871,0.1163053906949433
0,0.7514817740899424,0.2680045109199285
1,0.4379899995774188,0.360360224915329
1,0.5534729683192964,0.1406082176777472
0,0.6164259368432365,0.330138137352021
1,0.1369761624406321,0.5810540068490263
0,0.8226084118462071,0.0159942677128693
1,0.1137605337104733,0.90952997173663
0,0.4462584221505499,0.1863655325822337
0,0.4337432632326443,0.2129209584701371
0,0.3402472482938212,0.4808525198575043
0,0.945927182994508,0.5702958043592046
1,0.4713747912956597,0.4709415226764611
1,0.3048231574246264,0.3103998072822898
0,0.6995572516627848,0.7823770588277089
0,0.722619892255438,0.2527666086990771
1,0.9246831207919184,0.3234455153002327
1,0.1603157871402851,0.7206523390075523
0,0.3427737524680486,0.5344542825682592
0,0.377713760832999,0.9269066796646184
0,0.402897178880899,0.0048263198121103
1,0.5162541679248073,0.9646466183915204
0,0.2409680583884644,0.5558452699995655
0,0.440834763965273,0.4955090970986926
0,0.3918509146008647,0.6700579141132171
0,0.1674654902295814,0.1339108725958403
0,0.4657319104215099,0.6530021108041961
0,0.1634756182698367,0.5179380218321965
0,0.5666830904777193,0.2258113646318554
0,0.7887412139130761,0.0413385403724234
1,0.3657434950531949,0.3088589211800362
1,0.2619687792683056,0.7731713036043366
0,0.2681316625835284,0.6307857450568967
1,0.3606529526999383,0.8815447166107755
1,0.0689433130630506,0.6286472180648602
1,0.0367058124001058,0.1668061423956134
1,0.2624688857774654,0.7466622103594246
1,0.1375689195084769,0.6456173130016609
1,0.3726887380278273,0.7697499220914902
0,0.176925159392374,0.6505963246700486
1,0.1752278229206147,0.7465154269815831
1,0.012253969743914,0.640409564946495
0,0.4728036075841931,0.2878993483467829
1,0.1952034681748009,0.2695457426583671
0,0.9149519304101126,0.1416383514584308
0,0.8695766053649369,0.9206567687523086
1,0.8966543781551503,0.2656469774547694
0,0.9012663980519986,0.9296603048308976
1,0.8771379600406287,0.2478801501910496
1,0.0390397166476182,0.9184407753445436
0,0.6630716567287359,0.7645702862026286
0,0.8856698131908709,0.6140200957963506
1,0.9074670016085342,0.3723667057060856
0,0.4006862358358639,0.0191982464711261
1,0.2878547689822337,0.8441786200954693
0,0.1307655058741414,0.2881787583385344
1,0.5016323763958144,0.9855737811948686
1,0.4475156290657212,0.2792195430165218
1,0.2603799676810366,0.3115545016161014
0,0.2459424454826646,0.0625662426599052
1,0.3536237994997742,0.6962661381719348
0,0.2721676121995782,0.9050335724195192
1,0.4933559960260614,0.2164372239482773
1,0.6560521429636025,0.9764073291636596
1,0.5820128614682891,0.5840012081207253
0,0.2412595838816397,0.6368296794857673
1,0.7059276003196931,0.0513668528303379
0,0.1979858387107512,0.9509773620514476
1,0.62364788579737,0.0094074276023402
1,0.5899211414959327,0.9841134375004396
1,0.5136697323707287,0.0656758107052012
0,0.0659551976434148,0.7100324750380306
0,0.1668187911025306,0.4724094213379542
1,0.1182941560585439,0.926014503165298
0,0.4555534249245853,0.1867642989708711
0,0.5883945336534186,0.2865902893830895
1,0.1049980478306346,0.0193336431575463
1,0.98944429836413,0.253338911333158
1,0.5345298141837325,0.5359849453077095
1,0.9636645485293956,0.2971471436461242
0,0.8992501292933649,0.9326166075492032
0,0.5838334389094101,0.8731642947273561
1,0.4409271858959271,0.2761066537477268
1,0.6777802711730028,0.1000303504838834
1,0.8534114363380114,0.8398014934674404
0,0.1372062053512521,0.4288539052123581
0,0.6824616930838592,0.4227159134258637
1,0.3156479242205852,0.8523335914357614
0,0.0665471807401943,0.3891232675823546
1,0.0741260784044451,0.1960723997361866
1,0.2493455581439604,0.2680344726000501
1,0.3884939275793437,0.7253454699463214
1,0.4745544763891024,0.5581839815256419
1,0.8026837121270373,0.2664806066352603
0,0.0055859197673641,0.8026045032964788
0,0.0809519184726013,0.375715021874298
0,0.923592669639627,0.1603358578049688
1,0.4752664801192727,0.0569142397116448
1,0.173877741341536,0.8973267668528488
1,0.087102236941988,0.623287962931204
1,0.9515114651969108,0.2867278820875075
0,0.7975713577786434,0.5787409993351728
1,0.5273490889382452,0.4632506703326646
1,0.7281318795658208,0.549368580306315
1,0.99488707245455,0.4401973924377318
1,0.0581720278445143,0.1612923173072389
0,0.3859465853159096,0.4677710081545598
1,0.5851373960250129,0.1639830756029859
0,0.3396378431413139,0.9415352936142566
0,0.3844193042945553,0.4920244565164602
0,0.5959712719654758,0.2654637917224816
1,0.3717623415945696,0.3716442981386123
1,0.1717386870529517,0.8945829047056564
0,0.8586048392793604,0.1658080987923166
0,0.5132597733404093,0.6850669529403945
0,0.5650800488762106,0.6733568941089915
0,0.6984124419892336,0.3551176669674153
0,0.5145142610910571,0.3551068273021559
1,0.4002256269796785,0.7854018191116094
1,0.1311580059983167,0.5939064751400307
1,0.3640782876948754,0.2888277189491353
0,0.3238629505362522,0.4646221767040641
1,0.118537784086908,0.592625779419245
1,0.1051904283545316,0.0813262347315333
1,0.5991440160423027,0.2024000426831305
1,0.6934018307179204,0.5035113933035251
1,0.0218772157082004,0.0565661973406655
0,0.5077745047491047,0.8276280336753209
1,0.6985168674254004,0.153073199139557
1,0.6984750872409659,0.4759857607271383
1,0.9993392645435702,0.3472947835549249
1,0.3172383646104083,0.8560611132507265
1,0.1292650032086619,0.6714362314319482
0,0.563805595465311,0.6763003091845614
0,0.4391696652523194,0.5354484649602376
1,0.9210052376908464,0.7571621642535191
1,0.0174914366156924,0.4489908459773769
0,0.0752832999634597,0.8232926803238428
1,0.4385144932400857,0.3288036625041304
0,0.9754401669716322,0.9598366610725496
1,0.9910144047269897,0.8324494070455959
0,0.704105372327071,0.3182460236832951
0,0.7019966711596225,0.2808952841088387
0,0.5215479717801602,0.7270988178820411
0,0.5954094806045781,0.3721590012154601
0,0.8763136786579983,0.6127507910052487
0,0.1949304757472775,0.123426754426567
0,0.3984724856778527,0.1087789599460863
0,0.9179390664264956,0.590883497904648
1,0.9019639921654644,0.7489976407045543
1,0.2853301647938523,0.3622939917320203
0,0.9676458646184686,0.0982836278303381
1,0.987634993978326,0.2888850893107503
1,0.1585937873065702,0.3058528875322542
0,0.8125623697679886,0.0647427550893965
1,0.5355371754275183,0.9429682410128828
1,0.5313354138438016,0.5918646451440437
1,0.0114619254952434,0.9134494135607548
0,0.5895994294469115,0.2642644192146174
1,0.813227996054911,0.8521045268460079
0,0.8206370622839135,0.1674851928486685
1,0.989125304811122,0.8361163584582952
1,0.5304339820289997,0.0189988147484708
1,0.8827556769845885,0.2591152163844017
1,0.4054150605623403,0.723577264547754
0,0.0518053556145439,0.3289929228693249
1,0.737546376670386,0.5878097879640961
1,0.735407901892169,0.9492913842709824
1,0.443804588653126,0.7496899507024977
1,0.3482875370876959,0.2708857376466104
1,0.5204297557297008,0.6446784754638477
1,0.4609527522287118,0.7287148834062098
1,0.6701460166042547,0.0538023086528658
1,0.7625414629441135,0.5238141590564088
1,0.9652014505880524,0.7590507051085629
1,0.4962300253805678,0.6508781398601774
0,0.4630115461363061,0.1683419342618052
1,0.1333760455975621,0.4584566486059558
0,0.7054096143359861,0.7175932139007105
0,0.3837594453945356,0.0587276248002256
1,0.0659796241537105,0.0695298844230063
1,0.8705822027140998,0.2605187885867142
0,0.2210027035849454,0.2014265138318336
0,0.0042643574154688,0.2301339102438748
0,0.2126803938533834,0.9858743803246328
0,0.8830626174741114,0.183389793527807
1,0.0263686822730717,0.6389343590427288
1,0.8980950635036865,0.7927823577516446
0,0.1783226823152165,0.557777744494364
0,0.1801688744312384,0.153621676217715
1,0.0814066501793128,0.0450835041981284
0,0.5421837509843639,0.3828351852398414
1,0.6296625220389666,0.6060036147232524
1,0.2311780918762872,0.3230244423300001
1,0.9330426076620428,0.3466933404339527
1,0.7537560331867542,0.1903051301605621
1,0.5348304956000473,0.584892191453025
1,0.7370739510037202,0.5337914526293175
0,0.7155338291254365,0.7127498522620199
1,0.8502681008855654,0.4045721311675684
1,0.610501014671868,0.4949717901563408
0,0.3937049105877254,0.0467159355541749
1,0.6838919364726235,0.5689161235529063
0,0.8152218636900093,0.9535775837292464
1,0.4721427247472977,0.0503003823638544
0,0.1421063374319781,0.8882999772872284
0,0.4002499110458599,0.0584707134072036
0,0.2204240406508221,0.1271007523476115
0,0.4342911945891576,0.6023718778820952
0,0.4520006285681244,0.0706719227099169
1,0.4256038699101004,0.2995833182753066
1,0.6674652956175444,0.4587931232591045
0,0.7298418995103092,0.7958262763040199
1,0.8045058330039291,0.3494528924167016
1,0.4618955012589106,0.8126427874984734
0,0.9222496713768372,0.9417754185233352
0,0.8383895146546378,0.5860953474794536
0,0.934057857599402,0.5652802858419677
1,0.6451017690737954,0.6255555499778205
1,0.1352175673083381,0.6707767019235158
0,0.7911553577957198,0.1018230360259302
1,0.65475709878584,0.6166075135363257
1,0.4979124665510924,0.1158669375620324
0,0.0426069653135302,0.6890423219352957
0,0.7045236600148139,0.7630455549438278
0,0.3711436253425469,0.6435661430310256
0,0.9272012878977158,0.2178600008972755
1,0.1104680894148205,0.9872491330218408
1,0.8388451889303759,0.8903747636317751
0,0.3496937333506333,0.498441056622467
0,0.1276519413465695,0.3624577987613294
1,0.0160289479844627,0.4673177236367852
0,0.0310629011947973,0.3491357315239899
1,0.0791664811532038,0.6090200775980019
1,0.9334613608093856,0.338841105128088
0,0.457889228161452,0.1807468361489977
0,0.9214766701293648,0.1597678725939011
1,0.1344998738980404,0.6293212594958959
1,0.5260953599284385,0.5358622637436843
1,0.3381766523181411,0.773616547341371
0,0.1393456000355113,0.2447780547799887
0,0.069364735591838,0.4403279481517098
1,0.4713828766871644,0.9842075015398845
1,0.0589688733662724,0.6106555621511304
0,0.7754470428165307,0.2579239505288242
0,0.9031401422838858,0.58353920334871
0,0.0504677480634324,0.2605750367646603
1,0.6582573862102689,0.1381289728461333
1,0.5028183226395421,0.6251329163392866
1,0.281608702261179,0.4023106517561712
1,0.7743020133660714,0.532177411702101
1,0.1516994944881323,0.032764706667573
0,0.1481772859505677,0.2497960108793009
0,0.868650264716722,0.4813163210700513
1,0.9297251827085312,0.8227825121183525
1,0.8454792591965692,0.3775962549917364
1,0.6126690062362473,0.9784147216084532
0,0.8426691138888461,0.92935776936158
0,0.3663816997458362,0.5894537395010319
1,0.0929606317430359,0.8991532765706003
0,0.913309176969165,0.1458469416094014
1,0.9557746489543204,0.2706987087500218
0,0.9620068507927598,0.1974905070648697
0,0.214041685718277,0.5218749634880225
0,0.9419180369850888,0.4843829327756181
1,0.0262135519064082,0.5416677625316405
0,0.4880565892633933,0.7340095021999465
0,0.9862744896928216,0.0387806550217043
1,0.2525025228188211,0.7782464545903138
1,0.4369315693681372,0.890642253007461
1,0.9116492444613172,0.8703718573795303
1,0.8092551643401584,0.7627450265953067
0,0.0992834995375978,0.2819421819803049
1,0.8753841624694352,0.430182539231052
0,0.4409062399376451,0.9125725366713352
0,0.3103220710964005,0.1089808256836263
1,0.1093223874393246,0.5296266434325516
1,0.8619282968541115,0.7216488724748712
0,0.2093529878423692,0.5054161942360915
1,0.1541969668650916,0.0020339171331258
0,0.4224195546538275,0.1018586993200131
1,0.1296593009648522,0.6375917762374241
0,0.6644227157700665,0.3524312104123207
1,0.9280256761950584,0.2710064741058126
0,0.8092112559671847,0.905889501901197
0,0.9033734775403964,0.963816751698304
1,0.0709571808216051,0.977772648691181
0,0.2906006421486953,0.1571334245896236
0,0.6466806755357128,0.3257040202344612
0,0.0422840350335493,0.7995849649510293
1,0.9203174524169726,0.3213037997837292
1,0.7221237204826715,0.9887073233589933
0,0.2200266952746731,0.6726088857771076
1,0.1967831421122188,0.7432386345537128
1,0.2291337384536467,0.7543863666053345
1,0.5042733931150952,0.5771555593218346
1,0.1562791511735074,0.2002744677446256
0,0.5551283284348071,0.7712132493578223
0,0.4404900591004502,0.6320825420506441
0,0.9290928453696032,0.9618100812527192
1,0.9868726838839408,0.2331869745626185
1,0.0479222205076842,0.0566583419309121
0,0.9946762347238546,0.45009901732384
1,0.2277529098893606,0.2851450038982781
0,0.5123032929772183,0.8369163570042334
0,0.8977176099555805,0.2162062751356678
0,0.2500361023865992,0.1899470970632412
0,0.2497411314347027,0.9330466583687844
0,0.94106879388401,0.1231610640463997
0,0.9859557307070854,0.1462387681041167
1,0.5050290688339445,0.6636615947529909
0,0.7898144213895932,0.6300641256462741
0,0.2034254382513913,0.1424220300843832
1,0.6405380103576985,0.4678367856961043
0,0.1655160571287274,0.4720662552171369
1,0.8740926129198548,0.3175451075579307
1,0.524445707246695,0.9300920201705488
1,0.9165893749705584,0.7226402890836636
1,0.414671555784039,0.3775637714001207
1,0.6293883176832342,0.6156784481502946
1,0.4631744458201451,0.3108484967431311
0,0.5997718574405939,0.345756060117144
0,0.2204571489023961,0.0429621038042152
1,0.7325670601221103,0.6666955289169396
1,0.5639264696019243,0.2183622543808595
1,0.2756612383990406,0.3245142762011423
0,0.4079864572558702,0.5534613151414315
0,0.3844907433222794,0.9354611668957116
1,0.4983052053494374,0.9574815246470127
1,0.6353275379793677,0.0485847529983449
1,0.8262060470679661,0.2659060478187941
0,0.148157784935427,0.8236654694498099
0,0.8504249224683853,0.5832820857348104
1,0.9006773095449617,0.8268228009561133
0,0.0084979187036711,0.4211761911322425
1,0.7684345101935253,0.2113989215664935
0,0.0006873784945377,0.2544258498777093
0,0.1942528039304245,0.6054407547932759
1,0.4753885171057134,0.0950924438827758
0,0.5530382484570536,0.240702698188485
0,0.7926935740697765,0.1084337826776421
1,0.2264706220114924,0.7207505766285186
1,0.3621597254877188,0.3076303605784621
1,0.5565876504772802,0.1393173582274778
1,0.2017831917744739,0.4013001212454518
1,0.1675888596823577,0.2571855043791144
0,0.4069891136269621,0.1426961172577476
0,0.1741628198748709,0.5011386212853319
1,0.7933103417634477,0.3213352335175886
1,0.0674772113588743,0.9264794987283896
1,0.3747180177971245,0.724167627963064
0,0.681570619233453,0.8472291530329469
1,0.6436951845461758,0.9366735957975424
0,0.456371115190487,0.049356142926092
1,0.7161037261983263,0.993381003716305
0,0.3152146072516524,0.9260358203687344
1,0.5224507000806812,0.669286181019944
1,0.5470684479404853,0.4830681494824141
1,0.1688436309696137,0.7498077383695152
0,0.224214588898318,0.1653132553815596
1,0.09202202914697,0.4747367442597153
0,0.8418194185676262,0.0270696209469787
0,0.2131117287603227,0.0877882816262103
0,0.91993314240784,0.1363217002913355
0,0.7501536261036088,0.325277304257619
0,0.6667085682082114,0.7985912422389968
1,0.7514663057645786,0.5272667300603916
1,0.1059398401710035,0.0047909607621584
0,0.0017448836775735,0.7452403409225922
1,0.6214584004633403,0.4867260516874178
0,0.364617187177823,0.0971380318758021
0,0.0944609288977588,0.8691989909840201
0,0.3817560315916264,0.6054618260813562
0,0.0915837197913829,0.6785548790749337
0,0.2220001214187451,0.2015131182902364
1,0.3469159813084018,0.3484004112150206
0,0.5364695443700989,0.4167004241823522
1,0.1845686882023703,0.799395679607442
1,0.7374899029500219,0.5952083142594782
1,0.6122474264236138,0.6489317108055903
0,0.4568719130558103,0.5226129456586133
1,0.2908351945721594,0.7816472199250128
0,0.4111568902055588,0.4959242457338587
0,0.1882577497687794,0.9978406099625198
1,0.2558287704002978,0.2668549477732194
1,0.2762743659351014,0.7604868644635774
1,0.7721597537950439,0.0882201104832498
1,0.7122862895697512,0.9322936731294132
0,0.4440866464184788,0.5219605092448301
0,0.7222051862240567,0.6969686650917584
1,0.7876854079689737,0.2726802075765701
1,0.1874334135935939,0.3051176886822718
1,0.870239522689023,0.7568096483103995
0,0.5501994281837977,0.4349941717253699
0,0.6032817842595761,0.4339066742992508
0,0.9558420383224484,0.6320619943054946
0,0.5251129470215096,0.2329805501121529
0,0.9922610247031732,0.943504400922806
0,0.3319381812089221,0.99506670662539
0,0.3217038263132188,0.589959300803443
1,0.3670314831812639,0.3454425178296022
1,0.9312194406853728,0.3269798367796143
1,0.1926146966962817,0.3613648081111976
0,0.3402207554661074,0.1767591450348887
1,0.4989576346368369,0.0211916293032428
0,0.7177756370730668,0.8301060425088788
1,0.311389886789717,0.6732490387395731
1,0.303081137504994,0.3046551453795258
0,0.2047227707354921,0.562287775121854
1,0.6873474161027076,0.9706512530067408
1,0.6478049798343165,0.5645316852580731
0,0.3365973027730901,0.6365361199124964
0,0.9229288072343336,0.5720083814506067
0,0.5859245003148348,0.4046595286446709
1,0.7891224225122432,0.790328373785752
0,0.3890526334242533,0.1839463359175162
1,0.8680783565877133,0.8081192223329583
1,0.0653170667347429,0.505142540268149
0,0.8918702184386871,0.1517716711355399
0,0.4921324984871031,0.4483442299169341
1,0.87121916848508,0.2721914248496025
1,0.5469913862850289,0.6353082464741712
0,0.7858820953719997,0.4627428956186332
1,0.2592949099049932,0.424067717540499
0,0.0488133076999031,0.830241523757288
1,0.4074332544424055,0.8806557963118982
0,0.0419004364742009,0.7983634860650755
1,0.6060046008459122,0.2128312805581571
0,0.1566495425939068,0.8217711824829546
0,0.6659824053939781,0.7078372561825172
1,0.9048964130348744,0.8569258259376713
0,0.542402356074429,0.3091917116822252
1,0.913898909276724,0.7374328373285539
0,0.0421561432461212,0.3620354039511146
1,0.0492711266659334,0.0867566532742277
1,0.5002695892275483,0.545482560987283
1,0.9776609946649624,0.841352516842995
0,0.5150766814919883,0.7891253536360284
1,0.1591317055323712,0.2703713577173219
0,0.460220408208006,0.0878258141682406
1,0.5316513459920904,0.9195689612053352
1,0.913730486775626,0.2659125259079283
0,0.3648216481684438,0.9668416196269002
0,0.2264928130941663,0.4777523876146892
0,0.8434763664876417,0.4836855899542546
0,0.5481145307515001,0.8210698845092916
0,0.6346113129920284,0.7506890760481642
1,0.6789838879112512,0.1437251662475853
0,0.3964716558084245,0.1867448367277657
1,0.4858763383024239,0.0597701164102081
0,0.8921035549941266,0.1495826754050006
1,0.3595028607554899,0.4258538325819568
0,0.3849016798269872,0.625839068572113
0,0.0370379224438727,0.7711867685276047
0,0.5726513745824204,0.6810732501651752
1,0.7804490411517798,0.1571745718896767
1,0.8778001971188094,0.3560327387212584
1,0.3065457382563666,0.7707790291264538
0,0.5639501644970858,0.8873236825571345
1,0.7466200937923846,0.4884358751929759
1,0.6824883321778031,0.9902579082666272
1,0.55622590490778,0.0176057706605186
1,0.7031425482135202,0.2039154590190846
0,0.4657918667466213,0.9892060998192116
1,0.1749057927137753,0.3473037219267809
0,0.265399353032557,0.1684461273552763
0,0.4751942497639647,0.840293313092129
1,0.6275548974937794,0.9377813231898546
1,0.8758037074657078,0.3051933886436232
0,0.7742739734692848,0.7777045107660864
0,0.7589263214689359,0.3290082258622517
0,0.6991436122451333,0.727416596124924
0,0.0671632695207603,0.3510127982959555
0,0.4819001020051174,0.3021880081067034
0,0.6134290701868299,0.2253092616669949
1,0.9133831337757652,0.8308261781530709
0,0.6413411315331546,0.303391521000156
1,0.3562438920978481,0.2669716886170059
1,0.2987082707492468,0.7386633621517914
0,0.3802752468037793,0.1263957381916772
1,0.2214912757226022,0.8660605302032336
1,0.9622489377407072,0.3861342184670076
0,0.0900589622333557,0.4456886661504539
0,0.3968327380108759,0.1292147915652048
1,0.4349624711181273,0.8924418863683984
1,0.3788913341276168,0.3227732402241007
0,0.8296487930629051,0.1451023731187106
0,0.914214805545937,0.0656826192122566
0,0.1082849774419419,0.7686331175658285
1,0.2572375379210126,0.8615486840670359
1,0.176578020154327,0.2814023291640257
0,0.3462283100625832,0.6307280376954363
1,0.4221574735467132,0.6830934882517353
0,0.6944536219525466,0.3645318302922016
0,0.5263344477670083,0.7996718691529923
1,0.2861809012336367,0.26633838066998
1,0.6631750567413695,0.098623441369037
1,0.47225788784776,0.4539402200271978
1,0.0817202103614325,0.4590740060965143
1,0.0226329359044604,0.6231641116634499
0,0.4737432161628538,0.7865724361086632
1,0.5073683725245531,0.9487928145689624
0,0.7969868955840788,0.6535992349324556
1,0.0430792307021995,0.951238664616994
1,0.8239237841392654,0.7547992411416082
0,0.3877872785412923,0.9731053903465948
1,0.9402294163607752,0.3548726341024817
1,0.1245136948281012,0.5107592705502148
0,0.993162577636426,0.1235020738017687
0,0.3622829164226249,0.0597750612128581
0,0.1662821094152455,0.6274162300504841
1,0.7374613235397321,0.9204127525310076
0,0.6375999229942785,0.2845281824024612
0,0.4005785790112769,0.0446766479073776
0,0.1183924873505728,0.2413233987475952
0,0.0103616422713618,0.7926298551533171
1,0.6759463250849772,0.5434536511782639
1,0.3006731400080578,0.710761430119287
0,0.6594634754344313,0.8615238051943187
0,0.831926624679914,0.160851880520942
0,0.8320557289206963,0.9388166893851672
1,0.9262046783739016,0.748655277766734
1,0.7483445454785428,0.4753296228813417
0,0.4185446622438223,0.1383257725480424
1,0.4609537085593613,0.7100335990838189
0,0.5266516762623857,0.2864360492446866
0,0.3793958029372094,0.6711697812420221
0,0.5059265758076026,0.7270633760054084
0,0.1775859725284387,0.6330419764655683
1,0.195320978549943,0.7441966240430544
1,0.5641815811593045,0.0913310588494143
0,0.702306182521089,0.8172587293353222
0,0.0180031418758589,0.7063294743820012
1,0.9843007863334609,0.8631996541395375
1,0.4542476918437951,0.3759363272110783
1,0.6272438421773524,0.2184766459597454
1,0.2083231585451093,0.2715326766565776
1,0.2386415374385366,0.2844013172715921
0,0.4273979356279741,0.9191056500295824
0,0.2475176054512556,0.0704553058666496
0,0.1727259191353161,0.2233702600826685
0,0.7416268306572525,0.8973726934299958
1,0.3939772764576114,0.4469059009084883
1,0.8549391699467032,0.8931219790484314
0,0.2168075422412565,0.512274438248518
1,0.2615740192429573,0.3891053754842577
0,0.6340708582449658,0.2657736595620568
1,0.1904310154244385,0.8467487164444781
1,0.58081000150108,0.2121074595817408
1,0.0777790265676775,0.0310326452779208
1,0.9710793693345364,0.7334730093483186
1,0.4403918239347723,0.6788012114238622
0,0.324846482980885,0.0765331241896843
1,0.0753520615114808,0.950122191965456
0,0.4999454719792349,0.862908628806187
0,0.038184601067956,0.3855715483549836
0,0.3239027450366183,0.1937389611750849
0,0.0243150279746895,0.7609041815813598
1,0.21210167217079,0.7772574725461061
0,0.9994224924871794,0.1532545593295982
1,0.0164551376576269,0.5723652297833653
0,0.7592046901197835,0.3811051611600785
1,0.6947794651947801,0.1600125245214868
1,0.6627903672417951,0.5459832957710862
0,0.5967755017058816,0.7414356474013829
1,0.5584919226081557,0.1173464582952155
1,0.4923728147121842,0.0846075114337792
0,0.685119587910988,0.793021714659743
0,0.7773402769423112,0.7303709269383675
1,0.497796394901428,0.5764936595008804
1,0.216188583549734,0.7387604801479855
0,0.8441036662304885,0.4633835576545911
0,0.6762729105168794,0.3159364496256687
1,0.4680296772142149,0.4181817224213334
1,0.0830729735343299,0.0186791246437983
1,0.1407150638351822,0.4884892926282232
0,0.2307272608791036,0.0886314390384362
1,0.0099773225050244,0.9401399512288352
0,0.7706072387013465,0.8481039593447405
1,0.1843603371074763,0.6990273207204452
1,0.5587988682832656,0.6561367761952753
0,0.6781372022793114,0.8867541300472254
0,0.3875167890418614,0.4982591103994757
1,0.4137425340623323,0.3316866810574989
0,0.6806802242103752,0.7617190334405327
0,0.3246320029600263,0.53050529927877
0,0.4845877998005422,0.2465025173225707
0,0.2183020601327802,0.586740408700429
1,0.442771264006394,0.4385653483798649
1,0.7130241194259439,0.1646122032081151
0,0.4748526181778374,0.7403741781778891
0,0.8725683572075863,0.5518180168034761
0,0.3981169947494214,0.5551416550268454
0,0.430072094738429,0.0968491088373245
1,0.0308261769657215,0.9955325347270614
0,0.5061404536351031,0.362146063113316
0,0.963905594012023,0.9374610170768256
0,0.132447078167895,0.7519966216401782
1,0.5918398268639796,0.5169314993256445
1,0.8948038092571553,0.883703353177309
0,0.8887534491065646,0.4963162951473779
1,0.0318320476093715,0.113508812228026
1,0.3145889629079171,0.7890547734787736
0,0.3696016271421131,0.4687059569928203
1,0.3491083966336481,0.8771113992486634
0,0.9944435163137784,0.0402241574959669
1,0.0369237648200128,0.960092608250935
0,0.511411299856977,0.3404541771176449
0,0.1084731905981605,0.3639455511976014
0,0.8833769448719848,0.1678811603072277
1,0.0219445861965416,0.5290146580884729
1,0.1543501280662343,0.1308212018862127
0,0.1031508963770208,0.2667832503506315
0,0.2699060980398359,0.9572196371079136
0,0.6670403272448687,0.3387303701182296
1,0.4537418270088026,0.4214430493603553
1,0.5277949378276182,0.570864472728164
0,0.1340756891154819,0.3699838460316852
1,0.4463607368618151,0.3802316945384855
1,0.4607206562943312,0.2514988559743758
0,0.7130907561070519,0.2997682116335025
0,0.677854737070418,0.3971364386756859
1,0.2577957852623318,0.4348533452751201
1,0.65492508747738,0.0770393879428285
0,0.2884882277925085,0.2065609451188538
0,0.7273665178384187,0.8641699955836761
1,0.7034056131362374,0.5773290727884195
0,0.8348409306235216,0.0097341969251201
0,0.4813265414873312,0.412128363090222
1,0.6923859952402226,0.9325561193746154
1,0.0411030532453711,0.5844151997773899
0,0.9308048952608414,0.9670938955755634
0,0.9201034591919868,0.5925760105354371
1,0.6681320881973197,0.4652372579987243
0,0.5793794901402233,0.717682014368934
0,0.2962015936899678,0.9179357895466344
0,0.425599173724097,0.9839591312403267
0,0.6136654282183817,0.7290044124607635
1,0.1140193781854382,0.5449197720513885
0,0.3555147152147836,0.4961147369542655
0,0.9355640901809014,0.9604152164923884
1,0.668637101331949,0.5817246526592026
0,0.9368449124634136,0.0897973431306413
0,0.990960724288494,0.1401423761476536
1,0.627494506513607,0.5371360102240049
0,0.5076134771830314,0.7975398474057297
1,0.1313509932133089,0.0806700741107139
0,0.381233740177058,0.0443001264667497
1,0.0047392890195913,0.6310345648132605
0,0.3499961043581897,0.1460635033478852
0,0.9760687057848216,0.0929438365044847
0,0.8921090271578499,0.1695830446565024
1,0.5667392005160596,0.4521240319203735
0,0.3402376451546371,0.9832787080116318
1,0.6846064386071211,0.53644416153921
0,0.7560724666155021,0.4380905497433428
0,0.4884919378383235,0.3782864059535413
1,0.4527228088040889,0.3305229433606578
0,0.5991377069569804,0.3351661318030425
0,0.2974053690626758,0.1976170250457236
1,0.0956752734832477,1.9574653591480917e-05
1,0.4320197061853793,0.2790054449777058
0,0.2368759913764924,0.6212750690025421
0,0.3915299451303016,0.5863058415777738
0,0.8921369412593503,0.9997911098422606
1,0.4509564354226291,0.3323334950962835
0,0.9955559273312116,0.1339566034006065
0,0.2595123042402475,0.154322638254617
1,0.4749560903822211,0.0715496009073327
0,0.8248731946384547,0.2157649917318826
1,0.09662207886918,0.5915143436299036
1,0.1322493041758383,0.6437884390959328
1,0.6300632896672943,0.0090266636210144
1,0.9565360500275092,0.8461159656812761
1,0.7172861737396193,0.0220827421945102
1,0.7473605139129224,0.1922106896709644
1,0.2297638934695584,0.3510222819462575
1,0.2485721102404677,0.2823252866166125
0,0.548497588316614,0.8155235788550518
1,0.9971601687376992,0.3303561327530486
1,0.9973063678008324,0.2304941288758319
0,0.5768617711788024,0.3186542181641656
0,0.23120823192812,0.900722553757526
0,0.8241340810438691,0.0088052382073566
1,0.6181428995112049,0.0384796266361703
1,0.5930493023230199,0.58262698801729
1,0.0499759777988868,0.109425161519962
0,0.2241683366348842,0.4633869226978829
1,0.4728746643373951,0.5863747077151318
1,0.3009715478024968,0.6966036453206293
1,0.4331535208835377,0.4271935775417191
1,0.789711551778596,0.7044859625364104
0,0.006478757732801,0.8273136779371745
1,0.1521663646182306,0.9443825326916124
0,0.5579791214274392,0.868218030485955
0,0.145347578318821,0.7522828953060968
0,0.18825919095724,0.0465924375186294
0,0.5080269716113479,0.2994674361552697
1,0.8739266966762119,0.753523083186431
1,0.0219564230239652,0.5294751546562737
0,0.6518592552226125,0.7447794993549365
1,0.2861031713280854,0.7795928135462568
0,0.2731070499824909,0.4893671580658593
1,0.337655241411806,0.7936064879133918
1,0.7157892989430811,0.1680166468810966
0,0.2278998099048685,0.1538291418679767
0,0.5267890674824017,0.3138534176793773
0,0.046836314742728,0.8370126555088895
1,0.2813483004889656,0.7041631433091594
1,0.918542307317049,0.4419760869512587
0,0.8526172179463741,0.0049381124743903
1,0.2515230132048965,0.3743255862295156
1,0.9224537867273596,0.7017176859177907
0,0.2126919984255764,0.0268472177640922
0,0.987028616319816,0.6380233285568622
0,0.4197989157087185,0.9302018219945022
1,0.6989150885077506,0.127231405123674
0,0.3412236213384777,0.9152846504349657
1,0.2742562567607801,0.725001297761545
0,0.9082785933217437,0.1966305780915709
0,0.617438988499796,0.8151865496143296
0,0.8052228184746771,0.1581132082881021
1,0.5387190399401507,0.053699588553507
0,0.965308268693517,0.1209050951217282
1,0.0299106170519433,0.0821487240181653
1,0.9029257084567232,0.8746876735316911
0,0.5279387447270208,0.3277844431147714
1,0.0785062352674812,0.1542864761480998
0,0.2781361235806657,0.6029044166079751
0,0.5253727646998105,0.859141914521775
1,0.4491748909580455,0.7249334005320895
0,0.4961279468875209,0.8515183590590162
1,0.4379239590801627,0.8541604854456852
1,0.2806170455543695,0.7114750004388649
1,0.6433125911883563,0.6685368434070325
0,0.6597093871401555,0.6735613961715861
0,0.266219259543075,0.4688283773947242
1,0.0133275499769059,0.5737740214365125
1,0.7219952818825269,0.6697724951059648
1,0.7812142187815915,0.0894331499631564
1,0.1096995869675034,0.607299964579004
0,0.1476178011914363,0.7237022104145865
1,0.2528532006274712,0.3814492491765083
0,0.1461261081038254,0.7656952523792655
1,0.9179640561369276,0.8967712455466832
0,0.8520910527717266,0.2074335627419725
0,0.9230954630834176,0.5410165810939433
0,0.4568164440446436,0.6396986117491341
1,0.4184701234125864,0.4326026533633929
1,0.4902341255853311,0.9646538714123902
1,0.8313052102695451,0.8964688731849515
0,0.2931295018584886,0.0744564272125022
1,0.9347978547804152,0.8533580962341095
0,0.1646390758579261,0.5775881258666916
0,0.1396915625426575,0.4251467156541163
1,0.0578298044372221,0.9173546946922764
1,0.0379346706741995,0.6501697566486008
0,0.8912478275936389,0.5417215571412328
0,0.7087435026113356,0.8699229648858323
1,0.7855469216520489,0.3112737259571022
1,0.804779313969631,0.7746300188012857
0,0.9724409061118736,0.1811514053886371
0,0.0817994924047993,0.4329800857832696
0,0.7601545682748979,0.7442093068196012
1,0.473863416967184,0.1152025123863889
0,0.8107091616192558,0.658829750979111
0,0.315553445747978,0.963704405533194
0,0.7299887922008956,0.8040075606934072
0,0.485335127756978,0.3169363829552869
1,0.9434797060915064,0.4356804031077697
1,0.5661146067536172,0.031856011061875
1,0.6072899882319431,0.5501743866643815
0,0.411743623194808,0.5591825520797661
1,0.769895352113275,0.1061894199005016
1,0.5779818055705044,0.4809995391418136
0,0.878276046862054,0.5585195980823198
1,0.0992607265797909,0.5100998662594052
1,0.6005744357866655,0.6492508530668358
0,0.9149407493290492,0.5792428204870099
0,0.547687173017158,0.7004429087587454
0,0.3641267490307694,0.6239356275012804
0,0.4320308231509578,0.0846639103484878
1,0.2335044139805073,0.7606682726653403
0,0.162500393764471,0.0303246085745229
1,0.9111110048491852,0.8027129309223812
0,0.4886349708856375,0.8500709144363021
1,0.9456185176437394,0.6939364262810965
1,0.5614790509788059,0.201028536736658
0,0.9049919242457082,0.6039462718765245
0,0.8904626272945676,0.4760326901091619
1,0.3393062642653293,0.2726902655058708
0,0.3646687668381538,0.9076421505187208
1,0.8234132080737048,0.3713521375464909
1,0.770526500702529,0.9377890212888712
1,0.8259263305497186,0.3319008467222519
1,0.3689121936874695,0.7161290892735684
0,0.1261973811149568,0.7889123682794902
0,0.5438063111866218,0.8223985909068245
0,0.163300023376009,0.1018725214611936
0,0.1877103972615587,0.49227603717814
0,0.1093797211094155,0.3202252144331987
1,0.1280379880518822,0.9000695363725854
1,0.5518661503857388,0.5175682376153968
0,0.4851797432324364,0.8480091932466995
0,0.8353370330616209,0.2090090896064874
1,0.7370305488842156,0.587975366617879
1,0.499858537575912,0.9321430496380666
0,0.4463780874868479,0.1109639914678749
0,0.2020211257801381,0.0074823658978239
1,0.746391746655384,0.9166721648768544
0,0.4807289292256829,0.8244139736777355
1,0.6037321770590287,0.2136319619997243
1,0.6940705364337035,0.9986984899297956
0,0.0906348602675966,0.6949039767101188
0,0.5260293656366164,0.8562262551080148
1,0.9410806123094853,0.7498757835423348
1,0.7385250522029364,0.2229156594812037
0,0.1101797054392089,0.3238825475385889
0,0.2167641870547169,0.4611578218606662
1,0.4999428418920196,0.1549450528305392
1,0.7432395991809977,0.0119256534757564
0,0.833216907958497,0.5393187874528456
1,0.213789766519806,0.2919526876635393
1,0.5633003121597275,0.9585063431706186
1,0.2899920020294648,0.3552144123626424
1,0.5614937813334822,0.2045431723461791
1,0.3453933828762456,0.2989303191149007
0,0.185624517338599,0.668416730711437
1,0.317229652906342,0.3465856866120145
0,0.1977654907808343,0.5086055177372145
0,0.6898493684522985,0.7517404442133344
0,0.5135261652932889,0.7480948687145358
0,0.432233630354469,0.0541488964058913
0,0.3306445937902161,0.5819628750805937
1,0.8641561455012914,0.8381108259465564
1,0.5838719295823169,0.5645255091858583
1,0.0480382090601763,0.9616945337876328
1,0.90536810066427,0.2922236232517846
1,0.9726934587466812,0.3479166278139345
0,0.726038931584189,0.4078690631926368
0,0.9308902347654572,0.6479517893502306
1,0.3267438337957944,0.4162287934696613
0,0.9744564660644816,0.0880421931247499
0,0.2351933080326331,0.0937005345325576
1,0.8712642943995851,0.396624106078536
1,0.1181031573371668,0.4724909329271909
1,0.6580595697051446,0.9508279487881712
1,0.0991950354255679,0.930431590387924
0,0.7287245122555871,0.2836257214730521
0,0.3387493064010414,0.1163374863726248
0,0.3228893049375487,0.147303048690034
1,0.6171280047751362,0.5611971295520272
0,0.2527182514784033,0.4984518251074326
0,0.1893238774418748,0.0144834874622978
0,0.4146100189155237,0.4576538105186934
0,0.7952418980220967,0.1333864820160447
1,0.1256432953136627,0.5579195366556944
1,0.5633930526604443,0.5977855002294958
1,0.6715962346489774,0.065007870137134
1,0.0607018436399793,0.5412268638978647
0,0.292767255211652,0.5135428714841874
0,0.979739837674089,0.162437190344802
1,0.6942565270861621,0.2044220115427636
0,0.6736976061634299,0.6878127983106044
0,0.0086657433014307,0.6990798058866072
0,0.8182979666208634,0.9724371789439704
0,0.0854748974903242,0.7472571685783265
1,0.0404064050962037,0.4759869432569561
1,0.2636505119563428,0.245240482682214
0,0.8484331316585648,0.0735787035617385
1,0.7625093544388887,0.5769314301006044
0,0.5230473970621261,0.7131762146435692
0,0.6146270541012429,0.3150358653396473
0,0.780323853301974,0.6784906893799595
0,0.3315377558983021,0.5112155980702472
0,0.0796864367795222,0.2551887186515037
0,0.387199112428507,0.646445581892901
0,0.0324619593131839,0.3155143491182524
1,0.3234063850747681,0.8099989970167931
1,0.7713751379994588,0.5423901622776617
0,0.0870758949062296,0.2763939763533606
0,0.1247835357314791,0.8134270956477434
0,0.9292108888224908,0.5142701356096151
0,0.993598019047199,0.5119878177997749
1,0.1079776379947365,0.6551813939005476
1,0.5169691493656633,0.1311092060552021
1,0.0062434183845065,0.4882512264555053
1,0.8690748648018424,0.7012469430886435
0,0.3034651874779586,0.4574620573177836
0,0.6582518730794042,0.2694666623032696
0,0.4858558682261377,0.7797000131035005
0,0.7760405346872282,0.7459717173432748
1,0.5668293628976768,0.101562706877427
0,0.1073689799942538,0.7198760401073104
1,0.7941246305706915,0.4308639522440007
0,0.9861209553082868,0.5413794588424782
0,0.9681776430531926,0.6520210161212117
1,0.8544798594363743,0.8245961681880286
0,0.3082979364770178,0.4685788788311045
1,0.3729659360425277,0.2928919165947145
0,0.6574439185681036,0.3491369480095541
1,0.9143352969828183,0.4307000453146726
0,0.3425640025919665,0.6568515340296628
0,0.71533360298899,0.8538645828823477
0,0.3842870513260592,0.6517496061568829
1,0.5861037341950527,0.5964507387254249
1,0.8497314953914594,0.7904497828233833
1,0.735536292335747,0.9927261163085892
1,0.5669150259803938,0.9967220238965664
0,0.477141291327619,0.3090483802632573
1,0.286001689174183,0.2590964662620042
0,0.3740933210704765,0.5177378373710058
0,0.7905546067001838,0.9881881697760588
1,0.4790454783684083,0.6322559124718196
0,0.2791331089945144,0.1345042901180692
1,0.0760591744277671,0.1007182252192769
0,0.490104647894468,0.7453114924778165
1,0.4409535929670599,0.7102665999911564
0,0.2486370493417291,0.1292583717022405
1,0.3297304818861282,0.7356786981947723
1,0.0537978538156398,0.5815172732573112
0,0.2695411185550393,0.1278609754833695
1,0.7095376696634488,0.0400499567878774
0,0.0614349909379756,0.306954486410524
1,0.953696329814314,0.750881483914843
0,0.9248040793844576,0.178904197649662
1,0.8246220517141369,0.2981533069175868
1,0.8813105576250059,0.4182223929300283
1,0.147519399907916,0.9030780464547328
1,0.2033534081820606,0.3331362512572831
1,0.6799134777675733,0.6506575313601657
1,0.7263499137181305,0.0815779687454617
1,0.7144413399926904,0.0561748781281837
1,0.0907862754453572,0.9887927568335432
1,0.5474946614932825,0.0353470188067497
1,0.1422819446647357,0.1898452491412413
1,0.3393209997404366,0.6805357888101495
1,0.7765340919362631,0.048540728731386
1,0.1986796008471802,0.4353278203441435
1,0.6927816297205711,0.0129046753277035
0,0.5684944714603966,0.3577358727319204
0,0.1060197415699194,0.3261161940525893
1,0.1072197818767648,0.1681524432765903
0,0.8951331838432964,0.4882735850409174
1,0.2025737926441422,0.4305224927981165
0,0.9353877468930464,0.6531280836180821
1,0.0789978296243664,0.9935386117166728
1,0.6509513569597988,0.9757823295206342
1,0.7719240454097486,0.9362213593653668
0,0.593848727084421,0.2532194544291617
0,0.1807072440204954,0.0537006374107178
0,0.1615131957610851,0.0270276875015161
1,0.4907556635489922,0.1026800182586795
1,0.5612543466350327,0.2205755126778142
1,0.1131394956511262,0.1002633514503067
1,0.7511755731227464,0.2142345552925616
1,0.6334824832198851,0.131084792616931
0,0.3978984989817806,0.1416708355570192
0,0.9789076859492066,0.0543437015876515
1,0.0424720711713161,0.4988369503281924
1,0.2447247861005836,0.7198710886614361
1,0.071186064667254,0.0871412875351584
1,0.0060339357871314,0.0660900043538283
1,0.8414087434827578,0.8471351616629859
1,0.0797001319818705,0.9764007816591737
1,0.8936166375910424,0.395731262893474
1,0.7957070808289349,0.8138169270127988
1,0.5928648960311033,0.1140485027775257
1,0.7336345739035595,0.1568126938394071
0,0.2381751799208299,0.137701409714761
1,0.6238830812472689,0.5983656308622064
1,0.071866706267767,0.6651446335828156
1,0.0831420034262631,0.4659968096879451
0,0.6769124020271674,0.7887545573023258
0,0.799822858976804,0.6699895401956879
1,0.5594372859519084,0.1692032968382317
1,0.2604918446602223,0.3812361907365671
1,0.9426544372458576,0.2593731755780327
1,0.7778324623370102,0.99122179895985
0,0.1975583541986685,0.6089311403238152
1,0.575529416357565,0.6412941165044868
1,0.4651042795240966,0.7194060679246788
0,0.0333786033093423,0.2457397605482238
1,0.3345994717025273,0.4353107181727227
0,0.5998451881273924,0.7680263113314061
1,0.2137108199685594,0.7009907494006877
1,0.7763909616725166,0.53722785708877
1,0.0357895912860368,0.1373221170395998
0,0.5344110795008318,0.4308748318949236
0,0.7542440024630196,0.680806670568935
1,0.4753346388760134,0.0595108617902768
1,0.8615867089595041,0.739886350617059
0,0.3566742955049321,0.9370392055155916
1,0.8808649599252613,0.3231781578013185
0,0.1607268387213398,0.077214135298071
0,0.3574741270451528,0.03662966427565
0,0.2545391828067217,0.488694978844131
0,0.0036967774291956,0.8377688266437087
1,0.7867911482923271,0.3286239444918687
0,0.8539553945801306,0.6315210469203839
0,0.1369003604842577,0.4330263823912169
0,0.5633209904949448,0.324809540748059
0,0.4473926854646382,0.46871828860702
1,0.8637647841582986,0.7431805135601645
0,0.3004134999443402,0.039634630061227
0,0.2363429112540326,0.6293112430428955
1,0.865371987906543,0.7218092052817269
0,0.2393393492446808,0.6028814924396816
1,0.9685893039220642,0.3198899384248541
0,0.3059809162610166,0.5532619509937082
1,0.2609184560771365,0.4368278705937592
1,0.6056222144563248,0.1238606090402077
1,0.0330650479691784,0.1330367104729346
0,0.3815293444361082,0.1621908926243833
0,0.6968230221628987,0.4338405707264533
1,0.6709138694398383,0.159148689976679
1,0.5374470721410031,0.0848821356881458
1,0.3324697782794275,0.7163908449210569
0,0.8711919486284004,0.5821331961249955
0,0.5240691985401585,0.7324729750250619
1,0.6941329208012504,0.4611679426609987
0,0.9720121378560724,0.5890736376809113
0,0.0164549290633573,0.8120645961757262
1,0.4944830899840051,0.5887324601666479
0,0.5473423027101401,0.7169115882446168
0,0.6481656067632786,0.8583023761373
0,0.3449491891746143,0.6101826609247153
0,0.9807501612666338,0.2070785202226255
0,0.9361562380132534,0.5634610594777825
0,0.3803808771928336,0.4763759734466192
0,0.359793633815157,0.9170876216689372
0,0.7358225892206426,0.8382697615603192
1,0.7045507601942197,0.459066520599944
1,0.6754484909348856,0.0568694458517682
1,0.1617846356286799,0.2823658387495132
1,0.1391069790548197,0.6712154019398212
1,0.8899555495235251,0.7142222033262856
0,0.5491993514237333,0.2803610591574371
1,0.6902498302759744,0.4590488481181912
0,0.0822180464871311,0.3128801278310889
1,0.373855168560651,0.3615006879839951
1,0.793705728706166,0.3304224504224788
1,0.6018314041315674,0.5558450844619102
0,0.5895236839165671,0.3385172617030381
0,0.6450116518029054,0.2890376626229317
0,0.0238092459277837,0.7379285604728092
1,0.4053714058335781,0.2405343255618484
0,0.6819897952893301,0.7591801392846782
1,0.4983145517402972,0.182918670116958
1,0.4007122704502229,0.2493417270794338
1,0.7285969874731818,0.637226190594775
0,0.0295773473050685,0.2438465501631145
0,0.1165159211485867,0.4284975947765085
0,0.7905377109799022,0.067910478618845
0,0.3502490970215108,0.9395185371846374
1,0.7891057390648903,0.8435483776198816
0,0.576405403617697,0.3209896457537954
0,0.0223980798824851,0.2366682544479065
1,0.1717936241005658,0.3435410590531084
0,0.6530288663363563,0.6934698110942269
1,0.8359232285210147,0.3158481961454725
1,0.3218474961464594,0.8295106331976028
1,0.7565886287427437,0.6303181622998608
0,0.9923917845493856,0.9275861279430174
0,0.9763265813966931,0.078441922134356
1,0.6728214644444359,0.912576839351308
0,0.332553802516133,0.0725945050491667
1,0.6129101005907107,0.9498942908660052
0,0.4455215376432045,0.0494018217412852
0,0.5548010644424248,0.2762733173208337
1,0.0521593272812568,0.0034068612465307
0,0.2778739714944024,0.5630896575490012
0,0.6331803673362407,0.8067119436127085
1,0.32497696216278,0.2654328862481879
1,0.8291824768773827,0.3402659015346084
1,0.3807036139106182,0.8732699345120228
0,0.5482269523653203,0.4173063395196442
0,0.3004173161038865,0.9877779111313548
0,0.4864812305920795,0.2998634255794801
0,0.063063219839018,0.8430869735548184
1,0.667029323382056,0.0106196008504685
1,0.4927200924522056,0.1391438410590749
1,0.0702641072048374,0.929518009503027
1,0.1377774507044669,0.0581875825557816
0,0.94920844140755,0.5389408949371289
0,0.4632624814525453,0.9606752809037348
0,0.2733674251619836,0.9670341869691856
1,0.0577152307196592,0.9214431730080755
1,0.6396261254582146,0.9145444057562492
1,0.8762948095319947,0.4302926064852014
1,0.4771611361358658,0.1021421062415888
1,0.5602912566351084,0.2007483424494798
1,0.7787461654797846,0.5500667284067967
0,0.8870171793077515,0.1024545631376913
0,0.1727935482801813,0.1244375345723609
0,0.1675874635559744,0.6276756458323086
1,0.3860198732105889,0.7241589951756662
0,0.2560310786912937,0.0579203407326816
1,0.9000700572381899,0.6836272624759322
1,0.3503632380879641,0.3077294384962499
0,0.2300552390112138,0.981867125225893
0,0.0911532366933897,0.7044453336474369
0,0.3841298049144885,0.57997569772717
0,0.6190961125528454,0.2989889294451844
1,0.139250606657158,0.6615747206471604
1,0.7343026740640229,0.5170335765834518
1,0.569622566068492,0.0263889333558264
0,0.0516705235760573,0.7560936295892023
1,0.0817569915173028,0.6042470776633514
0,0.2378956046648779,0.93923589751023
0,0.4994815477983032,0.2272977271971554
1,0.2080083963894082,0.3122418883657663
1,0.7190676061282026,0.5116478189837382
0,0.7862348498163458,0.484259189259743
0,0.0414810601200169,0.8640855693941772
0,0.5903779914852644,0.2525134717040243
1,0.4714547024638478,0.1297002452185788
1,0.506702200631528,0.0744031177258431
1,0.6554443898751657,0.9653353222037196
1,0.6729553394362979,0.4953769503614049
1,0.9196540004978986,0.3960519291725372
0,0.4426922739948152,0.1615758597240619
0,0.0773194227346371,0.8966550132780253
0,0.3489316726054516,0.1193346747538081
1,0.2029348013265975,0.8594194122964137
1,0.8146999927552835,0.6849127168703468
1,0.9003943073527708,0.2611019371453466
0,0.9664737387920824,0.6489144270223954
0,0.3865384580142895,0.6406161802982726
1,0.9113958748048604,0.7703715124636519
1,0.41443283664559,0.2739560228497488
1,0.2471432638329798,0.3577985199967041
0,0.7376483554355145,0.2284571721347779
1,0.2689677709313568,0.7884483711557965
1,0.4202170612438923,0.4421335113929482
0,0.7513561803114029,0.6734270329195099
1,0.148210287220236,0.5354930960484726
1,0.3626082190662114,0.8408258986021289
0,0.0104720598657599,0.8101945179881626
1,0.5154113194771027,0.1452850455337846
0,0.7293283174192059,0.2533170923943292
1,0.5093651990864976,0.0153607789867499
1,0.4067883316382169,0.8229336721961023
0,0.2069932305443572,0.1587341398817162
0,0.3138130367825541,0.189005189694314
1,0.4942677716671148,0.5678082319385049
1,0.6727769018653121,0.0893042858184551
0,0.943202071818451,0.1355205915628123
0,0.6775663613404804,0.7731547107214712
1,0.396533568473872,0.3990571593874162
1,0.8449412886660955,0.8193035745411681
1,0.267471166353832,0.850431144167751
1,0.4772863206644374,0.6205527453064725
1,0.6169689302561056,0.0876885288128802
0,0.2121601669577972,0.1892135774536808
1,0.3987607709647309,0.3592261062538685
1,0.6604474236438619,0.9585658360801684
0,0.4525879920378743,0.214418836727369
0,0.2823728749434244,0.0676906430670879
1,0.0846285626612001,0.5731391801944654
1,0.9179365044290132,0.7046840002897444
0,0.8487270597925931,0.6199280458042137
1,0.7452676238853597,0.5735662643058381
1,0.0849974100571858,0.0421977953178528
0,0.1273088675606439,0.4468889647221785
0,0.5930416485086043,0.7785752131899426
1,0.1108925527053071,0.9061903037009084
0,0.7388322118666698,0.3660529714635455
0,0.5767817511316757,0.6932445157504101
0,0.4200933222561234,0.0494964937817087
1,0.4286794561045368,0.337245738235214
0,0.7890171421868238,0.9585456301580636
0,0.1132878739127546,0.7800392273425258
0,0.0454155392891046,0.777350737991827
1,0.6010098605894494,0.1357012761697227
0,0.6518939957988976,0.2943579740097146
0,0.2759712987602805,0.0337823282405043
0,0.057843697794102,0.8429526683457096
0,0.0275019096744274,0.2563816529079858
1,0.6691618846240819,0.0700492878453806
1,0.8085281225708297,0.3569930593545162
0,0.7421085990896336,0.2245575696363245
0,0.9637455689049366,0.0498474200993936
0,0.356269198850096,0.6328270081044115
0,0.0346688405488156,0.8200580700250528
1,0.0209302603934125,0.0208514095201803
0,0.1652798853006671,0.0959036011614297
0,0.8832517368223269,0.0774368459951893
0,0.0800851364717192,0.8580702969453055
0,0.3605623210561404,0.9355375638446016
0,0.2943772048544775,0.6528204522234833
0,0.7441069003455906,0.8206149845822348
0,0.8850794773589209,0.101955979070381
1,0.540655622666199,0.5589116199870402
0,0.5465628242202973,0.7526257360612377
0,0.6493679279157132,0.436184520484046
1,0.9844566722157234,0.2846100539904107
1,0.1028517347459199,0.2103678080451695
1,0.9849070508461808,0.8058902904062513
0,0.9997057157263144,0.9179876547211472
1,0.9791952451939058,0.8015266596139892
1,0.2534129922280034,0.2821306366794565
0,0.9139482553784688,0.20351201968844
0,0.2100024620859902,0.1089750616101811
0,0.8540230263405181,0.4618283353920654
0,0.9732469144585688,0.1472423455833175
0,0.3671953446847242,0.4760276113976137
1,0.660037045559851,0.509174948929924
1,0.0883601779532375,0.1955645616455308
0,0.5413499804116311,0.6833451391977031
1,0.0955835629104588,0.9319809995948706
1,0.533070733947514,0.0528884413017791
0,0.3226030940785381,0.1822472973861707
1,0.8852605211345603,0.2481612846630077
0,0.4387290685845751,0.1115886681098257
1,0.757795502634674,0.5108186070830145
1,0.4033529897578497,0.8563373655167233
0,0.8701757757503807,0.538384113209284
0,0.9807816847269044,0.9747431815606628
0,0.3661866645275857,0.0498991793694694
0,0.5538108213570344,0.2806077709645311
0,0.662577442146458,0.8912542389287873
1,0.7640859999343226,0.5067769886213358
1,0.9260111661551113,0.4262084811408313
1,0.6322695548396592,0.9113122418448572
0,0.3001235189776335,0.1407578983311705
1,0.4039315430615262,0.6918656338263495
0,0.1265959553651172,0.447526771734678
0,0.0202662718387607,0.7083752345701487
1,0.0307307479254356,0.980210522122995
1,0.6779956980814279,0.5616627430325439
1,0.6552651565402491,0.2210716241478519
0,0.4172669469504091,0.1240821920597066
0,0.0818062584226543,0.6844516544561392
0,0.2695732954035114,0.6496798189327044
0,0.5127838554039096,0.688237797840708
0,0.5609598472402048,0.4219842538198037
1,0.4512873291676303,0.4063846730548995
1,0.2472067432238011,0.3433592595799516
0,0.2729210222587993,0.0071372268631125
0,0.932441683945933,0.6031483074247612
1,0.1370643889541198,0.1859136785274667
0,0.0299076651525207,0.2978645540266
1,0.2383460310215374,0.3782412564654531
1,0.1820402544483698,0.4008096196206807
0,0.2394830459807926,0.1073724483425252
1,0.1421439827954136,0.9086268771862772
0,0.4598167852838223,0.4606122453012239
0,0.0898105049982419,0.3914358194949036
1,0.8005096851691305,0.2652772061414939
1,0.7379975465231084,0.0548350663659198
1,0.4202311806658582,0.4375339950812559
1,0.9254731870376512,0.8377644182908084
1,0.0810426583964978,0.1190645498867081
1,0.2279455783261775,0.3614527133047645
0,0.4854452773823049,0.8601267910782745
1,0.4176232798289427,0.2868837788535436
0,0.4659090777441332,0.1292467877337483
0,0.1945925008110431,0.6628847227546055
1,0.9193171360397172,0.309879430821511
1,0.0256222431442049,0.2031034770552806
1,0.7813932363838578,0.4909315922520602
1,0.5854905619426654,0.0746165248473634
0,0.7992731952063515,0.4935406053469526
1,0.2561511285505224,0.3982949141281184
0,0.8836083445702547,0.507708635893108
0,0.3680153298502263,0.1747906208526097
0,0.9518119159607744,0.1353276867004014
1,0.7716880931373155,0.4552858372477238
1,0.1419462941323088,0.4785240657237388
1,0.2692401539819318,0.6985583596812348
0,0.1001405431738731,0.239224832459386
0,0.516824005116105,0.2411330983596028
0,0.0500101731264872,0.3361287668754109
0,0.3434384266064921,0.0488458245560223
1,0.6029415904129262,0.4903822331714176
1,0.4999358405235982,0.9311641435156242
0,0.1576281165305489,0.1670312635218362
1,0.3359839105341038,0.2782222773403022
1,0.8431125638261847,0.732666633187814
1,0.6131658615483506,0.5250907051939941
1,0.2907131868120607,0.2524525509019401
1,0.2403807897898158,0.2946411575011428
0,0.4034789672328179,0.5632230153545353
1,0.4808013476085215,0.0991691891547167
1,0.9104855480196028,0.4383030415103043
1,0.4813163681027393,0.9618987909861408
1,0.8693662821262761,0.865184359021801
0,0.5025417451859485,0.4403199911736423
0,0.8838414041284879,0.1204385318058133
1,0.3094029297576955,0.8423415349948803
0,0.7444648883440642,0.7565844910255937
1,0.9427476775662444,0.2424737551800283
1,0.2635747024459937,0.6781817317018475
0,0.8150509688971284,0.4532576518659782
0,0.0291274535221196,0.2664603406018963
1,0.8293947066806109,0.3910375185267724
1,0.9722122307316472,0.7664724293112632
0,0.3094647213868515,0.9570158278060532
1,0.4690037674388033,0.2950251929117435
0,0.0269249044915702,0.3618542428290728
1,0.1475518218247755,0.196731728126635
0,0.1903847815418216,0.2233809333008988
1,0.4269489549613389,0.3738022254958496
0,0.9709753949641428,0.9151820926560128
1,0.8138044448683234,0.2318603315058054
0,0.9556229182277728,0.4529284683532062
1,0.0334823460030271,0.9666304481743828
1,0.6341798231265515,0.1236773543264433
0,0.6059793904945328,0.2872947435408082
1,0.4409228310847296,0.3867607338133869
1,0.7648129113865137,0.5020672564227472
0,0.0370791820137509,0.3168258453048238
1,0.1240301754778732,0.0122359799855527
1,0.733453884214599,0.5581770730317455
0,0.5866935809088869,0.3849390081288893
1,0.0750432605660408,0.5456000049857118
1,0.2174566953063983,0.7536783968694883
1,0.6640257916488299,0.073422925384021
1,0.0632467232476274,0.9025217312399092
0,0.1373200116858969,0.3744920182292373
1,0.121331026695276,0.4519496470098733
0,0.0308214602160109,0.6965099473384856
1,0.9008741891495918,0.4411022964117042
0,0.4878397700588315,0.4206314918957266
1,0.3156256315472012,0.4216879542027038
0,0.9692332974527704,0.931395739908012
0,0.4577145551228333,0.4727409352322886
1,0.0758727673316842,0.5952727701721334
1,0.5262462808327854,0.5989617424816523
0,0.3577755208128274,0.9917642762846152
0,0.2964805833915936,0.6597392200630863
1,0.7396749317685135,0.9598869628401796
0,0.0188918694227281,0.8438503412684838
0,0.6220984683833105,0.8589132253259165
1,0.0471312870339241,0.9726793260370244
0,0.7221530771646778,0.4066306291710391
0,0.0623365650545703,0.855058092788212
0,0.922907391587327,0.161669585713638
1,0.8226282340080281,0.4151070350887342
0,0.74277002307944,0.3793937701432005
1,0.1677306010419789,0.236331633523409
1,0.3189467276380958,0.4172481623143373
0,0.7615347819654004,0.2265675041262632
0,0.0389867493695014,0.2952059987168641
0,0.6711690910920387,0.8802007909531353
0,0.1967211364931607,0.080302187598536
1,0.11770139580305,0.0844516016495213
0,0.8385845747946856,0.0283767758321432
0,0.4357348885580234,0.0799972930874105
1,0.9295502031354134,0.8587602850022319
0,0.6065871168724023,0.3701221571585736
1,0.4538380891114628,0.343772658944019
1,0.6666324489494778,0.5984169427556345
0,0.9224408700277076,0.5982222485154214
0,0.6391783467878466,0.8807096862595813
0,0.9157551964039252,0.0552389870435637
1,0.6426620099287498,0.1822347069570504
0,0.374409423915683,0.9673584460257538
1,0.2155414191666228,0.4072909956749121
1,0.6656027937245507,0.9887119868097898
1,0.466793849783947,0.6915154008953822
1,0.7061474770537577,0.5164941757501887
1,0.8256061014804725,0.3005171520177474
1,0.3569141299463468,0.7917612506925883
1,0.018277857120151,0.551905144307327
1,0.6885101699901524,0.9341341768068804
1,0.3409650153397932,0.2530353888899458
1,0.6999742576108557,0.0051588629642075
1,0.3319695329376191,0.3113460690764188
1,0.3010510388319887,0.6748939532768425
0,0.805589739428235,0.5982077380667767
0,0.1993242418167481,0.2239626020226146
1,0.9974598253846508,0.2445925075358603
1,0.5293581730507666,0.9797918361593853
1,0.0630978419137836,0.0150556816832196
0,0.7566575972003158,0.8682625174733677
0,0.6828522426633709,0.4283273897674802
0,0.4238863408138078,0.1626811882300981
1,0.1757296694215077,0.6883471916403915
0,0.4203411716074431,0.099065671948517
1,0.4765081543071331,0.9038783822658746
0,0.2995657851275697,0.1318037953072172
0,0.0287810558814021,0.7684905779037874
1,0.8333858541200277,0.2486147763504252
1,0.7007128083453404,0.9178619984269484
1,0.3301524656067339,0.8647342452364302
0,0.492137054773792,0.7191093745804646
1,0.600962906428125,0.017151858705824
0,0.2416294625157959,0.0478903312148749
1,0.0592591440126029,0.5516434182094052
1,0.3255717727409293,0.7208462046276943
0,0.1095578203580003,0.8149851950998019
1,0.0978013660773031,0.9245885461398587
1,0.400220273323874,0.3490775201667879
1,0.998909748124697,0.389355970869374
1,0.0671893330993563,0.6336560760638253
1,0.6545767836468894,0.6432364415531584
1,0.5354225730905413,0.0249049890420298
0,0.2493221444148459,0.60716305473495
1,0.9754067412078612,0.6968497902860215
1,0.704835597513229,0.512628128819877
0,0.2911070966870939,0.1469932055054019
1,0.7873478755650709,0.8099917834207292
1,0.643718405520069,0.9166287109733896
0,0.7004018036642229,0.2673002674044562
0,0.6853289088482297,0.413939507565197
0,0.911159801415536,0.9530595985411888
0,0.6699720528069918,0.41471724719891
1,0.1918729322175921,0.3336219507625724
1,0.0713659405484388,0.6448926173253962
1,0.2251501523654859,0.7534150799146069
0,0.8291523423787609,0.1383478327427507
0,0.578366816739004,0.683305777801
0,0.7472052662011082,0.7515068707746846
1,0.2983432759401178,0.4119907882771656
0,0.0786682042835621,0.8843527177231068
0,0.9690653088829289,0.4950302507964411
1,0.1527661918604146,0.1404474708057764
1,0.2464815026558394,0.2951978827305168
0,0.1262699480380602,0.7650419548353211
0,0.2820552493890497,0.0108212578020787
1,0.3130153174502424,0.3017171509303767
0,0.7649272605146449,0.8949824347488174
1,0.8012493457805835,0.420227511897432
1,0.2203569905025454,0.6760376665107524
1,0.256282870498031,0.7010317878380625
1,0.0275205979590535,0.4760442298729398
0,0.5783189960382229,0.7532467093301807
1,0.6426261459904791,0.1426252140405508
1,0.6457476452031039,0.1202432844817655
1,0.3606330300972346,0.4174824329819365
0,0.0465914993711584,0.7439086118220745
1,0.90638348256087,0.7469871855020743
1,0.5629777820788797,0.1972297251539847
1,0.3115966680496371,0.3679053375532194
0,0.938588913952001,0.5110585617114589
0,0.6178392420862181,0.8151646851213363
1,0.1026294028447951,0.997677987682634
1,0.1089509336367783,0.6352076061231039
0,0.3306701184185692,0.5789830867070126
1,0.960222809158652,0.4273777734522511
1,0.9431717342617236,0.3060701017795606
1,0.8288255570334909,0.78774961755851
0,0.9974002231203108,0.9540072084878234
1,0.9713709241454352,0.4002455968736973
1,0.5772495074268519,0.652166221312725
1,0.3413132576899843,0.2585371753774746
1,0.1806801886596796,0.2506812918951133
1,0.7456057843850652,0.1034189391957479
0,0.8680482901963322,0.9753585188785304
1,0.9615145829035596,0.7894429742606552
1,0.3551401676454605,0.8673205840342741
0,0.5023604231311373,0.2803083996091583
0,0.5160663364716429,0.7761566548231675
0,0.2342343648335928,0.4949097873470071
0,0.0750756369124632,0.3577203831533549
0,0.5391289461196118,0.7703655307342788
1,0.1766613290518418,0.8944252793205366
0,0.5860760539455697,0.3451105083740944
0,0.1668700309224523,0.4665489147477311
0,0.73227705925132,0.2553990646172239
0,0.5060081116615278,0.4255361756252933
0,0.5367458869514612,0.8643587496795235
0,0.4778735871730332,0.4087806888687172
1,0.8383650255423823,0.2611007299088721
0,0.3175831801020616,0.5659936259735565
0,0.6180537952671006,0.4338715713103281
1,0.67614288281596,0.6685186768897526
1,0.7755799008310309,0.5319527871809845
0,0.3032835434877881,0.0960659453305156
1,0.6568842851913402,0.9641159250368002
1,0.4786943605606321,0.9857110308214492
0,0.7743250518771178,0.3268226868698762
1,0.5015481034358369,0.0963785633212636
0,0.1034364837166833,0.8052904978365456
1,0.4199152017585653,0.4017486233461222
0,0.3235066410118632,0.9799056467182636
0,0.709950004198692,0.8467167649467349
0,0.8101933154584613,0.1363590837400935
1,0.3568095796389868,0.4346948548355546
0,0.9906257268255882,0.4885636749979083
0,0.3579244901444789,0.2025255207710687
1,0.8551080496963654,0.4348258309530831
1,0.4180534854525012,0.4143836153112452
1,0.0051466037038911,0.6181508787622297
1,0.8411050954571165,0.7782474745878973
0,0.1018725779871695,0.7282803793113216
1,0.2008893331013814,0.8456152388211851
0,0.3294607851439778,0.535180159858761
0,0.3757859901126348,0.1863492883963113
0,0.1293104975063695,0.3711463061235361
0,0.0717058588820676,0.8608455318323465
0,0.5888846875266112,0.3791874307237162
0,0.3188505947153353,0.1673609852866365
1,0.3649028622151888,0.3586971299475876
0,0.2626939688043964,0.0958560272122348
0,0.5258254707899448,0.3170854172935867
1,0.5135057671782522,0.0009365338741079
0,0.7426143181691071,0.3380477516132079
0,0.394108961651307,0.9944176320362492
0,0.8436482522231771,0.5831065992488152
1,0.3299913339516132,0.4150517818678434
0,0.2109095910900211,0.5040403824236095
0,0.2550063688500452,0.5596024489326143
1,0.4051398769230352,0.802359340129982
0,0.2794058460833074,0.0079298848476916
0,0.9643362458000396,0.2135400653698251
1,0.7038357297011069,0.902509001263476
1,0.0813403647104673,0.5599029162909582
1,0.3958679384302771,0.3790670564481809
0,0.3599099535824726,0.5007560368218987
1,0.0559968387027329,0.547821658559262
1,0.0935380031107714,0.1361669610409808
1,0.7650014360144519,0.1785784373366595
0,0.3693782822530815,0.2152887589418231
1,0.8982410833478417,0.7687539667109684
1,0.725592685708821,0.1397971754108752
1,0.3966085593276413,0.7807547558650548
1,0.6349817211051137,0.5491952781030695
0,0.7151563652215109,0.3447342292570033
1,0.3879009827396588,0.7354936849332719
0,0.3232593814929447,0.0440031661049314
1,0.1186477238583381,0.9778540730178988
1,0.7002870783369872,0.1835392954797094
0,0.4277146747119305,0.593723174576076
1,0.7012820598693855,0.0964944215330172
0,0.7465962462822551,0.323443761396418
1,0.6294963950111515,0.6006908936921048
0,0.801745973552393,0.0430755054286846
1,0.9549724125550942,0.3800442069526947
1,0.6266620593046408,0.6303672330044197
0,0.4607232262139357,0.5047981254691927
0,0.6817387737668836,0.8239976336007901
0,0.3940182414537665,0.4641344434744107
0,0.4036344418717339,0.1679731583050652
1,0.0596386946816269,0.6469029475544147
1,0.7937351903410813,0.7878138763395027
0,0.543581428479425,0.7038353568156278
1,0.3788247432646383,0.3300324874779377
1,0.9804154055478994,0.8132036657399706
0,0.8308906296962376,0.0997018813859763
0,0.1985050154070887,0.1569422563238942
0,0.5968729834373377,0.3348400964250649
1,0.6938189715838016,0.0984268113726088
0,0.2899846031926643,0.5416450479774133
0,0.3013175890324283,0.1196701547655059
1,0.9347005678920222,0.706471555182284
0,0.4198329077362108,0.662027094682761
0,0.3713826675008801,0.1617889547639215
1,0.0871735064446336,0.217720314499607
0,0.804005069259019,0.5773087185153123
0,0.1497817700247964,0.8751599655673276
1,0.767249604823308,0.0923739568758938
1,0.4088539272264387,0.7229571704842506
0,0.4983578770562147,0.7390964636769706
1,0.7291253608168018,0.52337663505099
1,0.813354501775622,0.3792962047468162
0,0.8486174613404289,0.4542744005697284
1,0.9615505762310288,0.871398382071909
1,0.887284210746715,0.7938751312744974
1,0.94337965713265,0.8375696615993327
0,0.7865139885849861,0.0409049751455132
1,0.4899511271390309,0.1326853326247269
0,0.7361983345552822,0.708619357485696
0,0.7779224034053175,0.7382307695004013
0,0.8386876053503199,0.9853129370585304
1,0.1931117436533008,0.2835084637894928
0,0.0431796954535821,0.7851611013319292
1,0.0077282213824257,0.583670105671675
0,0.5779512275479332,0.3016546213695191
1,0.4766312894096634,0.0246105276501609
1,0.0235757974982715,0.1862926604902145
0,0.2383393760440906,0.0437322914451964
1,0.3940642837040783,0.7560665865453995
0,0.7142187072493741,0.3350847674732616
0,0.1784859932425723,0.1445969418728757
0,0.3032403217848732,0.1465246589725716
0,0.999415374183504,0.1005150052700111
0,0.3824280747314557,0.5264641661752
0,0.8067868268341112,0.4956330616915413
0,0.5199495718453688,0.2720477949195755
1,0.8705313341766875,0.3661141922066497
1,0.8419668572507618,0.3832906670837906
1,0.1264295777913653,0.672425978950762
0,0.4738276036532904,0.7030127991911318
0,0.8425188044176547,0.5756824666055266
0,0.3342789823492074,0.6676538587353351
1,0.5201997352888897,0.9621832626527206
0,0.0966463258712437,0.8123930003542562
1,0.9657926451008024,0.7596305427957308
1,0.9326865897889008,0.865951859977597
0,0.9087485825877312,0.5194217356790192
1,0.4843642044733864,0.1274221253456449
1,0.5711004407508155,0.0749596902797478
0,0.1115809325034812,0.7687104026935712
1,0.8201641332703663,0.7676489385420376
1,0.7025368043096313,0.6120721515183769
1,0.3910100153557101,0.3230840508964485
0,0.0446966608658473,0.8640104542897464
0,0.7558605879680816,0.3468376801252666
1,0.9299522007501207,0.742039834620796
1,0.4635449338201448,0.4202549074145123
1,0.4220904654826858,0.2878977598156391
0,0.0272288147287972,0.7724365551381585
0,0.223135046156465,0.593542917625112
1,0.1401461885137113,0.9610721321850192
0,0.2684265748312557,0.9823851599287268
0,0.7978681072050581,0.1534909435854216
1,0.960202055626135,0.4151417127589294
0,0.8059211987771003,0.5370791425582424
1,0.4843100282523451,0.1262604082356074
1,0.8732197418928125,0.7242022784393837
1,0.43330889889237,0.3401301833816936
0,0.7054700956564934,0.3012441416495836
1,0.666786622628849,0.9433727209694812
0,0.9459213334868304,0.1545522992196834
0,0.8779162871984733,0.2118102939486064
0,0.4507012421418841,0.6240970224537867
1,0.3805239757408553,0.3978386683957421
0,0.9592185689534924,0.0490698010566127
0,0.2986887518692347,0.0712811105246298
1,0.4912615202678753,0.9407881030266564
0,0.9629864685282032,0.2212760739805632
1,0.5618120260079141,0.9331229830012088
1,0.517069618403943,0.6225818906439672
1,0.5841939938931373,0.5647091976351386
1,0.4208726311552335,0.2456064630661697
1,0.4005974427854425,0.7579571010367594
0,0.67354623566818,0.8730025228087834
0,0.7676997961845463,0.3270865232293307
0,0.3425691372319963,0.4539932734733357
0,0.2863282956644382,0.6275607258596532
1,0.0707822292232832,0.991449069524266
1,0.0471243874270002,0.6564475886823092
1,0.333178755544483,0.3334562200643016
0,0.3365853801838905,0.5345336451448894
0,0.7678575061604284,0.3546452366171048
0,0.2014969861643861,0.2171227902971253
0,0.8070350519093952,0.0569394495143662
1,0.4983007056284017,0.1603014704030261
1,0.1339242008466689,0.1529473698906802
0,0.5039286247540695,0.7628092069462019
0,0.350983309352528,0.6476669634552622
0,0.1788716885845479,0.2200624643893144
1,0.8410731677576876,0.6768905802083468
1,0.231181991736409,0.428855424344772
1,0.158036381170893,0.4439538559281627
1,0.9702047113186067,0.3988588400345413
1,0.6773486506180332,0.0650863965239433
0,0.7337513000253731,0.2879523088792041
0,0.5486521259887277,0.4111039707280266
0,0.8319889521883831,0.4605510550169989
0,0.8410257171012689,0.1319691662664897
1,0.522299059164117,0.4923575688996532
0,0.4858292612440383,0.7518207246565459
1,0.4689927139363686,0.3901671783821759
0,0.2697014610079652,0.5510684650760426
1,0.7739705589925161,0.5279080355297999
0,0.8047222311634312,0.1404934865355682
0,0.317360328197341,0.5308350668421026
0,0.3467341099085314,0.035258023649748
0,0.9434502339929554,0.2150074958070444
1,0.1851850926960497,0.8277168613154089
0,0.6435223248764002,0.2872387588764638
1,0.3858543441307803,0.6885440907343497
0,0.2556085779667049,0.0028280476930492
1,0.3029039224817083,0.4355325990634897
0,0.0255818029786609,0.7355700438074991
0,0.8672951360340113,0.0771070665417674
1,0.1010567404157724,0.6147178973218921
0,0.7231214746417006,0.7448546025240614
0,0.6651026532818352,0.7354741098194658
1,0.7743402486500173,0.5444884664802706
1,0.9513975488032538,0.6819752800517717
0,0.9286542948598224,0.5990808068800421
0,0.2087114412333131,0.0420651564748171
1,0.6608338286021952,0.1031931459922039
1,0.2461771994901924,0.8519469468506923
0,0.8184861459618417,0.5640412185646301
0,0.780464171343165,0.7855809507319084
0,0.0554962311098139,0.8968439406040833
1,0.0118616410824058,0.1550823195291735
0,0.0501298312426603,0.3676121676594615
0,0.7901143776048825,0.9192319567681448
0,0.7260956084730299,0.8165165137276631
0,0.2353795672481605,0.609588032420828
1,0.5481150673998214,0.9774492246561336
0,0.3926273196181822,0.9778423283882566
0,0.4176924095096296,0.5843625473101971
0,0.0586510702344894,0.3049546132884111
0,0.3830811562968789,0.6630968671049482
1,0.6848592053142142,0.4790056159592106
0,0.2021349420599254,0.0272134412932476
1,0.1009707362997454,0.0571993157200033
0,0.095558644141007,0.7328460245960382
0,0.7408567416128141,0.816356955044717
1,0.5019978122787567,0.6706384011250751
0,0.0422004807152293,0.8750429192482589
1,0.8690007409302466,0.768239981494529
1,0.5828093683729653,0.9454065975646324
1,0.1070499201333594,0.6442020265167707
1,0.4995450852021146,0.1402880867135377
0,0.7940122401292959,0.1444204360513687
1,0.7556543517066813,0.5610372678956739
0,0.5364027718296698,0.7919697644712858
1,0.9331899311089664,0.3245768442097946
0,0.4808435037863126,0.2842230955628226
1,0.472969857526479,0.515884240051874
0,0.5072250079829662,0.434591870929685
0,0.4400711868150536,0.9807780111940112
0,0.9871142003770976,0.1712131624341315
1,0.6190860825499847,0.9248362211250136
0,0.0798850611539324,0.3403942008355467
1,0.3869254894392131,0.7170012463166389
1,0.884447329702489,0.4342614986481707
1,0.0548912129152209,0.04247879282036
1,0.9311061688530852,0.7544506092556756
1,0.2628737313013473,0.4093287971500828
1,0.6244240796589399,0.1990898224200125
1,0.3438380269760714,0.2800202251355874
1,0.1826156917399924,0.3110538525554044
1,0.8959768971748419,0.4050435835639487
1,0.9480585191226124,0.8728413570451544
0,0.8551548369120572,0.9343908521232568
0,0.0989242880677917,0.8336664103137944
1,0.6076080520686806,0.1110688301642162
1,0.2190971457374549,0.2537598644544777
0,0.6588749137298663,0.3996587867076311
1,0.29026270026749,0.767407915205517
1,0.1270510545450993,0.020557389098911
1,0.9219714325978504,0.4140847137570371
0,0.463134826817058,0.6519288029205398
0,0.2393014968866168,0.9624692887430516
1,0.959720218840169,0.3001221049082948
0,0.2929158249680852,0.4723500920557696
1,0.4085138644943985,0.258554938875883
1,0.922607649395874,0.3005704360444877
0,0.4227468951683951,0.4913701168057921
0,0.8360683442836906,0.5246210361902556
1,0.7408967324338125,0.623557277084196
1,0.3215074182155704,0.7562493126016476
0,0.5284151371801834,0.7268035485515406
0,0.653649462833954,0.2929154406265862
0,0.943549062456061,0.6731758586077152
1,0.7671184912640283,0.5539160507905482
1,0.3448147866204111,0.2407558773185053
0,0.845417090983917,0.1798976212131893
0,0.9487039199873804,0.1082691015154175
0,0.7636517477122339,0.8454883359346896
1,0.7226796482171902,0.009634711851344
1,0.69979892044183,0.1632867338308326
1,0.8584008850882822,0.2868483926606866
0,0.700485338979197,0.3909304537534864
1,0.737367332028621,0.5984586810290531
0,0.2294458877148926,0.5643198244210701
0,0.7823538166620342,0.3530610972718632
0,0.7387777035200177,0.8186888778071928
0,0.4414039929006582,0.0494865369558665
0,0.9365304697023658,0.9135179632417514
0,0.4283836048152628,0.0490460053789371
0,0.4691395645209993,0.1765391916080739
0,0.1504557338722078,0.8823935558297022
0,0.9636079619594264,0.0738351724291002
1,0.4924974492163366,0.1059063371741962
0,0.9406045357140488,0.1574230966702413
0,0.1722210786555791,0.5883185865873033
1,0.6946641151753264,0.0818727076776456
0,0.7591921598344428,0.3780443164468211
1,0.7321731365297658,0.4974869402011808
1,0.5547616932444103,0.5649876162439537
0,0.4517277691874986,0.1946964427867427
1,0.6556945824169688,0.0860878663033553
1,0.726691028538472,0.6208207781475574
0,0.1308559912480809,0.6841113646390017
1,0.1400075137168324,0.6361324020774527
0,0.4332663280923517,0.1201707820053281
1,0.7317174175827841,0.1075561171138823
0,0.4389421784303683,0.5689435261688676
0,0.3579683412552008,0.5149317720318356
1,0.1533821184217735,0.5524098371549496
0,0.0207076098809723,0.7749978573493099
1,0.9623412360166832,0.2805033942472006
1,0.5290107426208627,0.0300969908925889
0,0.7267622360399223,0.3572158974814421
0,0.6667096527806522,0.7897896639806848
1,0.2873260621624102,0.2873182462582574
1,0.9850030850063132,0.8948192953304924
0,0.6642929066240639,0.7411780835678072
0,0.6493275690584172,0.2817625679466869
0,0.3584140471266414,0.6439328870806927
0,0.9964203414781102,0.9418399650082464
0,0.3924565361917752,0.0199069002579304
0,0.092187083421561,0.3621694888501727
0,0.5266869012164562,0.8394184955235368
0,0.6815108850875583,0.8643692773401487
1,0.4710028481851671,0.3524675492386245
1,0.2899099724599765,0.8737335473224919
0,0.6140264115805418,0.8197813642332357
1,0.6113910428650452,0.4518788071997809
1,0.3600276031739833,0.3795980157503261
0,0.2258507130343331,0.116242300957619
0,0.7055548085452826,0.3803748912717474
0,0.9883845159334702,0.1061709417075563
1,0.1853150554716732,0.2724208269355208
0,0.2200546806819093,0.1266562840520317
0,0.9503277223111986,0.1128709315224361
0,0.6162474844871433,0.7372235328822542
1,0.037698644872662,0.0786372569788239
0,0.6994539920910893,0.831315160106652
0,0.287134938317617,0.4494696178338553
0,0.2152385628335288,0.9376299481967952
1,0.7453278346965576,0.608368976214382
0,0.5360854492165505,0.8453359130494665
0,0.8212664246394584,0.522967067129729
1,0.9153791107606948,0.4176317794433698
0,0.7318847269525264,0.3219948730545472
0,0.4680250892627622,0.9742742652885304
0,0.1542037194736693,0.7827923298847336
1,0.2187851478467847,0.2351167980476607
1,0.7599287682403377,0.4683941410330118
1,0.6960498494189145,0.4633516334226382
1,0.545285488520366,0.5337591007608591
1,0.3513039463011582,0.7298254736765292
0,0.4301520877533463,0.9358409929347088
1,0.6572564400593561,0.5133090215484613
1,0.5684562320469647,0.9332621886738216
1,0.1269229672478766,0.137673172970985
0,0.7308413640539817,0.8697461092623096
0,0.4281308633316204,0.6339478417595374
0,0.6403338686240406,0.3298355967380114
0,0.9721589435027072,0.13371896854677
0,0.9185501445879,0.919156902356447
0,0.3539547123234866,0.9061265942549572
0,0.2623916520109319,0.5446798172995012
1,0.0462164257639468,0.045781722186211
1,0.9314434963943318,0.4231941821835827
1,0.2506675054163682,0.7381194054732989
1,0.5330407693369477,0.0034085266568434
1,0.2023399444789733,0.8350461309881748
0,0.6081435251493998,0.6740911859827234
0,0.8305038941328217,0.562630523616632
1,0.6270536279947544,0.5747864637529626
1,0.4759347621094032,0.1632046070569366
0,0.3045375571619645,0.0244289095952283
0,0.0115822988221647,0.2958147599437946
0,0.7911489174335156,0.1529499715269781
1,0.8407548181298865,0.7181614174652883
1,0.0996706723975265,0.6266768476016433
0,0.4747489819457954,0.4242716800363689
1,0.927642792636479,0.3251359414803698
1,0.0099736765098443,0.641889988959748
1,0.5587666546266475,0.4901448812475656
0,0.5929680572998399,0.3744333075997386
0,0.4183625191373775,0.9400256792877802
1,0.1231610665379043,0.4607052691959535
1,0.2349648268035156,0.8517199319743785
1,0.94845948547197,0.8389651172105544
0,0.3272297369422007,0.0663709273354822
0,0.4487309580598397,0.6703981850891547
1,0.6931034832616894,0.2092951362187347
0,0.0871279351711571,0.4088096413900546
0,0.7660681173865096,0.6734450683950869
0,0.8428617396701041,0.0379819292256483
0,0.7385446380378906,0.7658022924150234
1,0.4495332976589243,0.8263403021024146
0,0.9891503004205412,0.1205127753688435
1,0.052083474511048,0.2220115890732678
0,0.3931725241459857,0.0487550867184006
0,0.8572682751984264,0.1608013694520903
0,0.5094151518535418,0.896495874048304
1,0.1327637842061219,0.1566277482085225
0,0.9869169961868608,0.9891457534023872
1,0.4497076114251369,0.7916541285714837
1,0.9840432851448953,0.8632926468590946
1,0.8096412341442489,0.2846834801197753
1,0.5592661035037833,0.9149427852892396
0,0.2973920167462585,0.1801076661360879
1,0.4545694055040552,0.6852740245271973
1,0.4937918486365109,0.6519108468172863
1,0.5401286767791859,0.1857128868706278
0,0.9718507366970688,0.5367062709563718
0,0.7139689380175516,0.7377900993204793
1,0.2492712885809046,0.7837223230918572
1,0.1056529770142562,0.946063203044534
0,0.133090066655162,0.7937817180185147
0,0.2347515491941314,0.9507481841950748
0,0.766579057831057,0.7889283703819521
1,0.6791292430213424,0.1951637360550501
1,0.109727451672465,0.982812133430118
1,0.4131244777430077,0.7050011801280078
0,0.6914051310087246,0.406431371564819
0,0.2029351168164059,0.9265048780894029
0,0.192803687827421,0.5925086877546388
1,0.0058162253762777,0.1205644143619651
1,0.5607312910108213,0.4930671769010948
1,0.6420769666706025,0.1222402122582763
1,0.0403710029540761,0.6429038242835535
0,0.4050050638792853,0.0431680748786154
1,0.1043588872317894,0.1546800597504988
1,0.3419772725208122,0.2256121458357938
1,0.0495482065636819,0.0560895981592427
1,0.967854974045774,0.289028343124696
0,0.0799576476834689,0.7967198426643715
1,0.1637894519673672,0.7513071874852134
0,0.5316705889386915,0.7959610171317433
1,0.553307734305147,0.0931003564462257
1,0.7512034852892051,0.1434597875572953
0,0.7835280982627433,0.802924298437839
0,0.480701956978981,0.7650620402632629
1,0.9625132010842786,0.4236961146027602
1,0.5888553263284183,0.6505091817382923
0,0.412292570609905,0.5625614177062097
1,0.0028078329910088,0.0708336201312129
1,0.1482457802291404,0.9972448395999765
0,0.64779365326233,0.3289117023701985
1,0.1265133875719142,0.0107602064441262
1,0.7496938964367477,0.6714794604019448
1,0.720994633611812,0.0859900926468412
0,0.9656692268160278,0.0202385946220461
1,0.5488236078869301,0.5331538120563517
0,0.9472211558412018,0.4709277931394201
1,0.6677456729587109,0.2133746739731995
0,0.6122956972703323,0.3008381491351506
1,0.0791081076332995,0.1067892075945911
0,0.7840987187175206,0.7317984407375381
1,0.4829060433604912,0.654709352478773
1,0.1504538550816457,0.496879757517165
0,0.5963524417374484,0.335848577818571
1,0.1974165723856813,0.7595422451162521
0,0.5511181283184935,0.7927483071941568
1,0.0807271121311082,0.5699734037558182
1,0.428333565530721,0.8492564996146615
0,0.2426416533416802,0.0971959985259846
1,0.8934175240368178,0.2332491713772769
1,0.3479021798622068,0.7598789028230176
1,0.2910095824261007,0.7436835936731283
1,0.0433239862064248,0.5705366650380065
0,0.6591252443675424,0.3838124186678168
0,0.6318009594338048,0.3221931762720723
1,0.5887575827161614,0.921310865875049
1,0.5014072190542409,0.1920006435926086
1,0.6837099295608248,0.1387830427755656
0,0.5361492422065435,0.3180461267247358
1,0.3700472934420485,0.3061403069808573
0,0.8335645794739903,0.4957419334438355
0,0.2216228200369275,0.5856690717243891
1,0.5312292370448521,0.4665460216452141
0,0.5477171730592477,0.284660357416441
0,0.7091280752819336,0.2771641182508579
1,0.0473780169612022,0.1518637926034546
0,0.5393564135642118,0.8677626685484948
1,0.5000905120574577,0.9806263440423372
1,0.1081094794560765,0.5421295817744146
1,0.0565576631826695,0.5602017384764588
1,0.5518909129373268,0.1264229817808865
0,0.8832613027664407,0.044775664986258
1,0.233196242033825,0.7538521580548131
0,0.5557334710788082,0.2958336577440233
0,0.0794586540995204,0.3750763169790565
1,0.722343208586565,0.0241532398657612
1,0.4805449301338177,0.1190610876988423
1,0.4959839008680129,0.5440841246023225
1,0.7896340591737069,0.2996001616464276
1,0.1191008570975376,0.0142695304836084
1,0.9154137232891032,0.786805512240144
0,0.9199454513690029,0.0736687200137111
1,0.0894356268548715,0.6070344221039636
1,0.3996780984412781,0.8439681017242945
0,0.736950877051364,0.4377571254054352
0,0.3988311233149902,0.1800246437252418
1,0.4438326174298175,0.7793353882879759
0,0.6613065646816889,0.3486019360472786
0,0.55071011615717,0.4087294116121738
1,0.8695278011740893,0.4292723348094927
1,0.232539698633351,0.6810246083981634
1,0.9757841477746548,0.2625768311753934
0,0.1235493980504586,0.4409381581323341
0,0.9838604378519724,0.950583536921153
0,0.232493543853365,0.4552569293178814
0,0.5562187382421807,0.2270286088420503
0,0.3562246531005973,0.6290198083033522
0,0.3843099427058669,0.0106444007219891
1,0.6731007006714792,0.121753229810513
0,0.3217656718827814,0.9460662407493284
0,0.0913793953881805,0.7027315679247383
0,0.7517433873512636,0.702915183410091
1,0.6497324077372678,0.2215535357783592
0,0.1041716544467926,0.8864389969492988
1,0.471396588814308,0.6112980967938648
1,0.3320322133086982,0.8555078051414624
1,0.9232313952867822,0.3847336986047041
1,0.984034755098849,0.719812111746754
0,0.3782268154435503,0.0483992769437928
0,0.7899252051151573,0.1273738529746626
0,0.4718857048234891,0.3381333853476007
0,0.7573007739623406,0.8545419735320453
0,0.6050227296667458,0.3559529660390746
1,0.1867559604857287,0.8044337252366868
1,0.5366865460297705,0.4534409934338586
0,0.1556767954044896,0.4034893498249837
1,0.9255688094129207,0.2729525478777035
0,0.6134117595898616,0.707986660561526
0,0.2128454304591812,0.2173342236417704
1,0.773043059031416,0.4833908953480178
1,0.5524526840424422,0.0479256240134332
1,0.0977612456841054,0.0538135021212026
1,0.4524497627814153,0.3857505604038764
0,0.4464095085554633,0.6593242336072441
0,0.4253476738577239,0.558617060493002
0,0.0330630579203048,0.4376211456539974
0,0.2897739959081213,0.0874757397266279
0,0.286064717297585,0.953851609772078
0,0.0448434525112606,0.8294052783338111
1,0.406612455834078,0.322085587024125
1,0.5466062882712616,0.2201356381072167
0,0.2875379153326831,0.9017228173388552
1,0.0806213110408324,0.0749203619743391
1,0.3624077641939511,0.2591558753930624
1,0.5436428810145579,0.5787875204931258
0,0.144318519488944,0.2386698804901341
0,0.4683317798902818,0.4836169345271202
1,0.5783229255462716,0.929035981804425
1,0.3051305506903726,0.4299461940350254
0,0.6833377930198258,0.8763070798947934
0,0.9769335762210636,0.1043156985025017
0,0.1538079598926613,0.7269577036613988
0,0.9622902339856266,0.0145708626100015
1,0.5266426666073412,0.1571962853287213
1,0.0155822617782506,0.458600062493163
1,0.0494514744301837,0.9893483662825971
0,0.4262635493302567,0.5734365877791818
0,0.172320730103669,0.2091181698461174
1,0.5976201800723194,0.5090378093077106
1,0.4269650668249821,0.7116300464665886
1,0.0858702034788988,0.6538197587866791
0,0.3898609384428895,0.9369299807771848
0,0.8347678626986291,0.0891060942816276
0,0.7230145570616311,0.4157066264447755
1,0.0669488907959103,0.9258544827052312
0,0.295301456809996,0.0231261403469034
1,0.4936168974853353,0.9619843844418516
1,0.9548465651326654,0.7282191792409861
0,0.0146885980859683,0.8178451852136327
1,0.8004018464439927,0.8816039587031005
0,0.037757181692788,0.2362192423468324
1,0.5063093321864175,0.5826773936823592
0,0.4271564552191488,0.655949924569074
1,0.5404278291308575,0.9244750484907852
0,0.3281483869828233,0.9826236886274108
0,0.9768189576771806,0.0122140979857809
0,0.2875250630523919,0.0455407116250808
0,0.594554339014941,0.7277786336123786
0,0.7665449772051095,0.4214584409065507
0,0.8599042911937596,0.9374478957481658
0,0.97406354337403,0.1338606562020664
0,0.4951708666469574,0.3438961220070189
1,0.6944443325156856,0.4580167074545539
1,0.9209344035648483,0.7506629231966266
0,0.2114963226316243,0.481575519634983
1,0.7774630625147946,0.6288041416197696
0,0.3950338894822812,0.1080422365579764
0,0.1580094775845076,0.0502937896914263
1,0.6509989897769444,0.1428827826558532
1,0.2795329246901032,0.3443586895262509
0,0.989042750902016,0.1753826043505961
0,0.0307046026710924,0.6881381751259822
0,0.774713428132511,0.3833087889824983
0,0.7801999924963833,0.7028087338348765
0,0.1750219427477184,0.942579199990698
0,0.9654247039002476,0.6096042273955754
1,0.0005992711444046,0.131946763265642
0,0.3481383097857198,0.9828976255078746
1,0.2156592537038661,0.8887665956209493
1,0.3889164516316161,0.3893235831996096
1,0.5866244634616805,0.129741938628584
1,0.6376414916109104,0.9842826002365178
0,0.8058626510665541,0.092645122551208
0,0.8418976683579819,0.0639077317788963
1,0.8024443855406619,0.3152452172737482
1,0.038898608722228,0.9781351928237424
1,0.5593500687738354,0.4922253307157259
1,0.9016609692722009,0.399169429576473
0,0.5766802420570231,0.892685258704811
1,0.2100103507766966,0.7976982492572448
1,0.8549134105412078,0.4391389517788651
1,0.4943747552588629,0.5992492148217309
1,0.2047930018957369,0.7738635350367824
0,0.8323446590852331,0.0905469042138672
1,0.4949065543790968,0.1530025033746996
1,0.9258780984564248,0.854030217542156
1,0.6933670092261138,0.4584528384769206
0,0.8207518615214372,0.1551881400185056
0,0.9169213759216772,0.4735082294303782
0,0.0808077462353582,0.8784359115080725
0,0.4221242257215247,0.1686311668727195
0,0.2246543488742883,0.4888022279188428
1,0.7877526750625994,0.8930259233274491
1,0.6193100564116237,0.6269046268251732
1,0.5228814276321009,0.6446892148079579
0,0.8488779041293045,0.1096835000972205
1,0.453767579416159,0.7436884661170511
1,0.9786912728875092,0.821033560681125
1,0.1846568094702576,0.7863233584145697
0,0.8905974411890787,0.5177357789617093
1,0.186701712634117,0.6898663551375943
1,0.614499084863789,0.0539730960417823
1,0.5237351688077353,0.4826441925280447
0,0.0243090897465523,0.8325056393807627
1,0.5530287667091047,0.9041641383037432
0,0.4943336666204836,0.2508148757234418
1,0.2507777508624875,0.430672953124488
1,0.2140424537652633,0.400057952740154
0,0.601609148433953,0.8833631791974257
0,0.0847561304621915,0.3781752815024237
1,0.0094283039130844,0.6554297109502429
0,0.8256347675372084,0.932954633422189
1,0.515955710214944,0.9919064507293262
1,0.4266167188699149,0.4467376148491556
0,0.4354886720217152,0.6306837179098387
0,0.0907567360140364,0.2289070131757551
0,0.7362318722531279,0.787025333719309
0,0.9119299574537358,0.9492725516223104
0,0.5153686314072007,0.4084417893462905
1,0.5452702644728612,0.9337345649340472
1,0.5865906113524119,0.969135722260824
0,0.6983492251218506,0.2413192593121462
1,0.7229704648417303,0.9210557340798614
1,0.4805707547813052,0.0646556141963964
1,0.6980572614482133,0.9646950046218548
1,0.5978051969641385,0.976287670679566
0,0.3171897712725063,0.2034680324920996
0,0.5732809169892464,0.3946544497379587
0,0.6384380465528267,0.4220767354304068
0,0.5864731270306348,0.3446594185101974
0,0.310847897148218,0.9170066643069862
0,0.1511491376861115,0.7166490086988483
1,0.0695378524960539,0.9287929819911876
1,0.3170404247525844,0.3669109967675825
1,0.0052692414033307,0.0502262993725458
0,0.8124357003064485,0.1364355616332991
0,0.4489517115412874,0.5331298722271657
1,0.5904450594540513,0.9536637034257645
1,0.1562772001770983,0.6200937984533366
1,0.0840182743868386,0.0089108347384614
0,0.4981445884571331,0.3766502383295448
0,0.723055345863619,0.8321003069715293
1,0.8487259224673056,0.7978428847147669
1,0.3401375179250498,0.345766784211431
0,0.3354073993365616,0.5674478156177654
0,0.6992325446591646,0.3194175079386252
1,0.1805966457182595,0.4252297238519645
1,0.9672906476022648,0.8652306706411356
0,0.352592738457636,0.633082351827677
1,0.730837329631941,0.0547309022551936
1,0.0085768859579994,0.9248237741289356
1,0.1852192992343898,0.7617305622192343
1,0.7011016063506917,0.4685242784312811
1,0.8022451503083902,0.2796252314050114
1,0.899257240016825,0.7162690719536408
1,0.3004078752286495,0.8653044260030968
0,0.3880498908618441,0.1355001012588399
1,0.2083553268956941,0.8149542887471595
1,0.6712389927827781,0.0351402812455595
1,0.7936334644742433,0.2885645610014088
1,0.9452260306460336,0.7364508338669076
1,0.2671694124763455,0.28538860490437
0,0.4159322505533769,0.5585792985580456
1,0.5069517253566311,0.5920633033362064
1,0.3568683686104625,0.7619763472839667
0,0.8855985975645145,0.025175336501181
1,0.6937405253364596,0.0265158574343684
0,0.6778473937523767,0.7356707349166759
1,0.7385412193914989,0.0073311467813385
1,0.0346046060342933,0.5806038104151456
1,0.5174602220067839,0.1541445131212325
1,0.13865235963515,0.0805217859968482
1,0.4388840656008377,0.7683752873701374
0,0.7447267115304413,0.7578531194387306
0,0.0517296319087063,0.4144268516323911
1,0.7559906845372,0.2010850499087331
1,0.5292875714432407,0.4694331705780098
1,0.9253916772463218,0.4053919516271359
0,0.4337428908173395,0.6075699652280175
1,0.8479758894401033,0.7975907653141213
1,0.1460107133401172,0.5009752287095387
0,0.7406442425489402,0.8511990286655282
1,0.2022409915015488,0.7197745288185083
0,0.6913898662856353,0.8913178157639166
1,0.308950950823339,0.8572557219222634
0,0.8717685972294179,0.1988028066262344
0,0.2705220005844858,0.0443233961832466
0,0.8024955624424752,0.5763918575905435
0,0.3703097490748683,0.9923750329070142
0,0.69581564454822,0.2650749948913217
1,0.3116677575588684,0.2670086254368954
1,0.2241740879620561,0.2753638025469817
1,0.3030348676400041,0.8279402014136555
0,0.1773348252479835,0.5511051442001171
1,0.4793953153658751,0.1072740597306822
1,0.8356843738328111,0.7089990802647721
0,0.9697204897698186,0.1863414382316085
1,0.7432406650834209,0.9229264201259534
0,0.2678686249177437,0.598440758952233
0,0.0451749248321244,0.4467557495426268
0,0.578101916116471,0.3628484536423932
1,0.5911033804966986,0.9695516261222744
1,0.8817844146625462,0.3778533987098145
1,0.6595531094424602,0.0481069480119723
0,0.7303674911254324,0.2401989498678768
1,0.4496900200540414,0.2848894061065802
1,0.8105330117083624,0.2503521085076702
1,0.7498188691764722,0.1889250002272728
1,0.545179738634991,0.0987533575382683
0,0.7124617641517943,0.2584083766136497
0,0.6370884265431742,0.8508727761584789
0,0.0403026170757737,0.242421637572009
1,0.2843017708348291,0.8972987080102417
0,0.0665649330592,0.3207407322170625
0,0.0929993805492638,0.3502269825534793
0,0.7563859539254736,0.7387277784353727
0,0.908756065972562,0.1639255988803227
0,0.3528161075987615,0.6629149698109947
0,0.6500916173982221,0.3263395599274364
0,0.2502816933431212,0.5809531692754912
0,0.5847614280925074,0.36777791049451
0,0.3042247007612854,0.5375620950275084
0,0.1113213091745144,0.6869335483519641
1,0.8168638654977344,0.7640146793886281
1,0.8949033726646215,0.7253661120245827
0,0.1747626505968501,0.9226638064980572
1,0.4699132352824577,0.3699109926191264
0,0.1361852826867866,0.3245109500362497
0,0.705079959866324,0.753923851721559
0,0.0047687213145074,0.7839391635878306
0,0.4076109950028488,0.9672884491173336
1,0.3578352086053785,0.437658335524262
0,0.3432959352696962,0.9268065640582924
0,0.2869887767475489,0.1439917758958735
0,0.5153910399413479,0.8247909426128668
1,0.5301534145625784,0.1169336688274018
1,0.6532756455232854,0.0366735624445588
1,0.028026178782104,0.6360796592837072
0,0.0542650378711391,0.3131362813932349
0,0.694805215362934,0.7440851457677836
1,0.3914884666180253,0.226740097041651
1,0.781950775861304,0.9496137441925172
0,0.2723616394895686,0.0050055238258376
1,0.2344111884628706,0.7501010090766665
0,0.8983170188971439,0.5389519279746626
0,0.0269054510762628,0.8106872226599342
1,0.3425385252664713,0.8538446600002992
1,0.9960560803152522,0.8746092204387113
0,0.6837177841300531,0.3459396654594043
1,0.4741550588870924,0.0058663304388895
0,0.5143683212009349,0.8749794551909214
1,0.443423999462482,0.4240161172817629
0,0.0217311245453938,0.8328401223930435
0,0.5147443292548926,0.6887997271837623
1,0.4652186808194652,0.2633254524022851
1,0.9076718965236592,0.2652164726978553
0,0.0035554076208688,0.7423946614731555
1,0.6097129797573558,0.913214931856699
1,0.8218757387016348,0.6935935612269265
1,0.4977536421748674,0.9144886079470574
0,0.0630165015480893,0.69541034982845
0,0.8384634474713774,0.6172183306153688
0,0.4891901649615486,0.8111860370113599
1,0.8706468515424928,0.8538949472896851
0,0.3831163886811397,0.6598603637118853
1,0.3283363360893802,0.7349648291344417
1,0.4547880495539267,0.7678328530033047
1,0.941701689160918,0.2729898699228734
1,0.5568020972050172,0.0438184170660574
0,0.948498294322629,0.656492045531599
1,0.666190705015447,0.5770526278439525
1,0.6284417870918723,0.9816046689300716
1,0.4296561558793835,0.8704099339276612
1,0.9385009997148628,0.7806529386503683
0,0.449147669061834,0.159296909194106
1,0.4307245699653612,0.30471326736867
1,0.902308187243708,0.8102981877328577
0,0.4695529105688584,0.54853877876193
0,0.4186628372262173,0.068961763054906
0,0.1192703904166729,0.7097914711345694
1,0.8148089717607124,0.821146034716625
0,0.1617692962875271,0.0896924284142881
0,0.8792222174426613,0.4602757113176302
0,0.3117688119315436,0.9627475802103636
0,0.3336463338048567,0.6290175211087192
0,0.7430259799528505,0.8026983726424596
0,0.2100516032918762,0.4597629100448835
0,0.6621897985233868,0.8869089964244783
1,0.0498081621608962,0.0857577489999119
0,0.7011379021304507,0.4204080113957132
0,0.8599045299282222,0.1215947415293338
0,0.6980577690484144,0.4293232400972868
0,0.5763007016735681,0.7121304723046928
1,0.834024757561693,0.3850265614269527
0,0.9213224312798092,0.0511934740967484
1,0.7977570375365142,0.3889510409784397
1,0.7320249072090201,0.1888284253814222
1,0.6087353240811442,0.548526497304677
1,0.9588806083420596,0.8603021682988014
0,0.0465550880867565,0.3284437801231248
0,0.1935908170345965,0.5142732645832468
0,0.5688331461401819,0.803075790231197
1,0.2496722524713823,0.3189131538922697
0,0.5577748273828472,0.2258043995215863
0,0.5397220294798972,0.347986348994318
0,0.8663903081626042,0.5139060568258161
1,0.7735366980628509,0.1625842137162262
1,0.719447426445049,0.5519068495852075
0,0.2540412800332402,0.4537352729271754
0,0.8053911079870647,0.1444189313899374
0,0.9981834276686627,0.6360133224438274
0,0.5326691762680661,0.3086643458996547
1,0.6077020223681091,0.9953784047375056
1,0.1272533445806912,0.0961488249283356
1,0.1431275020111204,0.6570384232241389
0,0.1453574385618148,0.3751879303828778
1,0.3574623350570424,0.333685484311796
0,0.6278599303359317,0.2755280844940835
0,0.84288657101463,0.9209386911988596
1,0.5434050379613318,0.5063614304943729
1,0.0247181360369674,0.1081070521386634
0,0.0388022852375811,0.3752335682975981
0,0.6554597141733712,0.3312960293899339
0,0.2635362212455806,0.5130896028768045
0,0.580106973555812,0.8301370968753543
1,0.0342838203383024,0.0282027228832798
1,0.9938244813004988,0.7433860531027455
1,0.4576459559159399,0.4433386203098686
0,0.1950019132502702,0.5742410480873646
1,0.4873265791252175,0.96044898923988
0,0.2591353944000163,0.0917808688546198
0,0.3967753220894043,0.0597241999194557
0,0.3557875821009489,0.993978830454607
0,0.4984402354623324,0.8586427599655102
0,0.8637724981894083,0.0319326150549963
1,0.2665520566144549,0.2632039655886627
0,0.0208735454116861,0.844364412570107
1,0.1407262281542191,0.4997665202536733
0,0.8222678878227331,0.9578289192445036
0,0.9703142996130404,0.9897938011876172
1,0.9682924219853034,0.3931766710678988
1,0.1997403463983238,0.2367567812436947
1,0.0977892226385861,0.9629794984031352
1,0.0313063013011446,0.1780962444985941
1,0.1538192983487142,0.0278295259851319
0,0.2737620832739574,0.0234840199620135
0,0.7671557749811735,0.3139949246281408
1,0.8604149532207933,0.7932638145900733
0,0.908364600842741,0.6411180645051054
1,0.7254380110334905,0.4951948740319147
0,0.3864849914915576,0.1716761901681938
1,0.2205166482052371,0.871599301537352
1,0.6183736126507926,0.177001829641238
0,0.3356392525208475,0.4945150399987091
1,0.0665127515775124,0.6719915288330184
1,0.4368837413564993,0.294961303007994
1,0.7295492970144264,0.0467243959840889
0,0.6264879641552934,0.3555099157824595
0,0.7632050959324432,0.7505382592975897
0,0.2317998725206124,0.6365464287399285
1,0.6652442466841324,0.5354073785501241
0,0.5588397063934626,0.2500770243653651
1,0.4213092565048971,0.3525208873791741
0,0.477498165951734,0.3812044148418113
0,0.6192291289920663,0.4351230949332024
1,0.7214081574357784,0.0671244653713933
1,0.087559985161853,0.5153000216355387
1,0.9359264718131228,0.8858464694171823
0,0.0679124739268235,0.8472658939075889
1,0.6688087700116525,0.4718228037892568
1,0.940662179786536,0.3794518983481325
0,0.4194665573916013,0.0897626313530816
1,0.6208305251257934,0.6056550889704315
1,0.2443198365627663,0.316947442849975
1,0.5518812275550877,0.1718316009161752
0,0.9783329425246644,0.0906451037824922
0,0.1525149979775448,0.8212964877728814
1,0.6692011078587987,0.9727489164966804
0,0.3400746369543895,0.1993249887545379
0,0.4769711340257334,0.7432758802529125
1,0.5571282553968768,0.5269831065518211
0,0.9248725174703814,0.1531672166188982
1,0.5243516645763374,0.628601611959249
0,0.7145422067009248,0.692667621406484
1,0.1335585194594287,0.5104085320339842
1,0.9462502588185884,0.3713502146494388
1,0.9749223026364148,0.4256509680077412
1,0.0490935405452922,0.6607299488973197
1,0.8670368178140225,0.7613842539371677
1,0.990157270345323,0.4467055002970078
1,0.2229889968091162,0.7166512714702904
0,0.876864986364458,0.4661831877742622
0,0.8139160689421469,0.1998147955561393
0,0.1158573422974245,0.3785354233543793
0,0.5572098772331707,0.7491187571454135
0,0.9890121292318468,0.0841027124094638
0,0.8577778679197701,0.9661319713808026
1,0.7373591255532977,0.988990810480372
1,0.2640035485408167,0.3538266296332609
1,0.7773319070360544,0.9229357812150788
1,0.1256809957306758,0.0736128540766505
1,0.9662579542671296,0.7104662920094552
0,0.3341367298281638,0.0580063524620165
0,0.0544248486349088,0.7029869263661267
0,0.7844310750361466,0.4445967300143706
1,0.5185687493465926,0.0211827878707195
0,0.6850731584108126,0.3126840822077046
0,0.193257196424363,0.5441405691240997
0,0.2131505458987842,0.4509743363947313
0,0.6821632058513529,0.2484496079775388
1,0.0120135562173668,0.9262706122968964
1,0.5183663345252242,0.6543739325158618
1,0.8202339011611036,0.778298345227755
1,0.3885721541605829,0.3542785735726598
0,0.1603999849890257,0.6394861449112735
1,0.6157086746992038,0.1831261593448122
1,0.7929946963246389,0.7434483074255039
0,0.7551674551787437,0.7877703233243614
0,0.6971342384726045,0.6858910997895284
0,0.3649055826133627,0.6225101169158657
1,0.3153086514718761,0.7971130630771516
1,0.5600221816975527,0.9025729520724968
1,0.248777684795922,0.2301146916247533
1,0.6741072634669665,0.1129484490176655
1,0.6591176235825197,0.5957094288582998
1,0.6062207039937634,0.045485495233936
1,0.1897006536640489,0.8565063443864573
0,0.4007810014988637,0.934213219272958
0,0.3335994402937172,0.9227569921379172
1,0.7123188587022553,0.9756793826238088
0,0.0627799068486718,0.3986842806972591
1,0.9811268186236588,0.7957390528490567
1,0.976031181823412,0.8344158098797763
0,0.589685880560621,0.7784028351107473
0,0.6518723746285399,0.8824296317260875
1,0.2275216658489349,0.6926475878504189
0,0.0662242058413949,0.7364555543541752
0,0.6266506409863566,0.8389415775446192
0,0.105651026227335,0.3319849734120396
0,0.0961014907325101,0.7922592117700705
1,0.2583916273771639,0.428543258732974
0,0.0532244489734459,0.2579693763448737
0,0.1226722205305231,0.6791058466871303
0,0.9949607004666636,0.0095280224469379
0,0.3774662362071425,0.5272904031904783
1,0.8134349881353132,0.2573804627407934
0,0.4134619437630862,0.0646319082646577
1,0.1837253690585795,0.285031214721516
1,0.7960475974872945,0.3658459476747094
0,0.0504583555126737,0.8823267867049449
1,0.8008129860105503,0.679452390849406
1,0.5941297985504269,0.2070198876753674
1,0.0030774216210038,0.0728216661600962
1,0.226664139242828,0.4265966258743539
1,0.0172570794396855,0.183085520989834
1,0.356250996225107,0.2634844555389383
0,0.9104248334359332,0.5540576502495747
1,0.4639456661445066,0.4323581524699753
0,0.0443037328983739,0.4275948707053596
0,0.6554413699899626,0.790823809781172
0,0.5912276738408899,0.7444410814008828
1,0.1238176715659461,0.1345439137526427
0,0.5711226867185075,0.2857378379891571
0,0.6739279683986704,0.7590004066827596
1,0.7533579236556531,0.49640153542982
0,0.2262596239461787,0.0020789064819719
0,0.8713619136918184,0.648936086124112
1,0.6742104827615311,0.137121659167022
0,0.2657679990333246,0.074182822803996
0,0.6070916340275581,0.7692406142812823
0,0.155412197067069,0.6844588776592402
1,0.7964747147661579,0.8097303173771578
1,0.7344646288922053,0.124439196477104
1,0.8352719011306259,0.7115869845151178
0,0.8145165938561544,0.4546166980749561
1,0.9065917166572536,0.6786534009949832
1,0.9135564399217672,0.74583475751336
1,0.5978096629828692,0.5259348819408199
1,0.6424052531884661,0.1964152460272414
1,0.5156142044579934,0.1637743847096926
0,0.1199161067562409,0.7100155815340071
1,0.2560523308127745,0.3276632250958837
0,0.6034046873778364,0.350616717174937
0,0.3318004612592439,0.6017692799375899
1,0.5344996092781078,0.4833246892757733
1,0.4393518751165255,0.3717465244811861
0,0.538945698556003,0.8792107672069429
1,0.4378733800085784,0.8669016563208181
0,0.221341019200762,0.195608762932809
1,0.0230746333341075,0.9426799411677104
1,0.0418226567757008,0.0970273733122869
1,0.4707875652628722,0.7208738375152461
0,0.51378234842135,0.3658713165718775
0,0.574505336658787,0.2507566185715222
0,0.6724022332416068,0.2658118555620267
1,0.7174471701803036,0.0295571357496327
1,0.7948965418232835,0.7215179683905818
0,0.2710096789684441,0.478177438545871
0,0.8834621090368839,0.1671334875973569
0,0.4556084740876462,0.9247613883467058
1,0.040167854538645,0.9078927344734296
0,0.3930643072173699,0.6200422991107599
1,0.6781917266636615,0.6706196756941161
0,0.9662011677633962,0.9507615040928
1,0.1104417454236591,0.9147958232002932
0,0.100160321727612,0.3418514855602014
0,0.4487614777455559,0.669088812669485
0,0.2919998992694191,0.0089038236945725
0,0.5713950525921189,0.6992642913816114
1,0.7427141932803274,0.5635300481820679
0,0.5606403406287366,0.7732915917073848
0,0.8131012860704186,0.6341760995574374
0,0.2770746914314991,0.9407618075748329
0,0.1713155668694349,0.4717151103375964
0,0.7803907330853991,0.2917951756505731
0,0.185855954082812,0.1374993944293105
0,0.5901159678150191,0.8872497969901896
1,0.3831318088342543,0.7589300613359513
0,0.6608455894292617,0.8599660607335261
0,0.141885766123472,0.3997681203162642
0,0.2910031532450724,0.934560727831947
1,0.0263435844221811,0.9391348540843408
1,0.9437526859701376,0.8391976511552104
0,0.1583283952406465,0.0876926011571199
1,0.0894230517622395,0.498681538861949
0,0.0645315089727167,0.701621867010195
0,0.0135375120769297,0.8551472913245158
1,0.5193006420827404,0.5580298670086473
0,0.8607877968223324,0.9252894926293612
0,0.4963863964071345,0.8498717661950546
1,0.3027139277426497,0.3043986351716202
0,0.8662126638583961,0.0926502911517007
1,0.6471404412889036,0.0697975428567942
0,0.4202855346623158,0.602139467089913
1,0.1543659256980072,0.2066094489520379
1,0.1142226929721414,0.6063468547270587
0,0.666313266232701,0.2969420307176504
1,0.155510463340377,0.5140828528990782
1,0.9113721473998926,0.780099716208179
0,0.7034958905009553,0.3326600626946399
1,0.2673579736943579,0.3417729797442407
1,0.4761153692484421,0.6517103570880399
1,0.5524568239640064,0.5771001509277109
0,0.9963734398093416,0.6069791620248518
0,0.5294815391871754,0.8092450566746081
1,0.5745606175765059,0.036502764217721
0,0.3047544996835126,0.5261872372896614
1,0.6101905059468066,0.4757191141534957
0,0.081125210921894,0.2608752176765152
0,0.8016856172061496,0.127224363646047
0,0.5863294485002736,0.3276052672974953
1,0.1173904285382034,0.2163169789267803
0,0.869140521483388,0.4570904206252034
1,0.1227175841958823,0.1948497229340018
0,0.1581012150634918,0.4890976775775703
0,0.4575947541430616,0.0166877319070448
0,0.4138703824580941,0.0374760620816929
1,0.6807719260483021,0.0240493340302746
0,0.1278165383270327,0.7580523671018299
0,0.5815660589397164,0.447703878301725
0,0.2785189191055506,0.9950796959729262
1,0.3095147710924261,0.7580665984353238
0,0.1788396392374137,0.1447272194263759
1,0.7739210891108441,0.4677536186210803
0,0.137788964075492,0.8932251194620662
0,0.7057526996147357,0.4229522816768781
0,0.7429741116364081,0.3567994845680216
0,0.656628528478173,0.2555694138110773
1,0.0431000337217875,0.0665096920714855
1,0.3539002645682241,0.685361308516591
0,0.3498468886575119,0.928740458426431
1,0.7627503216318068,0.0665298085834882
0,0.4360928515801462,0.2067393724106501
0,0.2497794873215035,0.642147620207791
0,0.2573339844968321,0.4740353720756959
0,0.5148954731173908,0.4415645572311032
0,0.0486024669338231,0.7719533280067902
0,0.5847505850471273,0.3554001886887084
1,0.4842089228681269,0.0399384928613306
0,0.803007354590677,0.6718705835594208
1,0.9581469152429548,0.754358718714159
1,0.5409416070792121,0.0292487226806941
1,0.1714455522164716,0.3637442148441546
0,0.5256796851780058,0.2354149723995111
1,0.936365500768397,0.3380290100241412
0,0.4766692944337704,0.7235009305034952
1,0.682349543057667,0.002077333461471
0,0.787039194125933,0.1888295485350717
0,0.6019264570685944,0.8426325592382748
0,0.556090943420761,0.7970167855599468
1,0.0586881548694555,0.2176555359183389
1,0.335718973205765,0.7636400404802318
0,0.6353040711912304,0.7893353014657064
1,0.2571348746621061,0.2472409145080597
1,0.152599671583814,0.6495671884366714
0,0.1630977685563917,0.1823868536843773
0,0.530906629306275,0.7268506917083567
1,0.1263775884266613,0.9491706728143238
0,0.1118310277599536,0.255117220151618
0,0.053017893590493,0.859650600056675
1,0.041229267368997,0.1701784077308252
0,0.5379201095670214,0.8147737105135707
0,0.4111638807218619,0.979059951963989
1,0.1881186912344233,0.2798027201748218
0,0.4524287894401969,0.9958054693839516
0,0.2735151166968924,0.0576205310774315
0,0.059095634465085,0.2605111528700107
0,0.9989231152562278,0.0654503269652684
0,0.6971718264073216,0.3597372863503322
0,0.7507992536675795,0.2378683276931616
0,0.3490903014173986,0.4945671740994882
0,0.5892490172686692,0.4240524823917357
1,0.2063920489277504,0.2938999601351018
0,0.6077801718272233,0.3960042309950321
0,0.6075165618771494,0.44224988663316
0,0.405757043792315,0.5859786941029761
0,0.065676607349596,0.3280629928481734
1,0.6369062660924129,0.5031887085276612
1,0.6622975115702645,0.6712160970680449
0,0.2633384700767973,0.1544368888292366
1,0.3921604808849116,0.3430939501806989
1,0.6567997549850281,0.5154958158645006
0,0.5847754166597584,0.6879731759861759
0,0.9399740657924506,0.467571358119411
1,0.6363170883067126,0.087248250617428
0,0.3115415597274532,0.1415563756367744
1,0.6895935744902227,0.9953496724695612
1,0.9138832036497176,0.3345779446055408
1,0.2124341433822717,0.3251587316783796
1,0.3768378252140349,0.8855799246241923
1,0.9670698412529024,0.8875753300648069
0,0.3247864110502229,0.1632099321177677
0,0.2639346263163447,0.9450835082178975
1,0.5536086684041646,0.049556251668986
1,0.073906921241133,0.0617009453587369
1,0.9285245259187328,0.3867129322999149
0,0.7785887169324992,0.718566764144177
1,0.7645982635445508,0.4965994462744104
0,0.4154461713420684,0.9245540412804332
1,0.700905273997692,0.5521571834940341
1,0.9239369930028984,0.7778538986032625
0,0.5522762603256187,0.3680118419122471
0,0.9837835335263664,0.9442686159657596
1,0.4503039829051087,0.7943554465917572
1,0.2248664596228753,0.3026707868014409
0,0.2636102268296932,0.6220313818114569
1,0.0145980465704799,0.0899835443998263
1,0.5494928049343083,0.5409854624813871
0,0.990516311994011,0.0838471626813112
0,0.5217732997044195,0.3957157372947421
1,0.1845227884330517,0.2887861967259639
1,0.006486154524515,0.003021444935737
0,0.6543554442185404,0.8602259679493258
1,0.2462462936873785,0.2325589236849242
0,0.5146824278345714,0.8856565891614635
1,0.6877060354656929,0.9911002966977775
0,0.372792976536538,0.9655277872473614
1,0.3477860620991625,0.6916314324044053
0,0.9356210975473216,0.1414351266163828
0,0.4328681018487798,0.6194867265349219
0,0.4944929198345086,0.8590349286339216
1,0.0350556741369183,0.0611147470050581
0,0.3846475775489963,0.5343015918217591
0,0.9657778000337828,0.574467008150263
1,0.8036599384172561,0.3905498581439165
1,0.8192233472598299,0.2255277244714537
1,0.7926967437560515,0.7317028350870607
1,0.8925811044497186,0.273909885494021
0,0.3896486563265038,0.4912470724017943
0,0.7219538612638489,0.8350191575539851
1,0.8996152339592697,0.8149809226578265
0,0.8722399952098946,0.457677445039906
0,0.2889113522264452,0.1565342635732265
1,0.8997689748521338,0.2335471689976119
1,0.737157853312405,0.4752897154619773
0,0.3073873815110441,0.1278879489349836
1,0.3102535126930299,0.2585031201092687
0,0.3112406864129629,0.1019269139982078
0,0.4691312815505054,0.5252014061422385
0,0.7972571595305822,0.6500801799122599
0,0.134424746454582,0.8507934233543092
0,0.7862104647002687,0.0294890772693047
0,0.8497635834996042,0.0658943376646119
0,0.7124246908323915,0.4092820908483371
1,0.3895196931647444,0.8486468159647561
1,0.7239748317286895,0.0126132493398157
1,0.80672452004912,0.6753869313795997
0,0.0457856154682954,0.3788032112323587
1,0.7430122260812956,0.4882222609992809
1,0.5957218392738325,0.9015822403932204
0,0.6858145509210736,0.6795782101315705
1,0.3453639603481272,0.8399787457106519
0,0.5068703355804287,0.7379718577292225
1,0.2811736922369843,0.8337088060187735
0,0.854762969309669,0.0667309809847568
0,0.1854691424411993,0.1003597800566052
0,0.2517025195580515,0.6126593235917027
1,0.3241441421539912,0.6764348355545823
0,0.7581551740531804,0.4279393616080374
0,0.696086375289959,0.6865577678028889
1,0.6286241949162139,0.133071623423395
1,0.509975602827923,0.9411834333806852
1,0.9847107681526918,0.7142674399757191
0,0.0889326945635238,0.3648188716887127
0,0.8119261217779112,0.6468726977820409
1,0.9934973699994276,0.7008263615771231
0,0.9141217718978903,0.5041240652775473
1,0.7306859574639752,0.9741233724127586
1,0.0232232520733618,0.920700231233786
1,0.0799806243624551,0.0413013561450678
0,0.9192567803293284,0.1399275638958573
1,0.3210111769239325,0.3325743387270855
0,0.3775950076907027,0.6613363573208977
0,0.2602144491288992,0.9167099145714168
0,0.6648039181342191,0.2406487485949247
0,0.3868386564820879,0.5126216979787984
1,0.1640435180139651,0.4177952579022649
1,0.1185034826742671,0.991494238873252
0,0.9297107801577752,0.900855730446142
1,0.0042168131053978,0.1417454870747563
0,0.3976066432053505,0.911769372381116
1,0.1144182598376001,0.0963743714062902
0,0.4612143686500044,0.2035628731162497
1,0.938557159456102,0.6780305107894684
1,0.4443488865042523,0.7435051292388566
1,0.5012218594872734,0.1441525611828533
1,0.4514198442208108,0.7956652872385102
0,0.017891485567549,0.3944274094236716
1,0.1815367513907948,0.7926278966574154
1,0.757887529165873,0.9905901787203966
0,0.5728749166550974,0.7899822602428761
1,0.4220221165116734,0.752206397929536
0,0.4005258109138095,0.5909728963193325
1,0.4230306920264788,0.8972238335568892
1,0.6416177024744266,0.1806174118323555
0,0.979119258776884,0.9314107745965968
1,0.267366525368605,0.3946345495828768
1,0.6457915149331528,0.1836025724321349
0,0.3009911254371555,0.9020074534408036
1,0.5070130846832375,0.0811221230944806
0,0.9076315647981522,0.96141882332566
0,0.6950876322164198,0.8125898222722733
1,0.5599169324801803,0.6223570671602399
0,0.7753163991584717,0.704185072601537
0,0.2083292945883138,0.9159417436293436
0,0.8032697328409456,0.5500499072255821
0,0.5905475138169978,0.4045685903445715
0,0.5565615972939959,0.3095029086298587
1,0.2401876567659827,0.2650903600620037
0,0.8890239894967048,0.4698810039651026
0,0.3711495433375489,0.5101277122756512
1,0.4011561190243553,0.260453999455722
0,0.469119227504289,0.0797639799722527
0,0.3423173117809232,0.5078072664216857
0,0.6492083096089043,0.8756576684992988
1,0.1261713455736847,0.557233123665273
1,0.5576358961842734,0.6315606857272593
0,0.6849222122034027,0.407363420075775
0,0.3440169536895924,0.9803617419904624
1,0.5254226584592939,0.0632634909962998
1,0.7338041018998152,0.97718648318468
0,0.7557719680505557,0.8931637863386445
0,0.7197015578306429,0.7015436952366368
1,0.5897955485922857,0.1848955717569016
1,0.2762100788119916,0.8905578914771864
1,0.669561492917983,0.1604671156137539
0,0.4569604216480993,0.5014049171893037
1,0.1188366578552916,0.0441270263754759
1,0.0356661394580041,0.6060191038423185
0,0.2044772247435943,0.934581235279258
1,0.7508505354788237,0.4954427688927894
0,0.5979707957249881,0.2886630490404538
0,0.3636693399881219,0.9605886434475952
0,0.2087723194059092,0.898528221327727
0,0.8851841340490987,0.4849750509536508
1,0.5542674539234629,0.5165697939095216
0,0.4385688364744682,0.9679399572791254
1,0.5111172238169497,0.1412412433532277
0,0.5413327992024103,0.7924311679653875
1,0.1498289902489467,0.1201329694863672
1,0.0718759237819485,0.5885421723102292
0,0.3381783408092619,0.5508104446213825
1,0.470485280768206,0.694969574850559
0,0.7883841144521755,0.5681809675700871
1,0.766347874871475,0.9308515909126966
1,0.7417850364561771,0.5220750487030964
1,0.9365645837595789,0.3145478156424018
0,0.3739467749217401,0.0682289125105878
1,0.6200254854048549,0.9330600959899557
0,0.1769215891282318,0.1911425819896131
0,0.8550862689008848,0.0562117456437651
1,0.0488796413720687,0.4836519483239437
1,0.250580381170043,0.7120502049407716
1,0.1260013883124635,0.5001207635981394
0,0.6607716562443969,0.8866649583938896
1,0.9619841749899504,0.8702579623769354
1,0.9867441972986288,0.3063018785428483
0,0.0430428317971547,0.8924466305258826
0,0.6087390018744823,0.7806614367009952
0,0.5991820449816615,0.3916761997031723
0,0.2948315039125961,0.009995393791471
0,0.3528271777088352,0.5792304745502228
1,0.8931422000581171,0.7092095247004251
0,0.1522816284265531,0.2798227466240172
0,0.8130216540811078,0.110007922517942
1,0.0909517868593118,0.5750421846585158
1,0.5843387203166447,0.9503844947958824
0,0.8681283780000791,0.510279240168606
1,0.2505086478025208,0.8286200755916221
0,0.1718829002408848,0.946067866429549
1,0.3161897880461438,0.2387298263828845
0,0.5345497387816636,0.7882219178500312
1,0.2609193107199395,0.6920146427365914
0,0.9968068611746312,0.4524659021411328
0,0.920680715940362,0.6311221767140813
0,0.8630622743814675,0.9028661259902516
1,0.8429482477643944,0.7104949608498281
0,0.8354190282587362,0.6168198049769211
1,0.5375556908534349,0.1363073374662482
0,0.0383735570035007,0.3730616947384382
1,0.4317035654762235,0.3878849935457156
1,0.6922128958365197,0.0696372297521059
1,0.4325928540857648,0.7202284327662176
1,0.4568693592317799,0.2416153387319443
1,0.3060298420941448,0.4340983988313494
1,0.7114104185103166,0.0966136173966286
1,0.3206862484901278,0.3017453595271572
0,0.9691937626518384,0.6678794521840826
0,0.4501544613982627,0.9573609634247142
1,0.2927036172726809,0.7014731797764515
1,0.652953884868048,0.9060478147547968
1,0.2882595076768488,0.3043474636241723
1,0.6958878707508036,0.1842092557408355
1,0.054781898505408,0.5353906321845299
0,0.1695362711135823,0.6088703034948348
0,0.1616781053463669,0.5617156468212278
0,0.3185709269687894,0.0623117311248493
0,0.652719939261292,0.6896087107458866
0,0.7671539616140268,0.416164620286893
0,0.8607827041165337,0.0090778403420813
1,0.3221607548200436,0.8901544386755396
0,0.3702881217697805,0.5166494403565843
1,0.6611810909760296,0.5644907789043715
1,0.6266776105312365,0.1507175671692525
1,0.6699143621519749,0.0898518315086724
1,0.8644858861949974,0.2978574683198715
1,0.0115593769343824,0.1463372425452844
1,0.0295782953254301,0.6531898784127397
1,0.26814156601389,0.8199945383582129
0,0.0830454909369875,0.6776605000997794
0,0.2677104348125908,0.1585636508368911
0,0.9505415457697922,0.1996152571561973
1,0.668265673559115,0.1955795984547351
1,0.539701221505465,0.4488690182828979
0,0.6025615499942224,0.8140692784906478
1,0.5825736317613673,0.0083543142196341
1,0.1904796460896438,0.7039712750999948
1,0.1708049402748175,0.7300176408539095
0,0.5316114093748553,0.2548442912368666
0,0.005692429188286,0.3569112269352847
0,0.6889575082246567,0.3451989857345722
0,0.0318101239161505,0.4400260696717939
0,0.9140846260607116,0.666604979450794
1,0.2375901664990293,0.7951620467576155
1,0.5866257152713429,0.6216638071837249
0,0.0063048827306116,0.7626893534525007
0,0.2227061681642813,0.068252120058754
0,0.5436638112006013,0.7072536878425861
0,0.2870970291728156,0.0105328417017647
1,0.2509678742695498,0.846985522105795
1,0.0727914798432177,0.025075302541064
1,0.4247095838612306,0.3656765610390529
0,0.7968984914281505,0.9192204578843094
0,0.8163157246721461,0.536640370610439
0,0.7087147583393757,0.6921419564202077
0,0.5888030637618398,0.7495856764336996
0,0.2774729652356578,0.1692809529190928
0,0.7683993873676093,0.2976580609985235
1,0.3212417116937721,0.2460250043838991
0,0.4533181293504411,0.6128131607979864
0,0.8686696040343829,0.5998255723934983
0,0.5612896115098991,0.323719451232803
1,0.6782218902213542,0.6002481814624541
0,0.4037372171697548,0.9799022555898456
1,0.8586169772258547,0.7311040185759363
1,0.7220128854411547,0.2229286973655875
0,0.4845446089015282,0.8167411200440131
1,0.5944810541629604,0.1056537322606986
1,0.5130814520370492,0.5086898194549926
0,0.7990358367529566,0.6440372522082358
0,0.3385024267146167,0.1245173540219001
0,0.95582061547788,0.0902594779585774
0,0.4000324392152463,0.6337099354973057
0,0.5136269116091399,0.6956441878116479
1,0.5950382950411405,0.9322713813140928
1,0.8829646173539025,0.8648137966706742
0,0.2062186083447641,0.5314434271454225
1,0.052092393918297,0.6272510950798834
0,0.1357064888243183,0.8043374529775036
1,0.1366622656907927,0.9482007700184674
0,0.8804917978590139,0.4764828854244034
0,0.8909967901703582,0.5956987124636534
0,0.4565072486142388,0.8979025353558535
0,0.3320365425718838,0.2131203021297631
0,0.9322119919981148,0.4850774264697371
1,0.5199990842322257,0.0028264779782866
0,0.8983801204829953,0.114754353194809
0,0.4685206711639813,0.6380738815031914
0,0.259840247143254,0.4549360957674377
1,0.4561030355772956,0.3784642994768116
0,0.369336781742377,0.5532770228516452
0,0.3628389216506681,0.0197743973925449
0,0.5166222102086835,0.2920206729680863
0,0.8169181033007631,0.4499600339720053
0,0.8121657167487318,0.978564321067826
0,0.6442366383183907,0.8426690501429401
1,0.4811992723747565,0.18722434636629
0,0.5196735326072951,0.2546271627632575
1,0.9936820187537658,0.2920231617379064
0,0.8100618375925389,0.5820546719343164
0,0.4887463003448801,0.3897021498568555
1,0.6943031606552783,0.6107368611339484
0,0.668071841381709,0.8319799929607676
1,0.3514442997659436,0.2899366389121822
1,0.585454190200606,0.4789719025371665
0,0.4144502454035889,0.9159642079386106
1,0.467670130420723,0.8035331200987423
0,0.2040514845276341,0.1344230925387071
0,0.7079214249003588,0.227761483653249
0,0.0433309526374915,0.8373778820472253
1,0.0338085863541863,0.8983399906108201
1,0.1772018624485301,0.7857720257163908
1,0.3690837618608362,0.4113353904455394
0,0.692267463568589,0.3266063008323682
0,0.1054758107475419,0.8582776373502372
0,0.4541414431694722,0.2146382602650373
0,0.9268228282581014,0.4854049382233136
0,0.7470814484916087,0.338823321746855
1,0.4542783316697625,0.3094078746280291
1,0.7803676746662929,0.9609386010461078
1,0.1386999527853051,0.0915674301995154
1,0.4338280992446991,0.6989517888638378
1,0.1721442691105146,0.8097713399619907
1,0.6441184450707027,0.4624532153088836
0,0.8185235757749784,0.0892659263669466
0,0.4903083868117515,0.2817098027415241
0,0.0988684021006123,0.3312956887013795
1,0.3016281355832478,0.8230000078754044
0,0.7600266727815996,0.6770006252278972
0,0.5776500575409332,0.773792496752551
0,0.2998592808775988,0.5630125534787966
0,0.8435056257664166,0.4521103479459315
1,0.917022186793594,0.4138235421963682
0,0.2920819120709084,0.5321466894950545
0,0.2891525698255252,0.5531855024262025
0,0.1595762265119639,0.06371595742801
1,0.7351960018825363,0.6234071844278214
0,0.2117104265623056,0.9473293584818314
1,0.982375426977224,0.2572046007341498
0,0.9408128263916478,0.6218715312113813
1,0.7636104164482909,0.0028917196584573
0,0.9289628184793414,0.4613158946354508
1,0.0618092186200084,0.9858225236164254
1,0.1184470194822201,0.6561924035812411
0,0.0560571367234375,0.3775468012571448
1,0.2322435097178981,0.8940843785272974
1,0.3276481756186823,0.3760317612740284
1,0.5272151608501848,0.5276027642285643
0,0.2423562253362023,0.0636154098422562
1,0.1365152380872586,0.0091653344271913
0,0.4086695850767964,0.9140733214846252
0,0.9598853175041604,0.0612082904414703
0,0.8686865172402978,0.457958731563756
0,0.0060091619445533,0.2450591062653894
0,0.2589853678148175,0.1540487658988872
0,0.1882291784258771,0.929807116900773
1,0.4561603052499609,0.3705296505342438
0,0.9890434806127978,0.555157577063615
0,0.93308161778084,0.1416875122096781
0,0.3280157697759467,0.0753763009016399
1,0.8873075483261724,0.429558655973955
0,0.6853100243771074,0.2964283430767001
1,0.770504962979098,0.06525266627955
1,0.1018027056358014,0.6318749418319549
1,0.8299983835502586,0.2785802849869415
0,0.2767607486681267,0.4665218980900502
1,0.4555563426858765,0.3608441867561467
1,0.190962878375398,0.280328713149567
1,0.4776309767941004,0.5780388757017688
0,0.983534386782936,0.4719099976126788
1,0.7209537145904721,0.4751726898540158
0,0.3658513804465263,0.4925516930131864
1,0.9562325440645684,0.7362522692807076
1,0.4064494552981498,0.714804026124019
1,0.6207225838549518,0.9946998701309016
1,0.1472160746246948,0.0233530741871231
0,0.2304893798661793,0.4690677441247699
0,0.8312441982938733,0.4883257720162461
1,0.4004378962813588,0.2530679289761666
0,0.6913589320168599,0.2536139744978171
0,0.9793164192526382,0.5774411624158569
0,0.4812784175663964,0.8810377847766802
0,0.928700389210783,0.0019354552992629
0,0.433132096160931,0.1422353838327816
1,0.1396901454219314,0.4535773446230438
0,0.5115844080726206,0.7510720295383032
1,0.0209451079076327,0.1727528712589193
0,0.2729037610402522,0.0924436802344232
1,0.1262272569402893,0.9946008575197274
1,0.8888247672187977,0.3970783017233649
0,0.8514466801711561,0.2098818937595101
0,0.8242382452313404,0.4959571980191064
1,0.4533583987458197,0.7743767466437712
1,0.6585699308389193,0.0087248205820972
0,0.8662903138375599,0.1818649284761274
0,0.3243509721459919,0.010138486904654
1,0.2216037063069615,0.8197112221903354
1,0.1666955615879185,0.2890618294609918
0,0.9008557456954972,0.0235338054475444
1,0.2997778201541318,0.8482909269004447
1,0.4196861028660305,0.8633450715020208
1,0.8279669457954256,0.2782204405730668
1,0.2609622570822617,0.3552987173797729
0,0.5502558267712401,0.2416013484320229
0,0.6511133911298359,0.697521152166077
0,0.2127737959857134,0.9748330253014842
0,0.0093730150525743,0.8241909212060997
0,0.3303735546507718,0.9119449573491372
0,0.948343113056952,0.6166982777665049
1,0.7602939429425337,0.0231067531422598
1,0.9648876038260776,0.7647107272527202
0,0.969780952261958,0.0507644753955478
0,0.918743258055172,0.0300856951986927
0,0.4330951069711466,0.9194724044533616
1,0.4491154459585634,0.8800250311968099
0,0.4365291919112306,0.5664812424327618
1,0.7859101198955057,0.3853545805667628
1,0.6560919176262753,0.0912421299178259
0,0.364083886164139,0.9492473994070126
0,0.7567768527715485,0.8558062012094284
1,0.1869587833731828,0.8101792875803657
1,0.8110492538332918,0.3866276579495441
1,0.4505733473444978,0.4140986890393154
1,0.8087673177468544,0.4134233133735915
1,0.6094163051842347,0.5809371130621543
1,0.9502771920668772,0.8492237092337318
0,0.0260533344167489,0.3277281448834712
0,0.337136038788451,0.9063114271547592
0,0.5480038573006916,0.3149173816478573
1,0.8151023846619404,0.7921585711364977
0,0.0531129883833819,0.4079580077302954
0,0.6685197501981837,0.3488455339893389
0,0.2993840023423855,0.0189760788808464
1,0.9999221933649912,0.7856234794779607
0,0.0223850574898671,0.2325112937354324
1,0.2014343900497258,0.8604632088866336
1,0.4291046355355589,0.305503986820037
0,0.2715469267567877,0.2229340267815014
1,0.0128534145974666,0.0949424143501856
0,0.8593246376362493,0.5085447934017111
1,0.8854617114301191,0.3383645054814671
0,0.5670954376794387,0.7597501270752238
1,0.3067849826832705,0.6794414232138448
0,0.3929084261646405,0.1530425934225564
0,0.9536866487018424,0.5036262834292976
0,0.3867102230924722,0.2114370616957174
0,0.2117823417963417,0.4706770468384968
1,0.0536963386422089,0.9351427727001964
0,0.6074480335774538,0.3266205616202779
0,0.676837077098174,0.7489487203769002
1,0.8072354213410841,0.7944382511368883
0,0.733362804400754,0.4345764920677065
0,0.4208801869795416,0.1962347508933498
0,0.8727439014314501,0.0816196659555366
1,0.0383612223385563,0.4541219778654832
1,0.6382708050472372,0.6431612972193501
1,0.0282260085384581,0.0905769457850412
0,0.9940586312197855,0.1065865770462567
1,0.5999615948514609,0.4673666823095429
0,0.7321968119920431,0.7195888890760908
1,0.3922390663754991,0.8209637331985302
0,0.3276577084012069,0.52028422359224
0,0.7846908030605946,0.2634471633543785
0,0.7611235093967966,0.8901553930969713
1,0.9167810009953468,0.7216692212377118
0,0.3557913736069746,0.1615156415903222
1,0.931125488224876,0.36265974031464
0,0.302061007077939,0.0868390564056141
1,0.698176675320797,0.4621002807697559
0,0.1195055758535549,0.7013811799450184
1,0.3641422335158552,0.3042083803350833
1,0.4778556103315494,0.036491741385796
1,0.5885275925156336,0.4621769144046522
1,0.926094681464136,0.7872196260966124
1,0.2518222738595548,0.2715894266365636
0,0.577892457926693,0.8852285891256013
0,0.8689242672566141,0.9439003410240964
1,0.9522047324377396,0.732756033560026
1,0.7074919081445418,0.6601910036804141
1,0.1586290891653093,0.3624520661784176
0,0.662943074709439,0.8172521838889699
0,0.2383671010750653,0.651123701857481
1,0.0982781816190305,0.9712896830859582
0,0.7062762420157632,0.8496084949764103
0,0.8195373796235202,0.1053063825679564
0,0.6848909285257835,0.3373271191613405
0,0.2926355947563951,0.1865080919812354
0,0.5149521739442867,0.4155242469743618
1,0.122129716161931,0.4527407501449041
0,0.5206846550313067,0.8205832668072964
0,0.9081754238677396,0.9691902864964071
1,0.929583705025601,0.8165471000741772
1,0.5651683900720433,0.075533235226278
1,0.1844460364624243,0.8171624395913031
0,0.7554983968282813,0.7800569376913548
1,0.059507177410808,0.5177660993852519
1,0.4766090913140359,0.6719383959434443
0,0.8380814733978714,0.0861700315036595
1,0.0850515906776537,0.539151526955823
0,0.2608575178976287,0.9079070894396206
1,0.6872661472228334,0.1343001315134998
1,0.2349451525390834,0.2578054771517879
0,0.1433116817781046,0.3547806855260432
1,0.6863007686279395,0.9550897036370092
1,0.7216384604182968,0.9811321865491448
1,0.0056608671827604,0.1913334513838157
1,0.6579825873051462,0.999392857897603
0,0.9750004891965024,0.9995153015748144
0,0.0423405952400753,0.7647140540877528
0,0.5897820694366004,0.4350357633116002
1,0.2048322667557273,0.6744621082282749
0,0.934818104271384,0.5359402636762463
0,0.1307767207930212,0.3496867699666887
1,0.7660635920001208,0.009636988661707
0,0.6633346233977072,0.723026022283305
0,0.6476422281364975,0.3724680903393538
1,0.6690659990120563,0.2055323461169905
1,0.8715787752105368,0.7619410941482528
1,0.2744034533741631,0.8695678646138159
0,0.735319215474966,0.7640791310052568
1,0.9542054019997984,0.8712329761519236
0,0.6081099614422016,0.6739564367113209
0,0.1690888350954684,0.0535003419372765
1,0.8800857347153334,0.6745014584767135
0,0.2092345456112041,0.1230641794159038
0,0.3055411137249895,0.4712110056283249
1,0.9308124093239312,0.3462401663289729
0,0.0390825954375309,0.4219147120014097
1,0.3720031699014131,0.3660634433032352
0,0.4273540122884883,0.486187591007945
1,0.6784137716721456,0.5233784159905129
0,0.4623575757322987,0.598623916383825
1,0.0397087087428513,0.063756018710692
0,0.032655987123619,0.6951671416289944
1,0.2393081885081744,0.8616038294666624
1,0.7056985014139883,0.5729798800517344
0,0.3726106991969652,0.0653662920344989
1,0.8244617969760445,0.8923610401473187
0,0.7434091394477432,0.4463566236854289
1,0.0859965076093076,0.5585890454708113
1,0.7908214381681166,0.4177264789623689
0,0.1835933496908069,0.558728750518043
0,0.5665162325872596,0.8269221839903335
0,0.3631515499355258,0.5557165938624422
0,0.184067244108732,0.5906481789189285
1,0.9330182951605606,0.746784636780314
1,0.3363785293054206,0.8661047304784638
1,0.0468575169826044,0.9570799238222748
1,0.1194357744441322,0.0994815791796469
1,0.4968368697383134,0.038451632882847
1,0.8766166913390085,0.7521389551909815
1,0.0457507914238993,0.6384360097272374
1,0.8373663201649645,0.3834036677030775
1,0.767071115391306,0.9825327911962344
1,0.1727926899565263,0.8865254129720949
0,0.7872710794741535,0.0519332069567394
1,0.6927424593555896,0.156920829971848
1,0.4677910753898011,0.7959714623356822
1,0.0321568590755444,0.5479122065748493
0,0.1521848292498613,0.2350822487017724
1,0.3945476106099704,0.3548509769782894
0,0.7871521789721894,0.6391446941390281
0,0.5018817334829804,0.7497838621782689
0,0.4285433170899883,0.6011543678596006
1,0.4654147950321382,0.2493524420931544
1,0.9587784171843567,0.8402328321397561
0,0.2996626658583612,0.0159746018631536
1,0.8503359084952973,0.3996332073739609
1,0.1551313735089724,0.5000652754217232
0,0.5239857823884069,0.7954456334550789
0,0.0331933420893655,0.3609186412628516
0,0.8482655280660587,0.1545165602340192
1,0.4217801085991112,0.4469533669065485
0,0.7077352422650799,0.7886369143001256
1,0.2573993922090555,0.3462095969374089
1,0.0200806654069823,0.5677818077006705
0,0.4425036514096496,0.0980168668245293
1,0.7846837706230949,0.652285873455914
0,0.3572237380429882,0.6518882898896021
0,0.2169694182903049,0.5326027652131846
1,0.6445943466882373,0.4851368149090054
0,0.880951593637163,0.9201656008671958
0,0.6008583063132618,0.4012659795816305
1,0.118082018156892,0.672896768449087
1,0.3593580165661109,0.2439522788183945
0,0.3242028486005673,0.124806213516176
0,0.8825115825537289,0.0898257581383907
0,0.6030943099995203,0.4357914408181708
0,0.904341743599091,0.5421790640011287
0,0.4906502223691225,0.7162088956877302
0,0.62667833382564,0.3364071624371272
1,0.1994946432154686,0.8528715002581023
1,0.9004087302510574,0.8516052251428936
0,0.3472073487108723,0.4849314532460971
1,0.1270782266151002,0.6695595326517698
1,0.3272199299819702,0.7977171488623737
1,0.3800090672958409,0.8809890553049116
0,0.2958886463014757,0.1617600908844692
0,0.1490169220703469,0.4107104018786546
0,0.3872786777313491,0.9199660288640774
1,0.4234202204937011,0.7221594444837791
1,0.4815306653961086,0.6158969781013874
1,0.3765126303135601,0.409099438120425
0,0.485525194453919,0.7052114270730087
1,0.5388471564546159,0.4851566613100359
0,0.3537136167803639,0.5172750789693992
0,0.3510659022388258,0.9327705807646582
0,0.1360009532720607,0.2383691218087442
0,0.8213843392057251,0.0424614061831907
1,0.613762296856334,0.6354807767527193
1,0.2832727206361655,0.420255857070137
1,0.6043691472488146,0.2203886387044712
1,0.9895535475376592,0.8249679554621184
0,0.1923288665830945,0.9941609748802852
1,0.2139864926757226,0.3438997974880216
1,0.7536887880597231,0.5977116135640312
0,0.8693418262713106,0.5430471907124542
1,0.1962014123544738,0.8623130175369715
0,0.4913720665839544,0.4105037896337749
0,0.2371917875992536,0.0061861365082879
1,0.0944009670195082,0.0923595866088111
0,0.4942324734096414,0.3140817319044138
1,0.992797823843666,0.3935677602940077
1,0.0739223160070952,0.0864510744072937
0,0.3366468601464253,0.536768565692244
1,0.5261212889233939,0.9432015437376312
1,0.1188014047538796,0.1305617680887969
1,0.8622592092975124,0.4017176650094818
0,0.0576719420781446,0.7636584795528877
0,0.89357256273427,0.5302979427773092
1,0.6883723805395755,0.6426065642281962
0,0.76064836065919,0.3040569596942655
1,0.5787250842444153,0.5963854729975291
0,0.7430820130574922,0.3807335416373115
1,0.5441719478472699,0.0835624943735013
0,0.1664250873803232,0.591124335016678
1,0.5536778808839401,0.5314737646401997
0,0.9052682001243634,0.0712119618382847
1,0.3633204802964871,0.7686649403071251
1,0.2577827617975623,0.8860814933992016
1,0.2799509014554266,0.8371750101862604
0,0.89382430687701,0.0335533984472029
1,0.6335383112764544,0.1985647362867861
1,0.7222371366105782,0.0956358782684883
1,0.6987525160057237,0.9214609343032948
1,0.914426353679704,0.2917461839166546
1,0.9248786777395755,0.8711277619723853
0,0.6597143381018234,0.3302906802555675
1,0.0365612431495175,0.6676982657928971
0,0.97083076698013,0.497414136319522
1,0.680841523844298,0.5678628099103994
0,0.4688958833598204,0.0787366756638506
1,0.233219657538715,0.4371898189602833
1,0.3464075397780329,0.7119396645317541
1,0.5391009473350694,0.019758053936263
0,0.7613389467714189,0.3618081905556789
1,0.4153707877807513,0.6965370471960788
0,0.9005973116957772,0.999410578408021
0,0.1634504354331931,0.2047587140196047
1,0.5936077487457693,0.0370698239069042
1,0.7321969034892477,0.4888677259686979
0,0.7899064787779531,0.9932334465669996
0,0.491274917971729,0.4181320959409118
0,0.8055200726026591,0.4512984857419752
0,0.7136807082710014,0.2546306006612556
1,0.7285096610674913,0.9898117394143842
1,0.730102475161016,0.5211753267318152
1,0.8950369266304095,0.4327105303872417
0,0.5701385693721501,0.4435008768816281
1,0.5883092073767808,0.4601849385244773
1,0.5589504923527506,0.9354436825078734
1,0.3768274536833879,0.825998587053228
0,0.2130048398193069,0.140675978918595
0,0.4180739760635513,0.0744470150323808
0,0.4674801198600242,0.0804024209275704
1,0.5097698362289381,0.6031372256093676
1,0.0176961487092187,0.5269102528193106
0,0.9081519365821946,0.513596857059492
1,0.3887710931176313,0.7303502223234931
1,0.6158180890753984,0.157449959665387
0,0.1502784986378595,0.4311489757861534
0,0.7373228425067373,0.7436068948660169
1,0.0866947000734875,0.4503799414183305
1,0.2510840966653364,0.2965999187675602
1,0.6009378701235049,0.9730751240448756
0,0.6666503224736218,0.4163313031722314
0,0.5993435742785829,0.3186949710977709
0,0.247283509714029,0.8992430043343345
1,0.6126353048003306,0.9523542418669878
1,0.6003960457113492,0.9191299981559792
0,0.9924938479851833,0.082067236019131
0,0.2512499134603104,0.1822937724315354
1,0.4818919487124701,0.4992538438764623
1,0.6438306687027476,0.2113809017687011
0,0.1210532606983825,0.889922624741803
0,0.5529946760332136,0.8393393736525085
0,0.9648857729588872,0.663534944698181
1,0.8436033507307216,0.847418803586681
0,0.9258109035058298,0.6113867915962723
0,0.6926179347382673,0.3535873213250171
0,0.577315804977673,0.3122842055868704
0,0.7380029685256518,0.3859232518595469
1,0.967912357261294,0.8098700578498863
0,0.7729588065483068,0.8329494448259314
1,0.3096906096383849,0.820957182450646
1,0.3533219413991454,0.2549632860953998
0,0.0284705875638082,0.8152289444702242
1,0.7275469907571224,0.5387816689200882
0,0.4428041854688882,0.1423611643866753
0,0.7420247938768985,0.7212746473577761
0,0.5176918716682745,0.308873310346477
1,0.1833140511113395,0.6807998714151094
0,0.3605736700703267,0.0678832330366
0,0.49365362421344,0.7886263032703528
0,0.2794253363842156,0.5829252462953276
1,0.341517855748073,0.3753013257339077
0,0.5227611471210846,0.3734893486359949
0,0.8100969843536837,0.6544750051693983
0,0.9149222834824156,0.5896882384879132
0,0.4623919914905625,0.2063753809333756
1,0.4501093645982745,0.8473270317266574
1,0.763571193176386,0.4934071870454604
0,0.5176734631613454,0.7857692481427975
0,0.9639459797923282,0.1989195148354571
0,0.6718507303976791,0.7615729058178692
1,0.9902105613259636,0.7295758588037098
1,0.1523894080657581,0.0285415334296831
0,0.0391060647152765,0.3916400165173254
0,0.7584397460918905,0.7603854286293693
0,0.6723752854412685,0.8308882830983766
1,0.6514589511820305,0.524187444413771
1,0.828895747687675,0.3514312724088538
0,0.5320094036436775,0.373782631815663
1,0.6589627941462043,0.5360553846583931
0,0.2058393947301386,0.0539300313861744
1,0.335833731319194,0.3096601574453452
0,0.2175190557291778,0.4505811560948222
0,0.5201294779698898,0.3543623759460914
0,0.6056214397897195,0.3404222384369979
0,0.3854408715727919,0.6463740977983633
1,0.9414368047737736,0.8805235937661416
0,0.1409662825680437,0.2527693774757276
0,0.3995745747278648,0.0948227081409994
0,0.857669353541171,0.1006825920741496
0,0.5298258752367645,0.7619355993223612
0,0.23435345103994,0.5210511512273255
0,0.9783875843997526,0.4651287502430146
0,0.8933403804458089,0.4924747179343584
1,0.218290372498442,0.3355729586247922
1,0.7449905055685929,0.6224066808757451
1,0.5770363311231512,0.2233378094484042
0,0.2128761466341546,0.2135800584332033
1,0.7696105667461591,0.6588811420405218
1,0.5306945768916981,0.6320098864653866
0,0.1381886074567352,0.7850533030885415
0,0.2423647755180589,0.53583398589805
0,0.1783796911577359,0.4797970196452283
0,0.2175848739806303,0.478191452972723
1,0.6469964900265851,0.981931572568587
0,0.9183298649073208,0.9180106365670606
1,0.7004500572121365,0.9740303915729104
1,0.3077456516525518,0.8044819010639174
0,0.014926776790567,0.7622602630639037
0,0.6778813473243394,0.3613264906538729
0,0.2730380640140134,0.1612140923925783
0,0.0645154103540786,0.795226489475278
1,0.0288948984858626,0.9159692043244833
0,0.6222059455198259,0.4023149278872597
0,0.3044602375027561,0.6322928503422792
0,0.730949711593964,0.6845514150538484
1,0.00751040567034,0.1711422035728204
1,0.4902667343763524,0.6288904287502903
1,0.8942276629878996,0.285374310273142
0,0.0325391203869472,0.227827361689388
0,0.0494108338183305,0.8578333400984157
0,0.3471169659298192,0.0608733845784247
1,0.910524314515227,0.2299138299097223
0,0.2576878036911582,0.5444078682885131
1,0.2943454181740574,0.4304294372640848
1,0.6292310371472571,0.1938663194581289
0,0.0871623021806413,0.3110335087652784
1,0.8262833012700683,0.3454350073134181
0,0.3843556273456773,0.211157722387693
1,0.7106231596015585,0.4963856357956601
0,0.9914161698126852,0.1707678882082357
0,0.8226500430843906,0.9990162343448692
1,0.8923034826601891,0.3531079214514671
0,0.6301424355469465,0.2253644081526095
0,0.7426674966813618,0.857164863602578
0,0.1412770376003028,0.6762812338930321
0,0.9011894413288624,0.1262659361845972
1,0.6308351742075212,0.6245501130415667
0,0.4453857593905777,0.0483056364313374
0,0.4848009029974619,0.2965638598477513
1,0.4111870994012222,0.7608305570460369
0,0.2196479163632365,0.0090729781170031
1,0.1279729447733948,0.961833766861222
0,0.3191283711638045,0.554497610496242
1,0.3813311402767909,0.6909016432917096
1,0.4912804866221294,0.5333007344955599
1,0.1378978444552923,0.6037405333837922
1,0.8687235245790611,0.7360519484561988
0,0.4651435593467705,0.6178208063785805
1,0.9318253463274112,0.3814479129760421
0,0.4911364095778501,0.7155675329907295
1,0.251901637299484,0.2535098243779862
1,0.948235152455503,0.3758093856584716
0,0.290692212707308,0.1888626865325122
1,0.6039419908268284,0.0294426780037425
0,0.1414311666293751,0.8853831326440162
1,0.4173185302031639,0.8061828785097848
0,0.6857571239425505,0.3994202545936555
0,0.816102501017924,0.533743326851238
0,0.1016207435271164,0.3004688374095153
1,0.4793922605490121,0.490012784738246
0,0.9321915485479004,0.0572304562948918
0,0.680305179508261,0.2599179942854345
1,0.045796862510065,0.010467740355984
1,0.8377708596061868,0.727234403260941
0,0.8953648473285115,0.9526448396239228
0,0.8667239268704151,0.1356940572411034
1,0.1367684759883626,0.1255981160014684
1,0.2673257763609676,0.3521725061730371
0,0.748736606785277,0.741311244666335
1,0.3036887200492608,0.7616498503906354
0,0.6203171306346763,0.7155186772698815
0,0.3579302292076936,0.5527200643046563
1,0.919455920419677,0.4161433145344524
0,0.2210251403871889,0.5210067891874691
0,0.6573737229253637,0.7083607409987729
0,0.6718203135352601,0.8423335117832943
1,0.3341432109881417,0.7547590401348848
0,0.3778974732110236,0.2167055135147435
1,0.0379194176888817,0.6304655577627746
0,0.1827747186865839,0.1630486132880755
0,0.0255835942611236,0.3974157368368722
1,0.6351737854513223,0.4842750572823572
1,0.4558205393291836,0.8478822270310071
0,0.3968321206725494,0.4696551959142027
1,0.9774187162481074,0.8445238572925391
1,0.5270165509930508,0.0011115184413054
0,0.666115606062356,0.3835915521980618
0,0.8759887532751934,0.0437871764781577
0,0.010550679569925,0.8288541920118597
1,0.9651166850695904,0.3358484390547174
0,0.9948134981703924,0.5672283084849981
0,0.9464695521537324,0.193207687019672
1,0.5684286343309034,0.5711378469103056
0,0.0464966727334807,0.2712975357106557
1,0.1310289631939692,0.215810668407157
0,0.0212343845561908,0.8089565919676671
1,0.4794169488099561,0.1907421332200167
0,0.5622424035023522,0.3066471664191148
1,0.6395550568856003,0.6430747180415255
0,0.940444192175951,0.6086042794218282
0,0.9752278336374662,0.06927957433909
0,0.8002973245324271,0.048492732924914
0,0.3764651772292142,0.0516352088702185
0,0.8030731970340331,0.0336797179188086
0,0.9840631613123016,0.4562246759868049
0,0.2146264009103098,0.6446889682008029
1,0.4721128299792332,0.2088169761345033
1,0.5773720373362856,0.9339933896870316
0,0.9277724829205504,0.9732630194903958
1,0.3631186708737512,0.7915549475723165
0,0.2413659367146963,0.9061645708317068
1,0.3445680332697415,0.280187100077414
1,0.3410572716056755,0.4077861011176082
1,0.7277127696918786,0.4984169517554132
1,0.3322973112920351,0.745199391747318
0,0.6437511983894533,0.4380466068028253
1,0.011293272737582,0.0358489173600318
0,0.9955845934496188,0.6510897627822846
0,0.506363935612205,0.2737216693785317
1,0.029599734127865,0.9384931097572669
1,0.6290288276879864,0.0583645166866079
0,0.3890790208790098,0.588906861647628
1,0.2934562545556881,0.4153006489638901
1,0.8934682867087471,0.2879408608748496
1,0.5643409049527499,0.5085791058111089
1,0.2336518472827762,0.7680293773555564
0,0.1487556449680724,0.8464952793901939
0,0.9184602828010192,0.0166300553179226
1,0.9101809927665628,0.8968580309748712
1,0.4484678282508346,0.7061185277113262
0,0.0514069179666569,0.7834848847675884
1,0.2673696724613883,0.3553181883630512
1,0.0609930956145075,0.1000339567041708
1,0.2042300321307928,0.7392049250147948
1,0.9254266418769986,0.7710462646104916
0,0.6302538286020087,0.6732096827804467
1,0.0693642640200742,0.6469697613417084
0,0.5943613790865275,0.2651663990583772
1,0.1990215696804672,0.3996886472225526
0,0.27630821248988,0.617057226249478
1,0.4944582194257206,0.1402672776682849
0,0.6046895082917484,0.4095101103405001
0,0.179091035922784,0.5719676976094038
0,0.4901821579199256,0.2868464557608301
0,0.6269241853138041,0.8381643902529256
1,0.8596035118623633,0.2918355217667253
0,0.1621932120554073,0.0717608578535626
0,0.8832911432929988,0.1710456265170111
0,0.3498019854765896,0.9409989559224176
1,0.0129816252967307,0.1749838232726215
1,0.591328346948242,0.9885129914931898
0,0.6812921037325156,0.84406183585633
0,0.6128269828195534,0.3849037279098944
0,0.0388168164450746,0.8204940103289788
1,0.3858615316566866,0.6812341393800723
1,0.8650931834695287,0.2914318691842192
1,0.092586986158894,0.5275540055228926
1,0.1752108649334974,0.3335063004824342
0,0.2398500065978557,0.5456233832289886
1,0.6447341527123425,0.4497615921266241
0,0.8809860642279953,0.5663182276009135
1,0.5497491178318947,0.0750856417694295
1,0.0069781214958262,0.578853398364787
1,0.5653258878523774,0.479329220393384
1,0.9554570299554076,0.7591113220611189
1,0.2336155914597114,0.7404226750761247
0,0.0452606060670995,0.4406002024776186
0,0.8482029261315759,0.2048566071304997
0,0.2256134924664534,0.2021199979631366
0,0.7181259878517693,0.8380671602959753
0,0.7732703977720288,0.7936736509312943
0,0.9956595466079804,0.099848321920116
0,0.1783972304705874,0.1349285348297275
1,0.4648661836509244,0.8833584305469723
1,0.3836382070944978,0.861089320343854
1,0.3987466862099252,0.8095817863890762
0,0.9448876311671977,0.0568569975815285
0,0.0788582049058885,0.7507245245918472
1,0.0439353171175582,0.5908621696650967
1,0.6604213426152832,0.5656473936739466
1,0.9100443054523278,0.3867555405329207
0,0.4776041783882718,0.3320191671441146
0,0.2702348591226273,0.9919663068799494
0,0.834177727021967,0.6296590313803412
0,0.4864373349762793,0.375297269943855
1,0.0791042374476697,0.5289523145008584
0,0.2039666743596383,0.9293132755069168
1,0.6573274672608014,0.0672287660909906
0,0.6601764261284847,0.7637318981503887
1,0.3262426610106554,0.2553522520241618
1,0.7087291428109241,0.950065338581242
1,0.3308678025017294,0.3329500331470847
1,0.1838757915448606,0.2925709315192284
0,0.3530031312421292,0.5227809694717878
1,0.7517554188587428,0.2084600775057475
0,0.8798957489275402,0.5592821266097063
0,0.7520298713166517,0.2427960718888603
1,0.9734452611841604,0.4475644168614193
1,0.2080910157394738,0.3869630289995855
0,0.5695872358665824,0.8010353975128458
1,0.1109181636307454,0.6268088114887824
0,0.522836768106341,0.8627801730252632
0,0.488045408560105,0.2424948484330858
1,0.4501834417985606,0.7096267375740777
1,0.5853902760405718,0.1378250120611863
1,0.6835351112980464,0.9393849224314028
1,0.4390032887210885,0.2895251534022177
0,0.6173205499460418,0.8250444540101887
0,0.0978664885622051,0.3505875763715446
1,0.2266060867722947,0.3893713519601479
1,0.8945420619038418,0.2523312079681705
1,0.748091146936978,0.999574919942518
1,0.9316224491023404,0.7010387062463556
0,0.8311380535234344,0.4944158643486636
1,0.7409972152102862,0.6363547594217968
1,0.4070969086264943,0.3857825514738768
0,0.9935764706708328,0.2216807581139459
1,0.9229055405078372,0.8726429006052859
1,0.8168666303876739,0.8065945069664376
0,0.53015022518086,0.3562521085281839
1,0.9428821968199226,0.3128536492047679
1,0.0890397038954782,0.9228368704611116
0,0.4428774728482669,0.6245937156680962
0,0.3236710888046521,0.1640001440006941
1,0.1489717921029456,0.0439056075158996
0,0.9410053694436272,0.5437310441434512
1,0.715414338860497,0.961778804738788
0,0.2441644949562583,0.6663230618158776
1,0.4539211086156073,0.2660121515517823
0,0.0276229775563647,0.7038625602485332
1,0.5329191565196526,0.0775021014719814
0,0.0539919165994243,0.4401577774466217
1,0.3502773538110028,0.3422504377301157
0,0.1713196364535339,0.5839024999122843
1,0.512237683469523,0.978468687753794
1,0.6172236684892649,0.9887445682718278
0,0.8793940542223889,0.4914864725103999
0,0.2481310279116909,0.1416832105986721
0,0.4158568306116832,0.9119193259203032
0,0.0021244511885021,0.7734366184115218
0,0.6525776716517192,0.6768478862031497
1,0.6464309086967153,0.1876269917199789
0,0.8120012463142297,0.4809293813266001
0,0.9921612991121864,0.19015730356213
0,0.2433422561122175,0.939243509551651
1,0.3691735294518333,0.4319886047036292
1,0.0396464029484219,0.1562750611945214
1,0.293788243705545,0.2374437125369228
0,0.2038884691803029,0.5473526733181658
0,0.1884088752264275,0.1749887438446025
0,0.7209971085023784,0.3098014837323598
1,0.613463382040585,0.6545737032149516
1,0.7419238714466693,0.1140956309489071
1,0.6527364476249022,0.9571456215470396
0,0.039936986698661,0.7395065975966477
0,0.4926647555056502,0.3678618923927413
0,0.121557508239301,0.8730408451522441
1,0.4604359935801454,0.3446088550704099
1,0.6570899221827763,0.0511682445421716
1,0.7830987346645818,0.538321547596056
1,0.6152891053399746,0.1710588945567269
1,0.6832202577657999,0.992850713320866
0,0.5923889476883949,0.3279325783392572
0,0.3672067009112126,0.99079339741975
0,0.9637542534668072,0.5118034136298953
1,0.1070665623181712,0.6524619636547517
0,0.9452460593469916,0.0387063344002653
0,0.7677306710667053,0.3391933568163868
1,0.1081857615801955,0.2216441959800867
0,0.4548329302706386,0.550128655199708
1,0.3110341955034827,0.7474618715352908
1,0.0021862899434368,0.1262888992004975
0,0.0429634166516313,0.282636268961977
0,0.0393136780610454,0.3007449268074254
1,0.7845735178948592,0.4535887695770688
1,0.7127007889708659,0.058263400784068
1,0.0480622286068513,0.0945599306507828
0,0.4764230455133091,0.6893007890975541
0,0.417946297802418,0.1400204454386971
0,0.5436786389528094,0.4162053234055077
0,0.2050361618813375,0.5526055600701114
0,0.0248031458168218,0.280789630934241
1,0.6800464693226238,0.1794447194233003
0,0.9282010706775168,0.2131936743003034
1,0.4314534722338607,0.3275442228971494
1,0.0323541626245995,0.4635790925655483
1,0.4213367430684229,0.348368530232942
1,0.7485240154185933,0.1025448501651848
1,0.5650076582707497,0.0071285812097259
0,0.8144509159184813,0.0471174299225037
1,0.6607434126253837,0.0885346663990539
1,0.4114963729474679,0.2564163412920411
0,0.0453097052270254,0.803460292301263
0,0.9992643087538852,0.4606826297154586
0,0.2919637390374416,0.2170534904767292
1,0.012478949655405,0.4638143679845804
0,0.1487401625728885,0.891981824888968
1,0.8262394550671699,0.7568706401319341
1,0.9027292251822784,0.24535837924158
1,0.1136111874047312,0.2198091336343314
0,0.8333310960497524,0.5169095739488326
1,0.3207659906278042,0.2721223435580975
1,0.6576094622324937,0.9859913940483456
1,0.295390090582491,0.7862090970827859
1,0.3135865676772865,0.8723190677550309
0,0.69621427571196,0.8386289393018708
0,0.7949351183233846,0.998488795499582
1,0.4256232958265042,0.6891723650355128
0,0.8877725852020742,0.6600086371456031
0,0.377158013439743,0.5827094003580393
1,0.3308066292623222,0.6923438010385518
0,0.9238812658565528,0.9229233646895796
1,0.0523425429514921,0.0541396779122538
1,0.0391459681241983,0.5423419562222805
0,0.5065914914051955,0.3718748561407039
0,0.3201285114506739,0.0435674972654333
0,0.670020483061779,0.8059677785193637
0,0.7723775624109683,0.7813324875040103
1,0.1013995846082945,0.1205754208452177
0,0.3876862065201991,0.4515227358143128
1,0.643167244125373,0.4782364253298001
0,0.7884381521160194,0.6429704732272126
0,0.2832821131122595,0.025314264042865
1,0.9766159612763482,0.2551189708697018
0,0.74264120867367,0.3383692858346001
0,0.645531037352563,0.4318673635158107
1,0.379616124733826,0.816638482995229
1,0.6769577334421524,0.9352212937648816
0,0.9288331881433128,0.5431288137558281
1,0.4329664916887633,0.7949079308710744
0,0.9479726217312694,0.9554684257667544
0,0.0779879712628754,0.4480855377156767
1,0.497380690928457,0.4565633982428927
0,0.944253592621053,0.9129371663809328
0,0.8063904414775566,0.9591624315443568
0,0.7678752835817364,0.3162257964368488
0,0.573784494785734,0.7817830475076936
1,0.8563255764914742,0.8679921190413256
1,0.5334525642566214,0.5971822167561913
1,0.3408126916562177,0.3392190541591582
1,0.650493343943492,0.1142322608057828
0,0.7595577913764793,0.3102107783547962
1,0.4202183996966003,0.2774091439756824
0,0.1291910163614835,0.8208694181692082
0,0.8951507131215785,0.1759137723427416
1,0.7580340647617617,0.0060982467902458
1,0.6171104250151913,0.5188590018627718
1,0.7072425072427236,0.6012885745663075
0,0.3388767749980973,0.0432446599703583
0,0.557955078961055,0.3433943139522181
1,0.4526509338479217,0.7061443298647506
1,0.4729415785751021,0.647285875816482
1,0.0452321694224387,0.9762406759762876
0,0.7313092381556092,0.7780359550326997
1,0.4432712468325742,0.3214682144213934
0,0.0489331244620765,0.8540800201693638
0,0.7952704864547717,0.5770543776672358
0,0.2898577697399653,0.468525703802796
0,0.6200548324003927,0.6930426255862074
0,0.0559186964003179,0.7155294128003243
0,0.5614428746466058,0.3173201409084242
1,0.5288156475339929,0.4922704399651114
0,0.3165930625556971,0.624455735533641
0,0.3839736944630169,0.5206629103268835
1,0.7826431295774073,0.1021488296270434
1,0.2537066342680428,0.7249565520458028
0,0.0296572392126597,0.8804764059035943
1,0.9513421268605784,0.8275995047800822
0,0.6966975324225714,0.3287740318171143
0,0.7777530698328082,0.8321401376343786
0,0.1401375591233685,0.8391093754947975
0,0.3861322665061486,0.0754960652178179
0,0.0651077347616173,0.3367997159580788
0,0.5562518652577951,0.360095090022233
0,0.55489252190867,0.3817201997018057
1,0.4320768701750755,0.7611114815212169
0,0.9149662987199274,0.5971848225522435
0,0.1751512189617775,0.9110338413497044
0,0.906190570938054,0.0765452302128638
0,0.3204989240701354,0.1876125066638797
0,0.7158729247109374,0.7031879174338309
0,0.6860506495390705,0.8903684694038704
1,0.5978751612872174,0.6596606633600917
0,0.5545339653062058,0.7363449897922749
1,0.7761488227239542,0.9205736866279876
0,0.9887763286205788,0.1709343803816898
0,0.4323091519545394,0.8984000416562499
1,0.8922453559280626,0.4382002895418968
1,0.2805805180267477,0.3185164353503017
1,0.1314440328040426,0.4714020839250693
1,0.5572568537282935,0.4947859555948241
0,0.8926116125546287,0.097598810944432
1,0.7308476065191296,0.4589961938939177
1,0.5704280251571138,0.990683940673348
0,0.3922656473249513,0.5860400942556364
0,0.8217755001743183,0.5735321755256035
1,0.8886767238736687,0.7096702380103014
0,0.3061740808498689,0.0976726291990396
0,0.7314088222809879,0.3553768264223584
0,0.3490397440112394,0.1027902800715963
1,0.2074666153870374,0.7198511663624608
0,0.7208307050130519,0.6941034369717252
1,0.4555335254901219,0.3660025748986236
1,0.4999692615066113,0.9326752951221442
1,0.8044828131804566,0.2991371769359966
1,0.7043054266487014,0.9894847177659232
1,0.6271296620098762,0.0397159043607434
1,0.4730906398826426,0.5524463132568577
1,0.1121462083219527,0.0066417573206137
0,0.3338512990761658,0.1894872071222886
0,0.195449426752899,0.0544035494552443
0,0.6553927457487068,0.2790195304498438
1,0.83670730932333,0.6776883414259781
1,0.5490466688394642,0.0278935644897847
0,0.4533913906878487,0.1149620896799616
0,0.9294654663077117,0.921901238025831
0,0.5574595269867576,0.3549893203648183
0,0.8301505758248432,0.6371360922844169
1,0.4166216760857503,0.7614768455666979
1,0.6213942921417939,0.496943788191256
1,0.1984889701655933,0.3320689973073832
0,0.3592679490809117,0.10467831458406
0,0.7331276795427719,0.882502412466637
1,0.6476856802520515,0.5142462040243498
1,0.931408944919502,0.8631507070975482
1,0.9169224132276712,0.7999635765297713
0,0.0327572212181351,0.712615895772281
0,0.3053350247465601,0.0768745225965058
1,0.3360655792322087,0.2685672631884112
1,0.4692203500900456,0.6872288645091919
1,0.2174792215010537,0.8063620264128153
1,0.8525183599224123,0.4003649986998252
1,0.2952107173785696,0.2347811753833779
0,0.3741455459694582,0.1034699645426239
1,0.829212337868713,0.8270046416304501
1,0.3797016031110578,0.3884394556162639
0,0.8068790428143343,0.5841622428836342
0,0.9163189464078764,0.1434470737613703
1,0.3836248075082598,0.7563216683146518
1,0.8448611041677426,0.733451998358
1,0.4870347120574751,0.2002810044261108
1,0.5231397874578564,0.9471681656430538
0,0.3968774562941712,0.2129008904236704
1,0.5335734195169697,0.0161194930422695
0,0.5004599460196412,0.696352721983423
0,0.2889147568123772,0.1828408329970963
1,0.4808291470505879,0.1033438200063506
1,0.3669431142366297,0.8004742548372754
1,0.9922648185656192,0.3275076555939756
0,0.3841903740924035,0.065299389733866
1,0.1481472167899712,0.2179431512315306
0,0.9223283482059712,0.5348158933320561
0,0.4305457215302468,0.0697233395271897
0,0.2515974627619787,0.1070206183593377
0,0.8548948604817904,0.9344831347625976
1,0.6748265426814206,0.5356599132094163
0,0.2411573688686464,0.9181315150285264
1,0.5722964923257969,0.909245023067376
0,0.192808093437796,0.941178328780641
0,0.9928351432756228,0.1417494063468833
0,0.9673575416562898,0.9989200856800328
1,0.2575455744755659,0.7140518135145385
1,0.1123092309873285,0.6371800402916263
1,0.106402218422271,0.9309083671707804
0,0.2248303089293933,0.0530473209330153
1,0.3595709215367845,0.3255453882325027
1,0.5293951061716927,0.0748233237456464
1,0.2474474378108933,0.7166096851853601
1,0.5098712302439967,0.5555598021255865
1,0.3386756425106042,0.3644493945267161
0,0.672507718196706,0.7030101026177551
0,0.9690935287599092,0.4894143883089177
0,0.5005207083536757,0.7173043048633262
0,0.7834834300843733,0.7211146095090958
1,0.4597592852560879,0.7809709699608214
1,0.4019733838836724,0.4274790760110544
0,0.8537750545626582,0.1617868479774858
1,0.872264468616524,0.8903215215732588
0,0.8015214951525315,0.6468565799901468
0,0.3256147727827514,0.1073974652720736
1,0.7321073533435569,0.4553811957773908
1,0.3453222405047763,0.8037879831606851
1,0.6799382348931509,0.6111364390043023
0,0.6466102645914026,0.3772468684264457
1,0.6168848366801603,0.5279184294193625
1,0.4045118736543488,0.4243805584957761
0,0.9741805532851752,0.5284937532817877
0,0.1882643974342788,0.6620435245472008
1,0.8323748085883403,0.6762488576841451
0,0.6898866622296383,0.2799356691129361
0,0.6404952022966234,0.8466809702737137
1,0.6010288360412704,0.9368308664287334
0,0.6586501470375412,0.3221920532364399
0,0.3804329887365031,0.5031500295793963
1,0.5977117292930815,0.4622852313741175
0,0.6808654469668963,0.7420660866487517
0,0.2228230581106718,0.0942248211780518
0,0.094282349772503,0.8282761176506886
1,0.5005529418650184,0.6010443044681418
0,0.9834787559482177,0.1043223588361271
1,0.1794027525625154,0.3698982139053601
1,0.5964607427746742,0.1707475778760522
1,0.9293628540665,0.6859171472579239
1,0.2167328237781445,0.7618820760967371
0,0.0401990651669741,0.8385310042204596
0,0.9095172935508824,0.0821486359835831
0,0.3081800408575026,0.4909443257669098
0,0.6775166809756034,0.8451332832919548
1,0.0843602853804028,0.5855996923586657
0,0.9081785974673048,0.1848015298764045
0,0.2782483563465621,0.9206216508247528
1,0.0460341076848417,0.4887181510835264
1,0.4805540757303774,0.9479008314687608
0,0.4528724883778376,0.5231515281912901
1,0.9621580509857204,0.7245409106671842
1,0.4660554364837259,0.3071645148279962
1,0.9225264859204128,0.7812631612968238
0,0.3298315023401481,0.5067616073048854
1,0.2947902376438022,0.8809263305067851
0,0.9471638454696932,0.9851337769192005
0,0.811141439023547,0.1297875553654544
0,0.5331835368513166,0.6923725873485921
0,0.512543816546936,0.3185536588540795
0,0.9559175106747942,0.1052106593132278
1,0.8918006206719907,0.7841309785602251
1,0.5411551060118382,0.5644990165880821
1,0.7572285006740822,0.5924818956559945
1,0.4194753839227758,0.321368949578428
0,0.8249141921976159,0.6523335754295173
0,0.0198971820130819,0.3789724046327924
1,0.1898142759481262,0.3446460689310707
0,0.9526217071428524,0.9585899591432336
0,0.500269147442194,0.3739139285961208
1,0.1696237935585096,0.4266920753704186
1,0.0787274582682406,0.0177491422864245
1,0.3854420382668292,0.7971769862175097
1,0.4325752712412034,0.7060397089346888
1,0.6659487546066205,0.9462513557521236
1,0.5371465633728986,0.1395867056641285
1,0.8703915808327475,0.2749864403183567
1,0.005966275974014,0.5991259675571012
0,0.3261420825041595,0.6043173740636967
1,0.2759071095433852,0.2900053534275488
0,0.2740263490740665,0.5773338844835534
1,0.8467908335076199,0.867265302837338
1,0.7031103385624605,0.4730986131785225
1,0.7374731879718345,0.2111974454615471
0,0.0982483589018585,0.7379822619584787
0,0.6718566369306684,0.4150352014073002
0,0.9425565216509774,0.0005075097127411
1,0.6616337085904215,0.631381219359495
1,0.3527302635054196,0.3809727613606066
0,0.3238542212094546,0.6358032671024796
0,0.8818373644016556,0.0916977585393087
0,0.405271225376791,0.6675948679586493
1,0.6815772365799553,0.1605715021702987
0,0.8338971195299559,0.0875238786381341
0,0.2429011258735322,0.1828593418183374
0,0.3259874361214868,0.0506736853077587
0,0.4454339387395886,0.537702590987316
1,0.7047478664414638,0.1334129555816001
0,0.9497904453902551,0.1393913156878627
0,0.1942714184410909,0.1356616995836513
1,0.5757764831681718,0.6523345344715543
1,0.0481879152017408,0.0573646927272196
0,0.9513312781715016,0.4523306667594511
0,0.2760870117406349,0.9545827409507888
0,0.9308369973285052,0.546763313422841
0,0.8209483886641057,0.5196633045852618
0,0.0514248108672662,0.6789212683551201
0,0.0332422778781551,0.3454611744315452
1,0.62637495384367,0.1496800973954922
1,0.6261932828899744,0.1402927084257902
1,0.4403529567957842,0.7526476979777962
0,0.9831568249676896,0.5636051337928717
1,0.0432093608263048,0.1869688728160827
0,0.5232323368456375,0.2692730878240983
1,0.2496273018420044,0.3912408872355364
1,0.6805116678109405,0.2020637860855325
1,0.6081166472782791,0.015293816848651
0,0.4093003211738198,0.0562380833843066
1,0.4412246866976285,0.3273907737525886
0,0.9641279737577072,0.6206441150794065
0,0.4944816812573921,0.8527688454627159
1,0.5256885200251483,0.062391997353112
0,0.3483416268991715,0.5327089620622797
0,0.6913685306379305,0.8265900657035851
0,0.9721488720815646,0.6459923504216873
0,0.347110964526455,0.0533466121393064
0,0.920790581507617,0.1596693918016393
1,0.5280597294128795,0.9041526256286012
0,0.966153152266596,0.0086654366921626
0,0.8984072259082014,0.1545438989871056
0,0.5172040670564731,0.4226136694211462
0,0.6398350242035249,0.2826826799076017
0,0.7714913064114447,0.8362289835198135
0,0.2057489965370558,0.5261118780956566
1,0.1499981299103399,0.6391997393727317
1,0.0206565188266589,0.0328500191702949
0,0.3566686124154643,0.055817310423281
0,0.1076963652550138,0.7122575331296751
0,0.255556264019,0.5385144660242442
1,0.7076098995751151,0.9664576479444849
0,0.9639715843152388,0.1611678211076751
0,0.4078373122069364,0.0311245010337614
0,0.0991212929400913,0.4235987029374046
1,0.5650092334605881,0.4814360568038709
0,0.6271984069909792,0.8514492233622194
1,0.3651497670219591,0.3731552774847517
0,0.2962073951458783,0.0417669278146416
1,0.2950193553578379,0.838373275589456
0,0.2595865088295352,0.5378640076508188
0,0.3794437193048041,0.9575149325667048
0,0.9183701115196282,0.1886789982355304
1,0.1031010277569722,0.6648226528464876
0,0.4735052499292695,0.3039513176574984
0,0.122977098205498,0.8906315639778478
1,0.8175834688623025,0.3081857051543962
1,0.537179883228711,0.0460645597812641
1,0.7771247895236874,0.6635060064613488
1,0.0969597195321889,0.0681238319781777
1,0.0290494498121466,0.1822826181220361
1,0.0562809779964483,0.5672377619422552
0,0.4444280577729784,0.6399528247240521
1,0.0539467939079876,0.6241046816010779
0,0.7648763829640205,0.7867317327457433
1,0.4611103413574289,0.761851522460046
0,0.7480432638880378,0.7556212291607238
0,0.2071279551419332,0.6029730043719405
0,0.2697806402690135,0.5126635240944624
0,0.3163066366943211,0.946115565153994
0,0.337409392677345,0.5568773472848186
1,0.4087470092528358,0.7064071590233268
0,0.0615749471370333,0.7640714391053368
1,0.4205431629314009,0.2747637274784288
0,0.0726958130961327,0.24494945618543
1,0.1540254808554578,0.1733301120873306
0,0.2205838316116924,0.0582925765532493
1,0.3632307724024946,0.7653651027822658
0,0.7113026921778985,0.258835565660572
1,0.7139003432789419,0.9896722952234576
0,0.3514729598447873,0.4893292754499486
0,0.5933646543245679,0.7202302951089334
0,0.5785951614051155,0.4222018814931239
1,0.858499465653531,0.4295927371112152
0,0.1138055166293212,0.3982237067738593
0,0.3506198606476762,0.5474479761028601
0,0.3989852684341364,0.0807199588344834
0,0.9252656579559309,0.9310066251368688
0,0.0050370150446623,0.8229737700360983
1,0.6923504397179352,0.5787310452620689
0,0.3047542796694943,0.9261632889206094
1,0.5977135550568391,0.6141889750738206
0,0.7445726448167657,0.4074252246653383
0,0.7536707835905294,0.8199441498202944
0,0.8744361202208786,0.4491219357010496
0,0.4589221859520678,0.6445325611938352
0,0.433043123034545,0.9259367986929052
1,0.7378339191474839,0.5192326755081889
0,0.3857981708987877,0.0557840734793562
1,0.6706224427656032,0.1866387225313764
0,0.1888879704091453,0.2123767259502631
1,0.774691778423954,0.6723649785568099
0,0.2828663080148705,0.948667469452495
1,0.2271381941643432,0.8065712984706995
0,0.969510257609216,0.5643003722296757
1,0.520102296453398,0.2057656336440936
1,0.6282327328159545,0.1976350559360877
1,0.7738311587258488,0.1993774287197798
1,0.480124847473995,0.5838647283290722
1,0.9559954763781132,0.7267996278609561
1,0.2145873902508144,0.7059957335986238
0,0.1364191216725032,0.3656601298681363
0,0.2160540356119398,0.502983361360657
1,0.0590452256548215,0.2113841373583496
0,0.7544757635903756,0.370709319227581
0,0.0002585918783825,0.4043021862119809
0,0.2603644174934204,0.1655258338820174
0,0.6146382201540256,0.8231185585760471
1,0.6338446373657309,0.4540532719649407
0,0.7866345029033568,0.9804800644600224
0,0.2770858193145762,0.5837775839982146
0,0.8164946475961402,0.6635005242840536
0,0.9878958730991856,0.1477084684600634
1,0.6234842260807784,0.0067038373278204
1,0.5633054540506783,0.654886313058926
1,0.824486553158317,0.236687780052089
1,0.642704992203799,0.4995390277379103
1,0.6530106096157055,0.0991153900651197
1,0.0023271348098937,0.5928093992612435
0,0.1131331513197045,0.871126401539908
0,0.705419836056038,0.8759508235318622
1,0.1609028961064524,0.8695621287056532
1,0.3328633521324722,0.8604545694574247
1,0.3691363620955203,0.6970874738371382
1,0.0622166235895349,0.596774480908589
0,0.5783033628788821,0.7959276610811251
1,0.5844890683459996,0.5221552236009982
1,0.1877836906375539,0.2816155675751552
1,0.5722533266220279,0.0022010794349864
1,0.7388177377769314,0.0905917307392284
1,0.0886079701644925,0.6295490329931098
0,0.9140532459082708,0.5421669534652029
0,0.1908931338092874,0.9224337942565524
0,0.5655620386598611,0.3115355012539984
1,0.0019626847857939,0.5030704895507614
1,0.478101362871715,0.0776433227189378
1,0.5599304680567648,0.1758704118494167
1,0.47186831654787,0.5654666180792481
0,0.8472346057773854,0.2208710778125819
0,0.9310096150606848,0.0182903091227987
1,0.8281568447223076,0.834429091328775
1,0.3476121173523196,0.3533654688594743
1,0.8100179998080622,0.2910474380656092
0,0.2616304432179268,0.0382048141224156
0,0.6884185575291816,0.2464896052767231
0,0.2875619445203384,0.655136501157375
0,0.699269202250997,0.226324464995122
1,0.7207646049547071,0.5138842369074074
1,0.2803870487224087,0.3351287740299699
1,0.3215284932405787,0.3972989675542684
0,0.2743787109150167,0.5261259484579796
0,0.9573623616828902,0.5436464909054369
0,0.6747619451515873,0.7084435974785493
0,0.4438925919345575,0.5329159592829184
0,0.4368987109597692,0.6178897090189875
0,0.55294725883084,0.7848016227038231
0,0.6817092989659567,0.3354254937913438
0,0.2091915868428822,0.6252130983389207
0,0.4494602146930148,0.0657849173932924
0,0.0166515174340725,0.2594668520441008
1,0.5651331849901693,0.0742631948472921
0,0.7685092971987714,0.7107481142206981
0,0.6634067425229767,0.2699051477982045
0,0.2415694888566636,0.6026050220269754
0,0.120703145864733,0.4000557426839892
1,0.5465735299961461,0.1183896206099905
0,0.8963922816705086,0.0003061313512239
0,0.2299394438028321,0.5556021691032873
0,0.7921917853764232,0.9635838047194888
1,0.7803192907738365,0.6366108502932026
1,0.3704189821799918,0.8511658884636208
1,0.1885244584786897,0.7543084979960932
0,0.2018334748153658,0.9535860885817832
0,0.3818657911997231,0.2008552334353853
0,0.0917396407245371,0.7176224379669053
1,0.412320176263499,0.7023355638531489
1,0.726975480594246,0.512117975904631
0,0.0328643790489924,0.809344010620073
1,0.922382872245653,0.3057052344276724
0,0.2844895219471747,0.4896936681075071
0,0.9455238909221758,0.1883988978329021
0,0.5140206225563716,0.2959383943031628
0,0.2497509255354844,0.4549394266304811
0,0.8415912109922921,0.6265428648373285
1,0.697582956719744,0.1111277361769081
0,0.1869607808894494,0.0538174145876998
1,0.3205762117615501,0.2682541891929839
1,0.2502048944785086,0.8088197650151586
1,0.2543457856702426,0.4359687454720791
0,0.4103792095804531,0.9558958777676976
0,0.5015624647031822,0.771434933831321
1,0.951418935600558,0.7482200600847615
1,0.5054894918008898,0.5294677293715191
0,0.4629263623963875,0.9608330823692728
0,0.9788929825815458,0.1065159929443324
0,0.5341985939418133,0.3320156335225047
0,0.314320965066843,0.9001242052140914
1,0.1408850506212909,0.1451292531899864
0,0.0807873825771455,0.8263383644932747
1,0.1099853015438676,0.9336670356989776
0,0.4294875330272742,0.0265912923707024
0,0.9360920077024854,0.6363891713374656
1,0.9949673672579116,0.7277824716617107
1,0.5147694010033245,0.9612899102476976
1,0.2022860536931798,0.6829867935948147
0,0.4888882918183616,0.7895545757725052
0,0.7442814047668608,0.7818873598370091
0,0.7637221021469729,0.2491188934444345
0,0.5403192650110574,0.7951927347407451
0,0.3751832780430031,0.1172057352681925
1,0.5732144149763567,0.0335990318151047
1,0.0745730163038188,0.9911722835795328
0,0.8568982142374976,0.1680588719989523
1,0.7956593556259224,0.7430393241896748
0,0.6190230475399345,0.3727284933849277
0,0.7893476140924859,0.0198590615502782
0,0.0431356582789278,0.2957432237419106
1,0.9463132424352432,0.7264095046038028
0,0.3413600194013223,0.6312136065491897
1,0.870356584489587,0.8824014400670246
0,0.0631902549875106,0.3487983492044593
1,0.6915710216460157,0.144235302604107
0,0.7616527953534922,0.4428943028755994
1,0.3473136577538321,0.3057495477225015
0,1.6121730773921428e-05,0.2317190655979338
0,0.8642171991002895,0.5981238315071776
1,0.2500838733041165,0.7422905236022707
0,0.7122908252018653,0.2298163270476733
1,0.6002900325402776,0.6497559789032703
0,0.3933294104072429,0.1556341584940753
0,0.6523331627101047,0.7194388792302457
0,0.8336690796126813,0.5698230698931851
1,0.4642293665780346,0.2350237330567539
1,0.0620625105086877,0.6294669474159783
1,0.3058049551372001,0.7992230426376105
1,0.2712776132206833,0.7798905759229646
0,0.216383428523272,0.0538681915051355
1,0.037222654461691,0.950485145264624
1,0.7359166683030568,0.9691417388691518
0,0.4519891318484564,0.2232538858256555
0,0.9818694081404422,0.4934773796972305
0,0.3936010312762693,0.6056790452493956
0,0.7598308614103608,0.3176253541418946
1,0.4473704267338428,0.4293587908093942
0,0.0366089225424139,0.6945172349948653
1,0.9796807473150052,0.8124189596526125
1,0.4752816940788528,0.4764175029769952
0,0.1741440813468142,0.2243315653209141
1,0.1834355554938092,0.8811615841428929
1,0.6500037446162421,0.6293269472806934
0,0.8611177161058492,0.1193590380975816
0,0.7772655084138061,0.8547347682404057
0,0.9880831675987916,0.1911989109570625
0,0.9909204283184656,0.4996138331002308
0,0.490425832735626,0.8076454054044229
1,0.1474120142455346,0.0813661296362817
1,0.3536309398601347,0.7594143529036894
0,0.2656094151121724,0.0721357460132657
1,0.2536118256680718,0.8278208704900156
0,0.2535362180832726,0.0484309636860028
1,0.0233160342026067,0.8997074429706424
1,0.229650540863657,0.690653160098991
0,0.120638919368293,0.8839038134709711
0,0.9519534549331804,0.4532460895830713
1,0.9632986222587724,0.8007727248588022
0,0.4646291757010096,0.5331295768612623
0,0.8453158935100505,0.2104658016052515
0,0.3623762463622668,0.064245946184519
0,0.1913476661466359,0.899392076758533
0,0.9128685165826492,0.4747058522045067
0,0.4318983446787975,0.1670590432634739
0,0.2629191640905123,0.0983638322162651
1,0.615619396956028,0.5856139761093213
1,0.4719559616175953,0.0601646241631214
1,0.8584430173690399,0.6960875360386257
1,0.2446544882499438,0.3413033026059896
1,0.6932845298132135,0.5007557255427612
1,0.2746410594690804,0.7263782450504411
1,0.3078406351963476,0.3808073361157083
1,0.7647985326951873,0.5963493946560495
0,0.8487665438064748,0.5315847275608687
1,0.5961366207024139,0.9027642932680784
0,0.4324704298880956,0.6286300545855767
1,0.209284366187643,0.3429244481302962
1,0.094382494429918,0.0510466709916328
0,0.8772708684956672,0.05346470523515
0,0.505482692449538,0.3197554428479483
1,0.4355697507901852,0.8467100776262049
0,0.0747632415988758,0.3481200308408617
0,0.7756760350420467,0.2959157000887958
1,0.91904799274935,0.7599144679287697
0,0.0973176395037863,0.6762992148820814
1,0.3505003559013107,0.7816156065283772
0,0.593172869021473,0.6802997342020753
0,0.9697483454487936,0.9645750408538564
1,0.3785478443297263,0.7545771712823387
0,0.7057885388034378,0.8861200141998083
0,0.3315433709694095,0.6379194812727557
0,0.319659012486483,0.4541513185551321
1,0.8963622706021396,0.7622688203318779
1,0.3123345374885459,0.2547479697535558
1,0.8404315409727503,0.7501411153340128
1,0.6040388280327641,0.9954348800665376
1,0.0569551947074175,0.0186129567174134
0,0.5054182872355875,0.3923814048071813
1,0.1774746716589824,0.7334105494753685
1,0.562900740712262,0.0554389325558501
1,0.3065973930021827,0.232610481480829
1,0.6041508119770593,0.5233361279001478
1,0.9511054073882588,0.4282459739572282
0,0.7619848145061968,0.8100866456393963
0,0.2072011051745311,0.5652291274638942
1,0.2631012898738846,0.3690741631501294
0,0.0959879357334761,0.8938660628617173
0,0.2226424988542996,0.0797279856855748
1,0.1209870634158324,0.2022206743341293
1,0.8631541156152129,0.3583129739836084
0,0.4908131762243102,0.8870202096700158
1,0.7069545623098205,0.9710995521019808
0,0.5040993903721046,0.2906438642318457
1,0.8763354463998182,0.6749261581212869
1,0.9760940964705846,0.6922574904339833
1,0.7215875819525991,0.5642468267113374
1,0.549045356821133,0.6450462274789157
1,0.7086427582968319,0.9549064385762788
1,0.6757370208984428,0.6655213430667627
1,0.2766466362372796,0.2383310003385491
1,0.5783285111809117,0.032773659259041
0,0.7170251031089422,0.2702497425534577
0,0.8769313080417519,0.5201103420816962
0,0.1089299306326538,0.8583667698342357
1,0.3774327797925045,0.8254743827914247
0,0.8647821485070424,0.0919051846962242
1,0.905136311190178,0.4099268253463576
0,0.3480547771732732,0.2176778993581832
0,0.0351556377779902,0.2818037132081045
1,0.0007290578580899,0.0856762936237983
0,0.4593925538926302,0.9224012045439616
1,0.7712816030269791,0.9706792855575967
1,0.7440391291647124,0.094163016376742
0,0.0238720884958369,0.314838156128419
1,0.5446461301259361,0.1961504592755713
0,0.9032505812865216,0.9241479612392652
0,0.4067093164402597,0.6421506360828567
1,0.5549579009887037,0.5606364812896584
1,0.7393623570787476,0.6617475653486026
1,0.4824202629962318,0.1545535767539162
0,0.2581758354458903,0.6058095798423436
1,0.8223855020192123,0.2272792900967328
1,0.8288339937787559,0.8655755474494446
1,0.6115211647110161,0.0312523174629426
0,0.8516657672896804,0.5977952230311765
0,0.6437787981632089,0.7298268424286047
0,0.8174131378614194,0.0498907934514645
1,0.1254349100427914,0.9610382039734292
0,0.3922352553845489,0.0318159540835998
0,0.0715041620464415,0.3012050779226416
0,0.4769468481191564,0.3103362755093537
1,0.2750935665058837,0.4426544035979047
1,0.7745746258650821,0.6468473746991621
1,0.8769059567042237,0.806905202327738
1,0.3443164889161688,0.8626233117443717
0,0.9586297822869168,0.9162861772085564
1,0.6391337623840581,0.5037635970997342
1,0.1151350692547676,0.653294549959895
1,0.3393485933322628,0.6794735205730539
1,0.670987192150447,0.6266352547422244
1,0.2104467258237122,0.8744059325149233
0,0.5977303199711864,0.4020119048535284
0,0.0810034464491609,0.8620070983179842
0,0.7038200691566133,0.3590309478076774
0,0.8780426523092457,0.5039079717803899
0,0.057466245413953,0.7152933729213461
0,0.4944069353480526,0.7742345300009418
0,0.9151484772089458,0.1357779872273973
1,0.0102761028196223,0.5617155271515938
0,0.379774741586887,0.6486798591336069
1,0.2882912172469862,0.7269539278596804
1,0.1073616146933719,0.1650627595271524
0,0.2313521192431727,0.923224217995473
0,0.8824689942910527,0.5419242328290135
0,0.1601217586502306,0.6478363447007544
0,0.9734381014667028,0.0674059027796882
1,0.058899247447355,0.1707500065604602
1,0.4758871186767537,0.6396591764956827
0,0.8999114890430328,0.2130207083868701
1,0.3653264377535605,0.2598132075246389
1,0.8559719495688387,0.8131692093137552
0,0.5739939517761742,0.8210267622051345
0,0.565659555260062,0.7868438543918407
1,0.501713338960473,0.4550228009368137
1,0.5005663999692833,0.6273246606780618
0,0.5399502037786188,0.7425904180715392
1,0.3473114899867666,0.739586250488152
0,0.2887391738418435,0.9774628202835394
1,0.6302404623136191,0.1117895167282996
1,0.723817397491086,0.0619446035573088
0,0.703098797430711,0.8064301026860143
0,0.8949630241033091,0.4885421425901506
1,0.4681986710047399,0.8407958524272757
0,0.6352337447627497,0.7033521076227728
0,0.7622200432355407,0.3767137153686896
1,0.2629995011903832,0.3143927261599164
1,0.1843320248388404,0.6951415016608089
1,0.6723882237319807,0.1338298732652566
1,0.5204874810974746,0.9932017403522804
0,0.6520691458613327,0.8319112943682022
0,0.6170100665408014,0.7544108401146901
0,0.7335344244632687,0.270591343941704
1,0.9943639562662284,0.7466709704713328
1,0.8144234419215443,0.724344274645914
0,0.1927627115581593,0.0791804340583147
1,0.3237006429023638,0.3027001037848426
0,0.8200337216109952,0.6094026748279072
1,0.0706117046899443,0.0473114531732983
0,0.4868710540088977,0.2412671427006001
0,0.2376644701670394,0.4764160554332425
0,0.7693206418208892,0.4222868633115828
0,0.0564684011401802,0.3692627586488355
1,0.9864876504144036,0.7870896510892169
0,0.4277694794198557,0.1954315034910421
1,0.2479082274087517,0.7802570726865644
1,0.923912091422067,0.8605022101687698
0,0.1047561644750397,0.3824423446414524
1,0.273135866649957,0.8170886054780485
1,0.6231584057979576,0.1081182505462113
1,0.8806251018791208,0.8940457187313035
1,0.1494437037896646,0.4535760176075026
1,0.8565450937329627,0.3537511079854012
0,0.9301261838060894,0.5532194111078039
0,0.6914571148539224,0.8773743485602307
1,0.5697571080436992,0.1614533046962469
1,0.1561134375042129,0.9447562976370356
1,0.7698960035697868,0.9528832200542694
1,0.5504468843400024,0.0333939896323546
1,0.5458642102158109,0.904819245401318
0,0.4426851754790489,0.0877906056562605
0,0.3258355519672579,0.5220736391387867
0,0.2866895687211042,0.582445516457364
0,0.2495082000247532,0.9864002892096324
0,0.1980488543596306,0.0129577112259995
0,0.9879136346092962,0.0650645414823456
1,0.2833832379172035,0.3248632509297224
0,0.6614514416199213,0.8842797957659764
1,0.6942575689125818,0.0872667074648416
1,0.1931589860998946,0.8639972935725841
0,0.8189489635970998,0.0781295553451704
0,0.1825591001553457,0.4754125810909556
0,0.8573684518064406,0.6335615740449625
1,0.4239203884589292,0.3272106296073727
0,0.1744978169719775,0.4743728335267565
1,0.0954423172164709,0.52229620481462
0,0.9984806305306478,0.0408543735117428
0,0.6189949385473917,0.3076659684038395
1,0.5156033073556137,0.0372775061623861
1,0.4016915064672952,0.7303796749966245
1,0.5302547122878893,0.0549655787109296
0,0.8091574915446096,0.5800201797672485
0,0.3719663906427982,0.1609608549530761
0,0.8008000048960344,0.4575987475031323
0,0.948631566198446,0.4583686403298613
0,0.0771406717873895,0.3674470001248255
1,0.1129487931552017,0.0007963086195355
0,0.3543693296753789,0.0128104475242329
0,0.1234518665526791,0.876544773034967
1,0.9633499196391486,0.7025432356759236
0,0.9374008066948176,0.5220806252050953
1,0.3019107771057971,0.4251241104861939
0,0.9202658723385934,0.2238344354010889
0,0.859344690276017,0.1153067688729477
1,0.4144709327553862,0.4019620586934216
0,0.691517277984941,0.7449699825293281
0,0.2931703303817498,0.4596313192261261
1,0.6038238274875252,0.5816878986634775
1,0.4381197791084364,0.8017402575285251
1,0.9237287784638736,0.7711526047429526
0,0.8701505808864699,0.9366129468603078
0,0.7592244049196376,0.7621175302168468
0,0.2446400490937089,0.9523877657622798
0,0.0123583496774741,0.3589081904566311
1,0.7186993763115397,0.6645727393734515
0,0.9253610585399088,0.1593629699575577
1,0.9575563979390675,0.4291292439713211
1,0.5290556884156035,0.6346484147514171
1,0.0754231087849691,0.6369912397709039
1,0.9185336833485872,0.2275132192237591
0,0.5123172494471897,0.4287914972253798
0,0.2894875938080127,0.1559194007817395
1,0.4199084508920512,0.8114468570237939
1,0.3270399899774042,0.4004773637281944
0,0.0103066565900631,0.7658821769029515
1,0.5558406149932824,0.9496277862984336
0,0.1325219368762447,0.8593630190432469
1,0.7656332000252898,0.9367302119910476
1,0.922053677932549,0.8901693005237794
1,0.7008976697498064,0.4714156796675024
1,0.0249045332736452,0.469427426009913
1,0.9216440749876772,0.3626925971485425
1,0.9678185456841264,0.80702715728714
0,0.4369694206857057,0.6454933623435033
0,0.2281830361135829,0.9719625678071064
1,0.9061926155853196,0.8437968529162614
1,0.3543528918901516,0.3574445094128298
0,0.9257637214963657,0.0301303131692108
1,0.1144676424043226,0.9514277308501106
1,0.1979824750040835,0.3097786859228765
0,0.5669674256758784,0.823703923345694
0,0.4430403711680291,0.1197367774465651
1,0.1516547809716399,0.6615851427450737
0,0.0906293887901477,0.8391962079166587
1,0.1368850266048383,0.9951277583322437
1,0.5056855292667726,0.917886903253068
1,0.9542927765037738,0.41155213628422
0,0.0118752802574892,0.6983975708024261
0,0.7141126286108033,0.6997288329481853
1,0.6004855709704894,0.965451760710668
1,0.1648144434863991,0.4379516828273696
0,0.176477599451359,0.9221836024320872
0,0.9409788313807504,0.4829692678483411
1,0.7483056969678791,0.0364057194304464
0,0.5755043983891194,0.7019657081348122
1,0.2226476602587099,0.749683355386125
0,0.4779337006037821,0.7980023986423481
0,0.6746916578989094,0.834448540657749
1,0.947304848537845,0.3133797311071036
1,0.625838879789629,0.5479727629797113
1,0.3108763126434085,0.8257799484459715
1,0.2152632420137702,0.8363725602694713
0,0.0914952542610734,0.4285884994331511
1,0.4280523536774211,0.4364833020493917
0,0.0474807676815123,0.3488102166684181
0,0.4412072990507052,0.614502563417768
0,0.7514084368275428,0.2279954274106813
0,0.0667035692843438,0.8303649079353673
0,0.4738530096230235,0.771086810759773
0,0.1812534976237362,0.4524371223739367
0,0.5914290843374937,0.8238638236288125
0,0.3601923714517955,0.0186221044712475
1,0.3392087282064239,0.3714379232784852
1,0.8863688893404514,0.2340620367556483
0,0.2675758599823565,0.1007833005547057
0,0.0729278473750171,0.7053118813520604
0,0.1416427437000061,0.7769732413212669
1,0.7953668854593399,0.867389569442169
1,0.2992861611328978,0.7000697455266158
1,0.6104513531722693,0.9918696044216252
1,0.7187065426505456,0.1257560188901398
1,0.5494630027840572,0.969179762488004
1,0.987997291939694,0.8194554561409743
1,0.0062204638944939,0.5438611749487364
0,0.7692097039629484,0.3183180037147123
0,0.2777771100029849,0.5807564771017926
0,0.0191139976140563,0.3402115105111521
1,0.4036710353584655,0.267059333121792
1,0.8822805794360604,0.4099982489399566
0,0.7970911378020588,0.6401088956619082
0,0.3153725765101799,0.6302823752702694
0,0.5273633218580284,0.2382686434005488
0,0.8466183633826382,0.1057580082126979
1,0.6479544143895175,0.1897569676968228
1,0.080400740375039,0.0534296005428411
0,0.5967275594188464,0.7895337690384199
0,0.8018723558892943,0.1468609990922788
1,0.3446297292880027,0.440107441515555
0,0.6312158503239159,0.3413397057717219
1,0.7308322233657423,0.9361764461510478
1,0.5961749173664184,0.0446688902287673
1,0.460802537757132,0.2960670432031284
1,0.0007352771612805,0.0973609175192123
0,0.0679363452546796,0.2438712332877058
1,0.0703576851066054,0.939716422641542
0,0.2873453442904174,0.6678101181668128
0,0.6355109842555313,0.2328837693482038
0,0.6196708064248,0.3552010268957303
1,0.9134472509530124,0.8901456522769877
1,0.3585799048488516,0.7899317884259214
1,0.1666104235304295,0.7954579217999872
0,0.3351298323594538,0.6053290344115048
0,0.8949315238262219,0.062057703847647
1,0.6114852602817675,0.929236781471053
1,0.6168393879836621,0.5655029155361692
1,0.5639314367043914,0.5770974438498665
0,0.3567575212114725,0.99105314208082
0,0.1695845308403335,0.5496361431863942
1,0.1480638133531356,0.1452862662701697
1,0.4374484350107502,0.8740341517207171
1,0.4317474604967497,0.2354575382306916
0,0.1721636823430318,0.5936880217944822
0,0.2006887625108201,0.6540164363403337
0,0.0346947350819164,0.3087033022963918
1,0.7313561166440288,0.0764241256375625
0,0.399736137804871,0.075069572837086
1,0.7479033378819747,0.9974559582289791
0,0.9153326456146637,0.4999976649841534
1,0.915524137222476,0.3455718266345442
1,0.3087875502123374,0.3990793866055789
1,0.0365133580185065,0.9415067838093296
1,0.8991809455467815,0.2505676400656836
1,0.8039491003440399,0.3960036936826459
0,0.9000095264603764,0.6713562094808778
0,0.8328732234379118,0.4979397888538072
0,0.0941212454578593,0.3397278707884081
1,0.3503598230930314,0.7863226827921723
0,0.1745042851463901,0.4749661108960298
1,0.5268353566701555,0.5125278295399132
1,0.970138593739568,0.2653957225137143
0,0.3681793241123539,0.1522027833893336
0,0.4535688962400483,0.0966488473030041
0,0.1670947773685622,0.096488759134754
0,0.199780466640047,0.1988441227350245
0,0.8108608660397042,0.2177594025490223
1,0.4513664039503948,0.7299258554392822
1,0.0192443016685754,0.488655369021848
1,0.2151283853985218,0.8648694275677361
1,0.5712126831358599,0.6385202704927898
1,0.8857215651180054,0.8146818840440927
1,0.7451146912782092,0.4918182114713348
0,0.7755714346543301,0.3304217745209881
1,0.0252866355287381,0.1323798581551736
1,0.7351348801857788,0.6577095797415053
0,0.8235060202684111,0.5877321431712146
0,0.6256042899225926,0.7543328408103722
1,0.8001985877334608,0.7158869502056193
1,0.6410437973944207,0.1825534272557128
1,0.136015514495689,0.5180083530413733
1,0.5958434315745837,0.5392703947693563
1,0.5326285698137727,0.1137014779126828
1,0.5286796356726015,0.0829977207836921
1,0.3961568372259938,0.7315232649616756
0,0.9676047943751308,0.9068504541746746
1,0.5206465541943899,0.9870066370548392
0,0.5239876983020662,0.2621825034607773
1,0.1654501444921936,0.8014406599539894
1,0.0942735707725475,0.9507059087698048
0,0.4550611489832412,0.5778390631508908
1,0.4601935635699271,0.299814848200349
0,0.3514888171503993,0.9594395513139122
1,0.5976075283331443,0.9934820552145448
1,0.2351489868556737,0.6807810533573098
0,0.8737039880744628,0.6641121863055912
1,0.534519863759366,0.0334512366836103
0,0.4588820398514086,0.900920685986457
0,0.8496076050901324,0.0774391501521754
0,0.4709757643224892,0.9452988054535528
1,0.129253055832306,0.0380165300099591
1,0.2295621803835363,0.3067470423643241
0,0.8620590494621352,0.1052105663775717
0,0.6074651192618552,0.8106407796544731
0,0.8698884689680824,0.4969343172685703
1,0.5250713057581919,0.9473882108953908
0,0.6511604650661577,0.4355671553822138
0,0.81700906154529,0.4904474872274432
0,0.7530551322692507,0.4257013212779893
1,0.3775263469709157,0.8898198643261676
1,0.1780096472342809,0.3348523206025834
1,0.0388151548203111,0.6290352508286998
0,0.1786338739078886,0.9598162160909756
0,0.3952261273730375,0.9514939380392774
0,0.427244121594258,0.9450746325399312
1,0.5859325831961046,0.4775913001687007
1,0.0622581305348211,0.1463809628760248
0,0.9300572277402496,0.614469012182488
0,0.9978112794083028,0.1147897335223075
1,0.0806403095316816,0.1745517984222201
1,0.9310241065422994,0.8861450638605207
0,0.4043484880320618,0.5750944291586428
0,0.9930421394096886,0.2090836525833855
0,0.2030641108696516,0.0509891494103108
1,0.5588401003390477,0.4911355911848386
1,0.3315289056306145,0.8757944366727415
0,0.916306705698026,0.9531696436504838
1,0.0977101691842879,0.0903266761717195
1,0.3149783046181641,0.2971567840641741
1,0.1302643269120839,0.4522828524081136
0,0.2873992738520906,0.5015747490031267
0,0.4659368921872557,0.2141712518604852
1,0.182105355588789,0.7126179018905042
0,0.8968878207770301,0.1251076229564915
1,0.2639439696487793,0.3274851107729233
0,0.2058167665092356,0.1157056932425125
0,0.6450348562946574,0.2811890533920069
0,0.6724685676194705,0.7356821884901658
1,0.9047813761053008,0.3687523133354589
0,0.4073037797967258,0.6108377660098475
1,0.4276373969253674,0.2686757747775814
0,0.7405131605496509,0.270201118677727
0,0.9412720792447924,0.6164196538959882
1,0.6439969783330176,0.5455255538093624
1,0.7378104639240479,0.9598779320386313
1,0.2068739965328101,0.2615911116969751
1,0.5364309438695765,0.5023386882030187
0,0.2562961925959465,0.6634745890034797
1,0.9971326445151631,0.7889360733390821
1,0.6234491804829083,0.9591854061796384
1,0.848113780062921,0.2373718764541709
0,0.1028252918730843,0.8464004537099622
0,0.0638536664148766,0.8840126342687192
0,0.2413655656410994,0.6295539771778887
1,0.3206737011542281,0.7730754809163856
0,0.8153307733047283,0.182714283988897
1,0.6478377969876082,0.0275456278635086
1,0.8425793305059905,0.3016630814517722
0,0.4040857545291265,0.9966848965491616
1,0.2564150586967751,0.3635983856959544
0,0.8709479402539604,0.5805189375466762
0,0.9679076523038928,0.2052703345730713
0,0.8669255594434074,0.0386781968523007
1,0.664019935143101,0.0053176499948285
1,0.956248480182371,0.2913153579990999
1,0.4848595372532902,0.5164338457513316
0,0.5382358928571539,0.3214599093561565
0,0.2150861261159836,0.4517410785281593
1,0.8034055575941509,0.3099029083993196
1,0.9106676850227052,0.2595437168669343
1,0.3258726419342683,0.3235446904279847
1,0.5167037416873593,0.6617340716144862
1,0.6490371855769076,0.4908778150133008
0,0.4072757412520233,0.597555985285478
0,0.4067554846709543,0.1214548893853859
1,0.4175182186657008,0.2711323478743722
1,0.6317475226628203,0.6304632403588646
1,0.3758819175470461,0.8192149816653993
0,0.0688029859472574,0.2350989801614654
1,0.6195612174387696,0.5588426775163452
1,0.1080427709761846,0.0994726446086869
1,0.8669752153699137,0.7386813058700864
0,0.2248826721324833,0.181577183136405
0,0.8510310166980097,0.1101105373243963
0,0.5507709092917262,0.4147541228607779
1,0.1941322027857245,0.7179751474723556
0,0.286820138035651,0.9062279656083088
1,0.9500824313936092,0.4353821609991413
1,0.6142994325389477,0.5519352894556168
0,0.8380368287674823,0.0845273328839536
1,0.2590334602261264,0.3664882461119574
1,0.3434322212846843,0.3582980405594507
0,0.3418469358196743,0.1297610787908512
0,0.6830338417483522,0.8475675837704052
0,0.960555223755918,0.997806686398242
1,0.6344756287807413,0.0394452880130165
0,0.5031073845628191,0.830703022517979
0,0.5149921850713096,0.7742524273093899
0,0.2126445544228501,0.1404645682203406
0,0.4837747129058487,0.3852304811953064
0,0.4546459231070725,0.1770525921087203
1,0.0428428232964872,0.1460099054952446
0,0.915143779228968,0.5500382141086764
1,0.1430601698331501,0.1407633105998454
0,0.4715384216911397,0.2312293367278658
0,0.7408275629823153,0.8108375124936091
1,0.7226648426362923,0.9289455479473284
1,0.3659099611655356,0.7961278731489191
1,0.5712659492995934,0.0152605737726557
1,0.3836240237611076,0.2371066538520361
1,0.1101315188048643,0.1368708652310384
0,0.4447561571264191,0.1360508339225608
1,0.5067857059250463,0.0444438846177093
0,0.2016491809182529,0.1567844285667714
0,0.9862330168724196,0.5456727539256458
1,0.6905554418743063,0.9407195246511232
0,0.9526971880666646,0.5085183778635596
0,0.2557645276601512,0.4873435366772669
1,0.5203169047964123,0.0141620063938846
0,0.9159944425983648,0.1358035398955087
1,0.901683313435246,0.2797875206992103
1,0.6657263594590838,0.0964464476269932
0,0.4483354590330444,0.0809028899284335
1,0.7202704256309946,0.458189660961541
1,0.2408288720382172,0.4470594744842033
0,0.5279447867499368,0.253660235971454
0,0.1328209108296207,0.4310695773787018
1,0.8069118788430185,0.3812355718492758
1,0.1033003967226141,0.1720473652366417
1,0.054762731189894,0.981870281920434
0,0.7509310371791507,0.3680185556485675
1,0.0642097001683443,0.2076116788373369
0,0.5019908824937139,0.3581365331640525
1,0.2327055372831271,0.7083250359746376
1,0.323726991368193,0.7130335159122105
0,0.8611755445453056,0.6061814100850076
0,0.257660315018004,0.0101028388603041
0,0.701513121066149,0.4417567477322672
0,0.4565112602993249,0.1669848852969512
1,0.3563036170329374,0.717027326768847
1,0.9332029335497636,0.7171656883745594
0,0.9012730195407384,0.0141382667040913
0,0.8035272083930133,0.0698565363025712
0,0.8858713801608131,0.0231268267865265
1,0.0761098581899953,0.6584531201382934
0,0.0921663556440429,0.8154180598075065
1,0.6201409535738377,0.5600817774985901
1,0.6548867359689463,0.9183736131733274
1,0.2947667053589508,0.2746275327933468
0,0.470832325665184,0.5052661749834745
0,0.091797533979919,0.3633967937628247
0,0.3057528087227551,0.0702868733882602
1,0.4314523118192988,0.2570651550402005
0,0.8648953256007351,0.0398623986988833
1,0.5392537197837307,0.9497972365813662
0,0.7223944175744065,0.2691268930048033
1,0.4829588717316706,0.4627411875554957
1,0.2323963460461574,0.8298565878494875
0,0.818682358655607,0.0735901922944501
1,0.1284222361686751,0.5300327379086993
0,0.7862599460908233,0.0891961549449745
0,0.7839012782638901,0.8665487800154503
0,0.8003413663961789,0.0686526521602778
0,0.7800795469921,0.231233276642872
0,0.803529011109132,0.0222503950896117
0,0.7487216982400102,0.6890329333032575
1,0.9289885375027704,0.3528632024378393
0,0.2591745175531945,0.4711103324268384
1,0.821219986328341,0.8785862818561061
1,0.156166083798976,0.4642202477464237
1,0.8140768631951018,0.8292757568489278
0,0.3539038535220262,0.657313470467256
1,0.6087235551368327,0.4681749052487943
0,0.966996487423401,0.4890283647217006
0,0.2319807904790962,0.4878386538111946
0,0.9044938643825452,0.9684744618026764
1,0.7082079509958042,0.516608087807882
1,0.4035695425279934,0.7199289063585537
0,0.2088027473266542,0.5929384125804319
1,0.5550186596425439,0.5970556243194665
1,0.0338544872787937,0.108266836923103
1,0.2413985617890176,0.8547853408001258
1,0.2170640521499143,0.7805339038126812
1,0.3755427872405183,0.4323729119947114
1,0.7729614064279224,0.5310859736330589
1,0.2071930845305163,0.7757017820557444
0,0.286571626167779,0.1106844795574506
0,0.0517336284564948,0.3255493701289558
0,0.9073261822692876,0.6107565024832474
0,0.0740087179374572,0.7712176372045259
1,0.2001954829552288,0.8761902561403335
1,0.8225215551640164,0.7479252130720655
1,0.1911969760810242,0.7334096307683837
1,0.3355532472384932,0.4055264104020928
1,0.129567869842007,0.175468130078771
0,0.6596266874300464,0.2956993953195267
0,0.2453490442844486,0.5992519099430204
1,0.1459719113879952,0.6181622123080653
1,0.9986623377319884,0.3898818421365808
1,0.0787019002085732,0.5702618695381557
0,0.8025389168784653,0.9190572650989236
0,0.8466147233431672,0.0444185732912516
1,0.321139463072056,0.4288989106362387
0,0.8586237402637319,0.0319052766582564
0,0.1329197608411344,0.4227189712906973
1,0.2779605967195953,0.368054746071896
0,0.5996179575067535,0.8647894649960477
0,0.1758503696828498,0.6595461054003638
0,0.2536252102056685,0.1052632404556838
0,0.3930476761047131,0.5480624684965141
1,0.4285389725847804,0.7944990984242796
0,0.1720320019129292,0.5666312033297624
1,0.8945492772608876,0.3180815103993711
1,0.6486365924030872,0.0721767736270404
1,0.8284507567161558,0.4227454570259181
1,0.7766469040598252,0.104970969706563
0,0.9767134564661368,0.903607252948994
0,0.9488029422826167,0.499448743305661
1,0.1335391912362424,0.1283006574434456
0,0.6097999775849514,0.7747142229123805
0,0.0204900831831924,0.2254395811197576
1,0.6481984076725927,0.661536581903137
1,0.633267958639507,0.630181892952847
0,0.4471487578287865,0.6553529000683368
1,0.3503135640393264,0.8256062635214814
1,0.5148775203371634,0.6212208749580914
0,0.382244534251471,0.1348956686834217
0,0.607667003966821,0.7022647243414775
1,0.120077583265753,0.0002343717330491
1,0.4157277083457136,0.4345581279089568
1,0.5596107050308488,0.9535075686569936
0,0.1383732445114548,0.6963227999202531
0,0.9817389178391176,0.016102639454177
0,0.4370477925314611,0.2182456623989884
1,0.6559114834987708,0.1019883151588322
0,0.3242716938462311,0.9474369713328868
1,0.6803633033024574,0.6385634326378241
1,0.0648295816585791,0.5202773031847712
1,0.4139174283220479,0.4474645469735596
0,0.2524273624019991,0.6690905309940919
0,0.8081999080812051,0.5131987622274822
0,0.1012375649060731,0.7127715489977411
0,0.34330665982187,0.5622290029282939
0,0.7850670841554587,0.6733274444398634
0,0.3808746272229473,0.2097323715613727
1,0.2834959761365067,0.7314981260103469
1,0.3526969044118107,0.7648871918710517
1,0.9059156814503444,0.7433116292243854
1,0.7880200627065204,0.357841609663836
0,0.683289869118833,0.7871778753592691
1,0.0980600239655753,0.0709433886642115
0,0.8943204937677648,0.2120791008353366
1,0.1312462774026477,0.6478447851104531
0,0.4640278621394138,0.615569598908742
1,0.4070660539491191,0.8962207875150437
1,0.9189767876530872,0.8407088465684699
0,0.211211095466652,0.6107636024608433
0,0.447012441732555,0.9434548064013056
1,0.4892484070812182,0.9832893736320386
1,0.8300591582263541,0.7957561747262809
1,0.3627111777028563,0.3630333114039031
0,0.5572376808283563,0.7621314238742666
1,0.1823904160410318,0.6738966684729485
1,0.3104229562643447,0.811924084198005
1,0.4001041306443716,0.433459210677224
1,0.2965025925400593,0.2604426593141251
0,0.0125542999540182,0.4343979186786038
1,0.3033786411380741,0.4447922833845271
0,0.7437249458183995,0.7742238824083885
0,0.96002421880628,0.9835819452791498
1,0.4718422014962115,0.1676609803630359
0,0.031693683860304,0.7077884510021429
0,0.3856209720201494,0.9919035751200714
1,0.2548209603017519,0.8148233394091418
0,0.1417800971094706,0.6736843646118389
1,0.6948867988194319,0.2017819768905882
1,0.0936304881036601,0.197431307253235
0,0.5686169890228469,0.4004214032472142
1,0.7894405269651513,0.8257337993975608
1,0.3177493650792797,0.8881979204238093
0,0.8105948804024278,0.4565581122779666
1,0.137259081570389,0.4814936769263073
0,0.1917106054792239,0.2085110428927706
0,0.747289675437025,0.7557405041776203
1,0.6719140422785623,0.5103325561782927
1,0.8826456765905115,0.2653753941695269
0,0.864995669812698,0.9284613828196584
0,0.9427556432246148,0.0241861522491528
0,0.4608019975826429,0.6232874216220878
0,0.8760432805522014,0.5422767561228486
0,0.0197801658326165,0.4015936065779446
1,0.0715303867922803,0.0299218785589362
1,0.6649594897999874,0.4838374772113826
0,0.2575600518832145,0.9666522832731936
0,0.5167832442962534,0.8807082267685272
0,0.0192078841408716,0.3136970689176811
1,0.2928343619507344,0.2954585211836558
0,0.3006657326277203,0.5034528527287112
0,0.2464663580113703,0.4798669022553117
1,0.7399518714678267,0.5091567681592333
0,0.1693003451251991,0.5604342968733492
0,0.921212281845708,0.5856196395717075
0,0.3705094215269837,0.5565305441006468
0,0.0649801832696611,0.7778807019057141
1,0.6096026763546634,0.1740463889244667
1,0.0750096350265652,0.0771923159656916
0,0.1359010141985426,0.2420623307436841
0,0.2589274613446174,0.0344938556212938
0,0.7064407300380122,0.3812237410074295
1,0.7587084495502251,0.549810754749277
1,0.6453258676369026,0.4900258526891431
1,0.902785813119412,0.7475417801655558
0,0.806993915911227,0.6040279080843307
1,0.0578262139960654,0.8985413484573167
1,0.8871005570346089,0.7081769828218731
0,0.5060157493711395,0.2261681625663907
1,0.5477630197812644,0.6526233088508423
0,0.8762059009929666,0.9013513485388756
0,0.3682453073128484,0.9459790554410056
1,0.123076628764621,0.008180947531615
0,0.9498580515685674,0.1299209068813552
0,0.9962273819283834,0.5368370872976733
1,0.3945872735752336,0.3314542540859272
1,0.8750132497355378,0.7432883642715965
1,0.5294743262566922,0.9212118666215664
0,0.84966900593894,0.2218194883530595
1,0.1000990944067153,0.4953736884053118
0,0.9620607891240484,0.1808277351926276
1,0.0582583919052023,0.9658866354489885
1,0.4950992959565458,0.1958065188308492
1,0.6594002242717061,0.6032798022493513
0,0.3677941612937238,0.572038182187442
1,0.4934892487680188,0.9199646976164604
0,0.8855780736504947,0.1280680013608905
1,0.3988500248184906,0.8574000203727772
1,0.2864441027398301,0.7931558835025038
0,0.98288514146551,0.2156836929429912
1,0.5296804527445792,0.0019870639511316
1,0.7637484148711469,0.5153267771602238
0,0.7108677278899991,0.8289861234664532
0,0.3751999849965974,0.9166465120546248
0,0.2282612114896149,0.6580183565228345
1,0.0414094365881456,0.0467805649510857
1,0.4802109320286475,0.9715715762608348
1,0.0714134122346902,0.2088313219119075
1,0.7806421002571627,0.1761851576280496
1,0.2198114283736394,0.2488445184975172
1,0.2153139972784566,0.4318337919339867
0,0.9695601625277108,0.8998324832330444
1,0.4834705338281673,0.606714993464391
0,0.631744415656795,0.3364968277784473
0,0.2625448810246846,0.081932935624158
1,0.4865972428353784,0.6125546745557077
1,0.3211916739538377,0.2530865793926633
1,0.1180448507161024,0.0654458321959328
1,0.1124561876315766,0.5318606832278632
0,0.914879084864142,0.903282996375368
0,0.4091224668972488,0.1426891357448978
0,0.4578338340203108,0.1781661484661045
0,0.4556713022162612,0.4645131893702603
1,0.7856037275898488,0.6997570583949652
1,0.5564900402939711,0.5493058683171279
0,0.4122589019819603,0.6047240091089412
1,0.2088044947338734,0.7963246820692277
0,0.7975557930453999,0.0079665261529487
1,0.2892380208242543,0.4091826580459282
1,0.149662953798682,0.5011572243799234
0,0.1366121414833104,0.3235975284222767
1,0.7070919024433664,0.5222480829380374
1,0.9382606766299744,0.2278512898701798
0,0.8427493183765324,0.6294487535924013
1,0.663459492611482,0.9375506522374932
1,0.1645247099015604,0.7530285935131276
0,0.2557180843576425,0.1349162582263794
1,0.9259195211703272,0.863558085024178
0,0.776715975004167,0.7476957033010322
1,0.901146794443218,0.7590591931634251
1,0.1393622121101286,0.1712380160921306
0,0.0029703227363148,0.7913605824302151
1,0.7561376706526458,0.0883275213296919
0,0.6237865863102321,0.2755408014445056
0,0.934628450415199,0.5489086544070018
1,0.3721128534362793,0.7390871340157699
1,0.9678346348520008,0.2622321331439161
0,0.3913087917173958,0.5804239103412095
1,0.5672739538356644,0.1935285451954341
0,0.5957955387625975,0.8554543449204365
1,0.7058410048327256,0.4500868146890171
1,0.4209133893596763,0.3757489952190185
1,0.7597899636412025,0.6568605664204599
0,0.4631654928005314,0.5480662248445949
1,0.8548458376091989,0.4075601041321364
0,0.5225263660555372,0.6759405618070867
1,0.4845445256790054,0.2008382432880062
1,0.2690242602010519,0.8573499812787836
1,0.810650846994157,0.8057038839165331
0,0.3933512287059963,0.4512469932102988
0,0.33985150282331,0.0959463798570863
0,0.9525391284964748,0.0259744154647293
0,0.4890054737240547,0.3267253050637724
0,0.3683610195948242,0.2087586699433495
1,0.775253670040714,0.5237997023216447
0,0.9907318593187432,0.5107883361002084
0,5.090975690846822e-05,0.3945048564437575
1,0.6640688412420341,0.0008980069324187
1,0.0600466317799962,0.9191695889193472
1,0.03237223054168,0.9176328562834428
0,0.752784810196286,0.2653531904625377
0,0.5032258518980549,0.836052556866567
1,0.257456599500425,0.7688551647437892
1,0.6943521554541173,0.4909261962600355
1,0.4593730568445259,0.3477559617711722
1,0.2031103662154639,0.2876276894364756
0,0.0182922868550542,0.7887895527506777
0,0.9054460756891748,0.4801082037961195
1,0.7886729405395786,0.3958934497531684
1,0.7000375486017267,0.568768777906796
1,0.6416885204948104,0.1352874688922722
1,0.2516150127304712,0.2513206928513629
1,0.1028577757717956,0.9095619377975084
0,0.3098846969073693,0.6308211207760502
0,0.4717680494462886,0.8115484101660823
1,0.920725510482469,0.6944515742636558
1,0.091927850524962,0.2142987252333594
0,0.510919221891154,0.4135255849182769
0,0.541025472283202,0.8909876381895111
0,0.8983463127870501,0.2204623061500413
1,0.6095996940556866,0.5904533209440775
1,0.1948617848116124,0.7579157189533725
0,0.975931849849426,0.0856103728133055
1,0.6937410977142235,0.6468351752994758
1,0.3075846452760802,0.8208621047206826
1,0.2148448906043527,0.3857714425182742
0,0.3303461500155642,0.1733987838584247
1,0.9507758459393738,0.8689840715987779
1,0.1869085474667275,0.7447888662490665
1,0.9997767320676688,0.7440537240216037
0,0.2098153314315374,0.4874105574604211
1,0.488309596940363,0.1355361132903781
0,0.1261190116343361,0.3993669388337801
0,0.9733772099044316,0.0309647869829557
0,0.6195209120182448,0.7587007956567658
0,0.9640098423605924,0.4567119668975377
1,0.6734590839055191,0.5759376243143187
0,0.3834886562629062,0.1667857970067566
0,0.3050308557437138,0.5649490636664113
0,0.8518160618533652,0.0566412377912497
1,0.6471497907162298,0.0034073452040455
1,0.9025509764543324,0.833745079532948
1,0.3970724292658742,0.2402845854916625
1,0.0294401782240584,0.6376168524656184
1,0.7426956513398857,0.5922666604543743
1,0.240434267955909,0.4110478586360703
1,0.5883157246477524,0.0985096210417288
0,0.6971903402830449,0.7224572055758635
1,0.5389140726375693,0.9774897377122814
0,0.4289255298238047,0.13853958226197
0,0.5373914160013075,0.6785528412633897
0,0.500734914894197,0.4483741009651999
1,0.5927462451763719,0.2102073880307693
1,0.8591861126483717,0.3583734449034047
1,0.3865838971422071,0.7450870131645078
1,0.1153481762689719,0.6252975235679225
1,0.0221500071227862,0.1657768980713526
0,0.51342463876149,0.8551017625185843
1,0.236515521757202,0.8650158858994532
1,0.3403007954788545,0.8728917462429083
1,0.9079593057026794,0.4224682038467338
1,0.6739524015349933,0.0315536485191694
0,0.7818532928716772,0.8815652330726998
0,0.0868843636650169,0.8772444717536504
1,0.8277204339180588,0.8657836868513896
1,0.4198438548844521,0.304168409274845
1,0.6844237777551176,0.5442585914937845
1,0.9973882971568252,0.2681474409688726
0,0.6449242984699857,0.2320408385255125
1,0.1452648144533465,0.5792588342655952
1,0.940215645298501,0.8369645787247443
1,0.0541399891226769,0.5789586879558519
0,0.7143692698749944,0.2852861940560217
0,0.8613447636273314,0.4719837569039835
0,0.9724191724793514,0.0278320588851546
0,0.8382531682651058,0.5717285945176006
0,0.534292472742278,0.4372118894936357
0,0.3639664961959162,0.6665938360848545
1,0.75774233516747,0.098310160727239
0,0.6110779372755242,0.7988040151199661
1,0.517563465212942,0.4833594006297066
0,0.953695536154526,0.4726332424499245
1,0.4324320365203017,0.2414969098453949
0,0.0464551975177396,0.2830514050559529
0,0.6974871172611875,0.77557643984276
1,0.0545729202048317,0.0049220645618143
1,0.961711895656075,0.3377059866053173
1,0.3029840256775893,0.3995793080958344
1,0.3012215285319348,0.3251904393844895
1,0.244921756638471,0.6856719982692808
1,0.2803496582178381,0.8413256816584828
0,0.5500031194314116,0.3673191245292013
1,0.4920935789428555,0.6674340007652729
0,0.6828977533636156,0.8856199797494885
0,0.2766496372322758,0.066942836955177
0,0.5021725529752562,0.3544015025430574
0,0.9014251315655948,0.9659917531158876
1,0.8732930960321525,0.7231411977947279
1,0.9023170963504932,0.3265517138150141
1,0.4700939904123586,0.7410807091348011
1,0.9901335254111848,0.7026965930364677
1,0.0753647925442549,0.6373408289081188
0,0.541156705725084,0.331148826425969
0,0.7189601574569058,0.7343607568921232
0,0.3566413856170113,0.9460527255709528
1,0.1115664803221571,0.9294386797696992
0,0.0690651335674614,0.8918885271538286
1,0.003420244946195,0.5873586979198874
1,0.0710974467733741,0.6209997010849014
1,0.271453351013404,0.2458582238349939
0,0.1444877778849088,0.4167211476861978
0,0.6013079331434027,0.8482586278684022
0,0.580641359233379,0.2790903222539516
0,0.5426578504644458,0.4473701096005833
0,0.8394109417907178,0.141253675672529
1,0.3425290431100897,0.8711714750907936
0,0.5586901989389574,0.7193040493344608
0,0.1902757802388661,0.6047839637583198
1,0.2074940928874947,0.3812489390068829
1,0.8848160079204351,0.3674751358941627
1,0.5837603898905723,0.1733754991212552
0,0.6208966628360437,0.6782012866101744
1,0.5235686470991409,0.6020448485529711
0,0.0005369011767176,0.2250282118771488
1,0.8423292791588477,0.7957396831055266
0,0.1658875205343869,0.9200452239292533
0,0.2998458800377503,0.953113830840847
1,0.1864691322443026,0.2841416525060802
1,0.963481151268952,0.7017477351360313
0,0.3578429853719612,0.2022788689260983
0,0.8752819739021831,0.9967839745929524
1,0.932260288633508,0.7462538548267552
1,0.1033189075102889,0.9348117762553564
0,0.9897167539418844,0.4984825567429383
0,0.1950892752048016,0.5816562172524008
1,0.5925951977112242,0.1587909037080972
0,0.6094236707221743,0.4160154853363553
1,0.722183069672608,0.9937961155647406
1,0.618219767256643,0.4732118690710836
0,0.6352611954105742,0.4268015732504041
1,0.8769717050401695,0.3812249462679934
0,0.6621518325824273,0.317978951439084
1,0.0391455010097193,0.5070808434308929
0,0.6822141812772204,0.425005791572025
0,0.8867745151117054,0.942778536971006
0,0.908271263488227,0.9595429594467216
0,0.470972719375219,0.9776698990203664
1,0.4182970578493086,0.4124656315279043
1,0.0846032768798613,0.5776364661368334
1,0.3317918318694557,0.8649578013024225
0,0.9034535679243858,0.1939595626370978
1,0.7784636832725839,0.5101492354405078
1,0.9855182251437512,0.8469913509384279
0,0.9327554320111124,0.9465790787803312
1,0.8029782281543402,0.8852588538895707
0,0.1923317711929049,0.2182505690764012
1,0.0288718817183631,0.9111950144912508
0,0.1402005771005083,0.6921370365743734
0,0.8851696713381844,0.9591743872851592
1,0.5066675969784661,0.9660358025938404
1,0.6275933998742441,0.0550581048157368
0,0.8248550219865646,0.040648912097029
0,0.6521232840307993,0.3945778617993805
0,0.9668784313985676,0.5579189779965803
0,0.1247633475369779,0.3156998067695619
1,0.8848225636286768,0.4437302073014947
0,0.8387762387969738,0.1837836646565795
0,0.0508136474979664,0.8550677574104716
0,0.7168556576821606,0.8969879417361305
1,0.0822605758672603,0.928139412737144
0,0.6858965204401953,0.8622880866626098
0,0.3252775364713615,0.0263343029417555
1,0.4579189533980885,0.3660855348106756
0,0.8070818949701167,0.620839137503826
1,0.4414671815024621,0.7002691176721975
0,0.985002546244118,0.0785314460756536
1,0.0538103291681434,0.064175693502814
1,0.6214679520738565,0.0852044535908912
1,0.1850948047833672,0.7428455977744691
0,0.8276289002438907,0.6374766787909393
1,0.7160710046460272,0.0394967297718205
0,0.4860489592023922,0.2345558437589331
1,0.933077605483576,0.6754273360459333
0,0.2298502451236003,0.2132423576457671
1,0.1463479863881814,0.0990338736653051
0,0.3145705456765928,0.6371861337476586
0,0.9700538154376938,0.4734090971187874
1,0.3122487668700624,0.2736859358402315
0,0.4779782335973656,0.7110350195804301
0,0.7834103663086469,0.8790699592673226
1,0.6084531948841656,0.4973061390321449
0,0.1697153024314522,0.9044682791384075
0,0.3657890527518372,0.4760431205197492
1,0.1900899346024397,0.2705746720912366
0,0.377056225881481,0.1403520996201236
1,0.4868705367583881,0.0510887006952753
0,0.2196732585240255,0.0481077484789185
0,0.4490720426086819,0.9508795473701932
1,0.2257292644562848,0.2493866017161271
1,0.0363128751987297,0.5268014126559368
1,0.7427118087701541,0.9059474047216876
1,0.7367814386950824,0.9454826940170116
1,0.6459124371340427,0.9947335239822784
0,0.4843427608910751,0.4185552330605084
0,0.5059321721575845,0.7323499384158326
0,0.5852571657399572,0.4160190686109304
1,0.6742458430347734,0.0079495338472813
0,0.9490547302063316,0.0838681891134917
0,0.6716892014621348,0.3935583268647561
1,0.781375448678811,0.5422773201030423
0,0.9635815055106652,0.1933034163626457
1,0.5764463401597485,0.9582908027761792
1,0.1577878097924318,0.3255938899758602
1,0.3265334886700884,0.809849280508409
1,0.8774595341308995,0.8628997156158286
0,0.6201249341235384,0.4187032338749794
0,0.9952261563213342,0.934224698400147
1,0.1344840608914674,0.6215908325075544
0,0.3898827648798555,0.2134592396102461
1,0.7798483010543564,0.5255916782964605
0,0.2179323427786939,0.914418197421198
0,0.3785821760987586,0.8976486655186092
1,0.8988907490350364,0.3276158029814112
0,0.672555759250622,0.4146314925071338
1,0.135737150141775,0.628169293844265
0,0.7022500118908154,0.7665951467433598
0,0.0800738878715633,0.3151136905798518
1,0.3312265972097216,0.2698164766057928
1,0.8344535871541828,0.3921968345883473
1,0.1328364387872329,0.0281263589923922
0,0.102389800030536,0.3993398567644903
1,0.4884852999446692,0.169364215711945
0,0.4266228547085515,0.5147109143392051
0,0.0160003182337618,0.3415011776392198
1,0.2139552934702717,0.8284116587988242
1,0.7426028999586977,0.1132364508933494
1,0.8475038874544519,0.4403722563884725
1,0.4592638295656597,0.7650249161166937
1,0.5907559836121673,0.0135512400440824
1,0.7513996310732396,0.613994632112944
1,0.5652634424455938,0.1833221293910607
1,0.026203704318267,0.4621293712727549
0,0.3263332211692878,0.5346255036892061
1,0.9153321295244404,0.2836508677614267
1,0.552904890656202,0.9706809538982274
1,0.6939428391033837,0.175491413278186
0,0.3808870148336105,0.6049188857790472
0,0.8869514549445974,0.03413813232784
0,0.4460475364457215,0.2175474214228356
1,0.9189153815748792,0.2576421305194037
0,0.2162050101261691,0.4488782722930434
0,0.5216053149894327,0.7124722677265227
0,0.9489731495352492,0.4981578938816168
1,0.38135718737315,0.3904593169958178
0,0.5827662315520736,0.7531599841068701
1,0.3075627497677569,0.439292659114348
0,0.4278160693295076,0.4513029524799186
1,0.6183905259344299,0.9080699045882992
1,0.8637763407428868,0.4102991476999877
0,0.4997815585146795,0.3921179904034551
0,0.60850979339919,0.7048728004986748
1,0.7753313788906149,0.4947401670646627
1,0.6238008270534062,0.9958728946355244
0,0.963398554411999,0.1733616399467786
1,0.0881616462009097,0.1528375624493293
0,0.2874963651445246,0.5663097162347132
0,0.945364600354236,0.4852947398350488
1,0.1894143728464956,0.7424956474147447
0,0.1352660986940381,0.7427816249531013
0,0.2577450178697895,0.6291147391558266
1,0.9479487770683868,0.8745664738699817
1,0.6383291316544848,0.1965180412071524
0,0.9581933691144536,0.5849727226246281
1,0.6508911118777719,0.5852330055753856
1,0.2644061453754699,0.7578842922212522
0,0.080597646855382,0.8627287341181501
1,0.1016061879456922,0.1479059215857926
1,0.0359608267740679,0.6591549447614354
0,0.6437513715678215,0.3148384754224768
0,0.0111823100073511,0.7152860510506949
1,0.7444829459638648,0.0812755667572419
1,0.1555205141765004,0.1453957312874225
1,0.1758685913683569,0.3911158219671127
1,0.0156989938693452,0.0137876387317368
1,0.4817071923394129,0.1295455749876241
1,0.0532568898444989,0.6078020142507913
0,0.5575050022673261,0.3680681816019999
0,0.4109591762109572,0.0174706002280329
1,0.3100169595829042,0.3911352056309133
0,0.2180986408471446,0.1138065218916779
0,0.6986687146677593,0.8264057381830062
0,0.3325416116923734,0.6160867938656369
1,0.1315137595051456,0.1019588163956138
0,0.3655027727255376,0.5788918457478756
1,0.6384775240350283,0.5768443330051605
1,0.5751440905506816,0.492536047288418
1,0.5689308294106932,0.5448990045409423
1,0.2511804432326507,0.6926253803295862
1,0.3991824631234496,0.3956239367438469
0,0.9371903147114794,0.570999800821659
1,0.9213654854995442,0.8273781125332819
1,0.2153727584460451,0.7400136783632357
0,0.2545341271846921,0.9949059501768508
0,0.3408594435657619,0.5689977151750786
0,0.2383673851775417,0.2204793421720937
1,0.729598011968952,0.0224431360949871
1,0.8698787787410435,0.73009790288261
1,0.43244060798721,0.7525136612104032
1,0.2446899860135858,0.3818486855887489
0,0.8775733374252875,0.5079453763542315
0,0.2936384100042256,0.5397364851231584
1,0.2451531144094153,0.3954975208577689
1,0.6558302631879204,0.626777358964686
1,0.753354796428576,0.6656980325891293
1,0.2406410114952316,0.8275179772515142
1,0.6448360112065519,0.5752303245174616
1,0.7084000487193665,0.1457851394500997
1,0.4786533090863116,0.0722674829046121
0,0.4914656959409155,0.2844522114405194
1,0.4538035311012824,0.7759652251407414
1,0.4037051695665782,0.7082011316771751
1,0.8708452336678701,0.7807267204186805
0,0.9943542562140496,0.0805244079005675
1,0.1485547621136133,0.1993148927406114
1,0.2682170540533896,0.8463874503260754
1,0.6997308713919959,0.984322249740842
1,0.7383896193916657,0.6683684112915701
1,0.4151695373059014,0.4453911045344112
1,0.288517377135277,0.2567838530822356
0,0.3968395578436802,0.1288172417803469
1,0.3132215226618682,0.4204600348528932
0,0.9034616908513976,0.4901448217224701
1,0.3369516113462243,0.6985341708642893
1,0.0705021098980391,0.5751417527790972
0,0.2956774503652747,0.4971021342117179
0,0.3162995344948617,0.5450671641650886
1,0.2188969656309941,0.8247499524231967
0,0.2716361749180424,0.928882240497772
1,0.3294093845078546,0.8029207459936016
0,0.630679568866128,0.8213621595787921
1,0.4599091210653482,0.7863103738236003
0,0.2377385234274438,0.4562108462943556
1,0.7409074274742706,0.6222421183343032
1,0.3842773595628063,0.2248062489262569
1,0.0015223994806272,0.6057228258681042
1,0.3490022311571016,0.4368301661098337
0,0.6967890150437367,0.712894143437658
0,0.0537760642346227,0.2581588400304727
0,0.1445008094575429,0.6860878937872562
0,0.845774024102724,0.5724508075905681
0,0.8294981299906192,0.4738727490125486
1,0.1622366697745799,0.8243283572515612
1,0.731974172603487,0.9907206249061524
1,0.3639984088427361,0.3775764110214294
1,0.4783854537175294,0.4587631844494556
0,0.3997712195721598,0.9351608226288758
0,0.1849363157788288,0.1394891552677678
0,0.7605193840341808,0.6952983688790555
1,0.2411463581941891,0.3222589943195058
0,0.3742826784651173,0.4832857451097613
0,0.6030550897552048,0.3107680444611339
1,0.527827275405937,0.4781112510613886
0,0.9669491008892036,0.0693810022405574
0,0.4469776915708708,0.5194529476788833
0,0.349833873561874,0.9705278690556732
1,0.9629301832901692,0.8579663739391078
1,0.1333520023952288,0.1591151642643355
0,0.3140334149457445,0.9317340391607852
0,0.4966642827712124,0.7536312731182826
1,0.0439919773749364,0.620047835184936
0,0.938058687441066,0.597246964631256
0,0.3025482791516662,0.4915287961009619
0,0.8399214610038571,0.8977475194981741
1,0.6914228429714713,0.6075929737060957
1,0.4760650347107648,0.648380569819939
1,0.4291500811778317,0.4473969124817979
0,0.1431655954144935,0.3162776787123338
0,0.7921810473361103,0.4965369192792409
0,0.4600480400669631,0.6330729544629016
0,0.6400639127808312,0.8869972769635088
1,0.6395064067661547,0.6420898560927981
0,0.4372996361370616,0.1821657932040268
0,0.6545671936877433,0.4272821392710002
0,0.5802160480798851,0.7866509262163709
0,0.7797465710085913,0.2711178194854472
0,0.6577691745628005,0.306646073682261
0,0.6762170824976524,0.4071327133126723
1,0.3866086633918184,0.7645832873788659
0,0.2358823755417807,0.0689734848593006
0,0.6612121357005072,0.3623901533350385
1,0.1443491826754498,0.0625323128650453
1,0.2401706318897642,0.2559893160933619
0,0.4949686660281027,0.7101511933160233
0,0.6693594105608156,0.7639618515370714
1,0.5971786983959558,0.0086470815355681
0,0.0553929815580643,0.7875015455161608
1,0.0894850880127626,0.0466661618489819
1,0.282179766373599,0.7186996650560631
1,0.4135708386477095,0.73790371183719
1,0.2413786636371526,0.7885486023841126
0,0.6800680523173962,0.3464334666297189
0,0.0899806017881497,0.3869051148730535
0,0.6762056059332198,0.7876127360450079
1,0.9707172158499195,0.820442258027154
1,0.983065551683867,0.3032301368493382
1,0.4662794343489266,0.415894798033541
0,0.621460445888343,0.8877866431634992
1,0.7082946854487674,0.5817259758626102
0,0.8678399906792693,0.6394719930595391
1,0.9707452692028504,0.7223540630304278
0,0.6515904304164036,0.7956153422897979
1,0.8264196105557813,0.4043633992165099
1,0.4933584680167791,0.6430272947899742
0,0.9302968902625162,0.5118075957787986
0,0.0059429311412474,0.4347349536364038
1,0.4307082330535534,0.8756439147619515
0,0.555741671311114,0.7845426699190623
1,0.8444318882991879,0.2276379054577464
1,0.0576538366871974,0.6556545714570016
1,0.1647876994050304,0.7435021921867551
1,0.1951656388249308,0.4120186562759059
0,0.4151877625089814,0.6702419763963774
0,0.542064458025503,0.6835891488860085
1,0.0815965438576833,0.9737231091279376
1,0.8909289229163261,0.7693220451184193
0,0.4034609505011666,0.0613046170789082
0,0.535457598271012,0.329578441303643
1,0.99487156457442,0.7764070301290295
1,0.8418790724534152,0.8414361927397046
0,0.9231693979729172,0.5025083688717097
0,0.0297853080701685,0.4192432793752183
1,0.176177453763685,0.2400809171217034
1,0.3677261946820876,0.7656448889291566
1,0.9318588223691624,0.4341406656526605
1,0.5894486483464428,0.1394958615191078
0,0.5545495098020936,0.6975958628439629
1,0.507083148062599,0.9461326298839704
0,0.6278644678073603,0.2488393935153585
0,0.3926031898247656,0.0004072988801768
1,0.6770390758946737,0.1731951881587429
1,0.9782143940499194,0.7778110192831487
0,0.9932325560456596,0.9840414292507104
1,0.2808316035687154,0.2618887744250667
0,0.4091779217829805,0.6572180645508455
0,0.8730142361125421,0.9987232750634109
1,0.748748434796851,0.6613557646947309
1,0.7650059106628769,0.6427272759457074
0,0.9503180425513112,0.5599783723198788
0,0.9213147844873232,0.5133401498516186
1,0.0157119367914265,0.2004433943532372
0,0.5454840296961725,0.7068839677411691
1,0.2516245083920944,0.2279010771937999
0,0.2594173737364634,0.1659044518744443
0,0.9521789742367688,0.2116974001164512
1,0.75338584575888,0.5282430089324958
0,0.9961980373671836,0.146169313748689
0,0.1993337753324754,0.6144175039664305
0,0.0035019654941444,0.3212576959371699
1,0.4986172034032722,0.1508561393061657
1,0.056255827668957,0.945891066300981
0,0.6723453793894941,0.4055988424529476
1,0.8914510671973209,0.7318122127528233
1,0.9881893393919624,0.3362519971553794
1,0.8110310882659235,0.3898122624615868
0,0.2216895397029841,0.905485755037942
0,0.956980914603874,0.1962650418221793
0,0.1966649712605169,0.6074064547555975
0,0.8608767944088948,0.2180020512063281
1,0.3975616774903309,0.4203205419491591
0,0.7424711846458123,0.7477434488571079
1,0.599912927302921,0.1370147955222647
0,0.952714775743,0.0644414022878323
0,0.6976376520237144,0.3748034138570875
0,0.3282156031180273,0.5439249085725826
0,0.0300094216822228,0.6736330374971713
0,0.1267780815053978,0.2914286225884192
0,0.2986620530078224,0.9092056421789118
1,0.218294434094504,0.7198728111900241
1,0.5672156258964002,0.4900004047098444
0,0.3217755154629219,0.4642821396575339
0,0.2964190424092771,0.9411399408384604
0,0.0545139153753977,0.3103807375241563
1,0.8349881329059112,0.3048859413591605
0,0.3523214248433477,0.0691831160745577
1,0.4731479925684616,0.6672834360918231
1,0.6261780165125976,0.128731131256821
1,0.9049259729937618,0.7504402117442329
1,0.4618325787535569,0.2429364455449294
1,0.4067498298933902,0.3799509496905162
1,0.6757067753921091,0.6128108787841644
1,0.3376242630490527,0.3910575630544625
0,0.5697488935568923,0.3023055053607322
0,0.8701597776849876,0.4547499104597358
0,0.913539173288905,0.9487973283357852
0,0.1760000351018169,0.0275894459975643
1,0.63695932349615,0.4503982781320161
0,0.4234856065561001,0.4754348982294333
1,0.6696790847566391,0.9291599208733656
1,0.6803606360016323,0.1080592834983101
0,0.2477000493020472,0.1482142366310753
0,0.7776864511352894,0.2369875375859076
0,0.9852372865846198,0.1616511160654937
0,0.3266286581983508,0.1319360675221335
1,0.6896496691020273,0.4554520007576361
0,0.2486439601713375,0.9633614415353484
1,0.5822514334113705,0.5214402666336462
0,0.8623492591883731,0.6424143559347955
0,0.5721605336417609,0.2647738106140958
0,0.1903992645314476,0.0350453788109432
1,0.8842055877205885,0.7176452954406257
1,0.2320818477790068,0.2274947255666525
1,0.7724018655142687,0.1273883192994074
0,0.916408990636466,0.9605514114593414
1,0.4063719899154647,0.7137533813651168
0,0.1692882168928028,0.0233206938536485
1,0.6578422882745814,0.5951992026079432
1,0.5413815591568178,0.9311923986265824
0,0.6563696653445978,0.4104698948804237
1,0.1301551017335884,0.1544538539727603
0,0.3465439830130603,0.6193230314157547
1,0.389588734431577,0.3344213456058623
0,0.0889464079810594,0.2717050999525031
1,0.8199193969936495,0.2296526816133443
1,0.5729383848410141,0.1684682461113621
0,0.423523098461156,0.6257602520466796
0,0.2356239394124437,0.1575202036163294
1,0.3993906902930942,0.3545492316615994
1,0.6254846570992173,0.4825512940705772
1,0.8169554602269359,0.7880208202042308
0,0.7159931128180316,0.7987558326086754
1,0.5695923112211634,0.9431556568920164
1,0.9689807140918651,0.3750102377617439
1,0.4605769564934524,0.3016074926233685
0,0.6588882863983571,0.8868205597660983
0,0.6838995069360078,0.684519744667607
0,0.3472949047922663,0.6335112359612387
1,0.3032781638868825,0.7597138802914014
0,0.2073807070085863,0.0292571019498746
0,0.9947666785713803,0.4804099552989702
1,0.9252568386066188,0.3131519129588506
0,0.8917151626810301,0.9611031225376206
1,0.3839713333717202,0.2420196843589568
1,0.2291777457320258,0.4288163530527731
1,0.2883003755848751,0.7137255782231628
0,0.8908102686318007,0.6140162406208645
1,0.2399950584776139,0.7750360826187406
0,0.7234592610687054,0.3099170080677201
1,0.6546308681631839,0.5078551653388761
0,0.6998081543714515,0.3032723522636356
1,0.4767606735587228,0.9756470755413784
0,0.3178069280219699,0.0911434081618662
0,0.0793115169096428,0.3676245568254496
1,0.0254056856024689,0.5335713535380255
1,0.3958826026107875,0.8328232148539547
0,0.1523152263128098,0.8351704956227697
1,0.6352485790210931,0.0316890131296432
0,0.2219086589119756,0.6488571477276323
1,0.2285164318817597,0.8788857950402803
1,0.4230658564759686,0.7076670654838246
0,0.1888109319819292,0.6629788407573969
1,0.2187634432684164,0.8762863635790468
1,0.9130677032556106,0.8058831007364109
1,0.8662823148793058,0.2498781569638691
1,0.7894527501321381,0.4168359770211712
1,0.5830738105510981,0.1172569677822669
1,0.8358358537008865,0.7607933171221877
0,0.0040876646836607,0.8872147092942768
0,0.236718091045707,0.1638276159549689
0,0.6161136033235577,0.7000153103507657
1,0.0971727434916408,0.5453639143272633
0,0.4251602811438663,0.4849538932157687
1,0.5255269029801142,0.6618203911998087
1,0.5675854250263827,0.6598959928856727
1,0.2020303075967517,0.6804589073271448
0,0.4039344206816408,0.928163865572646
0,0.4175102133220646,0.0630147809304145
0,0.8104809780499347,0.9054967423473966
0,0.9086188282893676,0.9615606786583484
0,0.8487928682535639,0.5404307037832435
1,0.7690430111227415,0.005051724939394
1,0.7718048813931018,0.9776422106231776
1,0.4648294649701503,0.8797319329258277
0,0.3593723610487345,0.5219559454603367
0,0.4203597836141929,0.173455495303949
1,0.0968149025477435,0.9141194520334652
1,0.9742003023853776,0.6991681409657745
0,0.1767304080451428,0.9420892546025073
0,0.4725174021071315,0.3141682003003718
1,0.2019553331084475,0.3443407640730566
0,0.9972337477158632,0.1263956046674309
1,0.3576250758827296,0.3141832921221471
1,0.4111214237091685,0.8710025191594731
1,0.5777168618142993,0.0527225464305999
0,0.8563841566771081,0.0670546666887814
0,0.0697474840961474,0.390203735854665
1,0.7357642333791249,0.0435409289368137
0,0.2846331496607474,0.6485063623700157
0,0.7513561413286124,0.7639257544123232
1,0.1379245473798854,0.9981357148968106
1,0.0668278727554075,0.5776582330416318
0,0.3070588814460709,0.0102947368078916
0,0.8952122241106883,0.6228342657539375
0,0.6858454243849434,0.2821386746050905
0,0.4918772308584123,0.4233695630494789
0,0.4240325037752633,0.5986466962172
1,0.5134513585490295,0.994046568289954
0,0.7966810228160637,0.4964095192277685
0,0.0051976966512233,0.8391258201176068
1,0.3227218250326594,0.801193307787679
0,0.2438044535176502,0.6214448390480749
0,0.8382472293650797,0.6055401697688381
1,0.6746018114486392,0.1824582247780759
0,0.933115732338358,0.9334350112193605
0,0.5802819525045982,0.3382229025836608
0,0.4634241481010888,0.99306760623245
0,0.0813641298606991,0.3233533440099712
1,0.9908633216802264,0.8187311903837131
1,0.4273704697097851,0.7650576499153209
0,0.7239711294124231,0.4171639643681868
0,0.557753411242144,0.3423320137549548
0,0.5516128232738374,0.7430563377406715
0,0.8307667182895444,0.5691987785670621
0,0.9788095951714364,0.4828059340369476
1,0.4629505035314,0.3136852963448816
1,0.836282943226999,0.2335775911100172
1,0.5762889318994935,0.1730238818778025
1,0.2917765806883581,0.2976354315524797
1,0.3598922694245607,0.8938739455194828
1,0.7529633180627808,0.96352879526863
1,0.5400232898481232,0.9588205472393418
0,0.3265403632589891,0.1500530871844426
1,0.3518891482844157,0.8874050641235695
0,0.8431257016540219,0.0360204478507659
0,0.5435869756002184,0.4187134391273771
1,0.1355119694928688,0.6118992140656961
1,0.5634431843774259,0.4821921950785973
1,0.3605332325755067,0.2509173841007823
0,0.2712100792252905,0.2120896928660827
1,0.5826608881572616,0.5087329650083445
1,0.0809631320195026,0.9204537520419906
1,0.0735246612066634,0.9474198008115378
0,0.2656425716701811,0.9159842628279186
1,0.1350295637811825,0.6168871805509729
1,0.4389186201228058,0.7980729593156156
0,0.3646279664925308,0.6308108293231621
1,0.1053258818742103,0.9654625945313466
0,0.7557497528614915,0.3706363535880981
0,0.5699859544719094,0.4480683660407989
1,0.7797859153076857,0.0667339583650763
0,0.0533199657393815,0.7776573084299099
1,0.4709309904231784,0.26325587905262
0,0.8884603482407909,0.0099805673330413
0,0.1343590652569251,0.8701841528787136
1,0.2619991595428597,0.7824435477141138
0,0.2726277856701288,0.6443221467136021
1,0.6263128869976466,0.1443675873395338
0,0.6347153746228117,0.3210690600268885
1,0.9409255152216698,0.2663644850839458
0,0.3236432795903564,0.0162941854494603
1,0.3965354206343303,0.6882694680110771
1,0.7495692380868192,0.5062035422453435
0,0.2878941886909351,0.4876117981187875
1,0.6233294901497611,0.115107157617221
0,0.8274384181148708,0.0099790221130321
0,0.0974289928314217,0.8544741367754244
0,0.0751168886564179,0.3747320347136408
1,0.4540776449191059,0.419872931922774
1,0.6092160557085938,0.5984444144082919
1,0.29413059340797,0.6937054272128181
0,0.6579312970426973,0.4111236367722896
1,0.087276532874346,0.1694862494864675
0,0.4836979078626496,0.3872064593626722
0,0.2744839412830063,0.6273536665654169
0,0.6852323343542537,0.7479437494673525
0,0.3391619059621257,0.9990506339836542
0,0.9302541318864892,0.9216160804828628
0,0.3492389694300457,0.2025164536146317
1,0.3813703826284516,0.8807259966696362
1,0.4754972578721513,0.0715744071541434
0,0.6448145452606552,0.8758631713747609
0,0.8209340589989451,0.0929239699831528
1,0.6223175787815503,0.1413843560390503
1,0.015030842869129,0.0106152623799614
0,0.4868923863412487,0.3641095893932433
1,0.0060252938382502,0.5410381670404298
1,0.3818043367461255,0.8427561160613066
1,0.3652002172580921,0.681985037029182
1,0.299413365192572,0.8726263927868145
1,0.6446306399443198,0.1291575056282093
1,0.7533693100334574,0.4814979259437478
1,0.0306397251275035,0.0007789898556505
0,0.196085772471021,0.1825025734947161
1,0.9820974258002364,0.2862059766488117
1,0.4210711184510983,0.8439973394205661
0,0.4330096714461685,0.5823239691028745
1,0.1516895235714256,0.5713448485304693
0,0.0972425907257322,0.8768789544775681
1,0.0942958520062102,0.1713706926046446
0,0.9498571264005968,0.4634688752580588
1,0.6080637756166855,0.0764971350232265
1,0.5623211224158732,0.6618324774862197
0,0.7405094897595327,0.7530767302323624
0,0.3472967716272271,0.5490767390072956
1,0.1942494015533999,0.3307614641459161
1,0.5930959495486918,0.9427984046448724
1,0.1338269583011595,0.470493556762816
1,0.2070511914712858,0.2661522041316391
1,0.7405999189801797,0.474616962589144
0,0.0753276850932002,0.3117809226914922
1,0.9133474039348476,0.3004036904751809
1,0.4879677678962689,0.0409877548065652
0,0.8191821322704412,0.0552326059875135
1,0.2639619176634128,0.2300316254534394
0,0.2079447893665905,0.996107370609198
1,0.1116195458321881,0.6321077437821522
1,0.747821156438956,0.4727955585489725
1,0.9709528514710188,0.3583218464193055
0,0.5108646899431057,0.688755266967501
1,0.210161876359267,0.7977866043239368
1,0.903049268217972,0.8877854763468396
0,0.0426551415401357,0.6910476350204787
1,0.2331672451550478,0.2687805148780767
0,0.7802784192035935,0.6937382306996378
0,0.1831115927838279,0.457094107385666
1,0.0506593314807636,0.1094586346950042
1,0.2430756331981255,0.3662229104428828
0,0.9150998468830964,0.4840664396789359
0,0.1416256681384859,0.3748572721000883
0,0.3689176233366659,0.0509676454452967
0,0.4741557169489862,0.4087618898311786
1,0.8287414363006692,0.4291506995425387
0,0.3429669892371951,0.1700598890633552
1,0.0275577140574787,0.4620394695414174
0,0.5737164282698396,0.8079038888858034
0,0.568200211657503,0.8578733692840527
1,0.1481451630545925,0.4641574377700316
1,0.2550654436529109,0.7378083930952535
1,0.4797784167221979,0.4806431316332591
0,0.976177424706782,0.1046854743226122
0,0.8431517456828148,0.6117811323307846
1,0.6412572532125166,0.5369139333363013
0,0.5199952122721788,0.7540352691779941
0,0.9568653246500984,0.2142737152123209
1,0.8674871010093359,0.8933465695310187
1,0.5054031884452092,0.606014801430981
1,0.6621261764199902,0.900315642143684
0,0.1026596516047151,0.7482322526595606
1,0.5339139172573509,0.1286724766396454
1,0.9424758827919766,0.4024932115671704
1,0.6822186615672658,0.0136997665827014
1,0.3492466636771606,0.3511625835275227
0,0.5268029075596291,0.8191772689798974
0,0.4616901366640717,0.1873684242856017
0,0.1528889700697524,0.2975956405359893
0,0.139731958431107,0.7203635122180749
0,0.6729313862898155,0.6987048372838456
0,0.2958868195731006,0.1553497982384329
0,0.0715232052509873,0.8281856569645246
1,0.6392920240405389,0.927841454549485
1,0.3390770740076291,0.8513805745346348
1,0.9462312258578598,0.7229331330790911
1,0.2583589698645191,0.7775495245785206
1,0.7608878054533154,0.6370524185098478
1,0.0123677571109791,0.0081393316553057
0,0.5324125281848822,0.8146318516523204
1,0.1714702323730443,0.2820842996545808
0,0.3736112184112583,0.1771737505633039
0,0.0108838916048846,0.8417000381398061
1,0.9175232931276164,0.3998693806274475
1,0.1995335396588987,0.2594889158917036
0,0.483328355489128,0.4464177487924259
0,0.0904670544952526,0.3646222192218765
0,0.0692420397757758,0.2702765700030551
1,0.5202629194209282,0.5298953466333615
0,0.4806333291235829,0.2774506169070384
1,0.3410651767419891,0.3397456665827697
1,0.0587357632667868,0.2008446405762545
0,0.0935964575573911,0.3338121172155935
0,0.4939360077157586,0.855578830624141
0,0.3931093009520566,0.5569190067780115
1,0.4027523089712986,0.2895516763242848
1,0.0323068651966858,0.6331241526141786
1,0.9819296023942756,0.8898527450914195
1,0.9066699791476236,0.2603842583986991
0,0.5954442258233535,0.3300899617300312
1,0.88650458864557,0.3374656642054716
0,0.2421192034893701,0.157191943720826
0,0.6251556883091044,0.2262208769190791
1,0.7809210006413763,0.9401622512544152
0,0.2499203399834225,0.9142115878856916
1,0.5816353977291167,0.4645923899183011
0,0.6000381063668266,0.8761827393983844
1,0.2239586241152407,0.7532648004758566
1,0.673545973875519,0.5226137566116371
0,0.6590151669588826,0.3824761587743256
1,0.6104601844065584,0.9700772354228792
1,0.7731251133182647,0.4930902442942435
1,0.4864490398313605,0.4712371926038891
0,0.8352935465216396,0.1306132801528909
0,0.4270612681366987,0.5638170848684748
1,0.9398586488925548,0.8724884029808249
0,0.457882099572542,0.6296386220911296
0,0.7494280307574364,0.3978727783135245
1,0.0707360120783099,0.5524143821209909
1,0.1940054932769022,0.8645969941184944
1,0.6241739290995668,0.5866163396420571
0,0.2133147507358409,0.6455853059297527
1,0.4423342547606858,0.3003172844198268
1,0.0161829804775897,0.4704939640009475
0,0.1832484143981516,0.6082200800443387
0,0.716167789243401,0.2865156197108905
0,0.2823395062670732,0.1290765672701557
0,0.7000894216379836,0.8051477886003916
0,0.528862362048735,0.2880717139950072
1,0.4197825956356356,0.2551543090067145
0,0.7604998858336591,0.317122309350345
0,0.3876810623196789,0.1182189221372501
1,0.0914849121391757,0.9772851462454778
0,0.5259534192066776,0.7002963458456524
0,0.0521170193193361,0.3420422297813718
1,0.5655831543941273,0.5139884130724405
0,0.064943170191546,0.3506021628861803
0,0.5581193642909754,0.2820359488184446
0,0.6742109932797614,0.7041050163926079
0,0.1550449042103273,0.2972890531833193
0,0.9419087377615892,0.1403101949310569
1,0.6852948789645634,0.9650523574037572
0,0.1212264612770845,0.2729641225622556
0,0.4992921170257299,0.2350449945536454
0,0.3141530532322348,0.1704234664504091
0,0.6168377455179915,0.8273360630644312
1,0.0671850569789981,0.5722581976785457
1,0.7469839302324813,0.0525262522867596
1,0.223420261914946,0.6893054668894252
0,0.3363592828261112,0.1570934825686732
0,0.5883114846666339,0.6784447032085172
0,0.8888192031600886,0.5390467219630929
1,0.0785265086292266,0.0468801572478263
0,0.8812046691157798,0.9539563667528604
0,0.819942355850037,0.9447289167165522
0,0.073489966032301,0.7877950967196753
1,0.9700816866412346,0.3766569735320529
1,0.3170668578304636,0.8175918238568146
1,0.2633012669583144,0.3328942749130211
1,0.3413470587089559,0.3206411663508451
1,0.9601676889090188,0.7039822025003707
1,0.8348648308176759,0.2324443811229479
1,0.5317988083784727,0.5297681541222456
0,0.1210151958104803,0.7218150231422791
0,0.8003831309234345,0.1375305882816018
1,0.9610149396631475,0.3994060334298718
0,0.2911272279298279,0.6417508098588856
1,0.097001851937996,0.5080437520562114
1,0.3319322996615141,0.2282383052830758
0,0.1405928337609393,0.8422807165523353
1,0.7822880053918579,0.0951862019988558
0,0.4618671923025613,0.2192818185978446
1,0.9127675726755816,0.76025245486018
0,0.986540690258408,0.0466666836152567
1,0.4850657644647227,0.9920646226278226
1,0.5629534990536459,0.0263723617406376
1,0.8806117244444176,0.796767758780211
1,0.4857562813124544,0.4698740855780819
1,0.5929413426233089,0.906291085185044
0,0.8328919696787297,0.0364232884359096
0,0.9180675349829284,0.0471194168400568
0,0.7701215136949394,0.8231079444961397
1,0.7121640044012117,0.9239436980696892
1,0.7144864752430827,0.9900341778920122
1,0.9257375166192776,0.7787335276648544
0,0.627744020047327,0.3498220907605772
0,0.6725355472677588,0.3717410596813928
1,0.0093976251295365,0.5828759617624459
0,0.7878877536232936,0.1051926342134069
0,0.3381548074977399,0.4963825893273162
0,0.3847179676387516,0.171297840822048
1,0.0115638590556703,0.5841593062812281
1,0.1301760253091681,0.9810908079977136
1,0.9912653541510468,0.8785346823280302
1,0.7797224610798412,0.6030675393225938
1,0.1938414024486615,0.4010477994921206
0,0.4981992164152712,0.4025593088121609
0,0.5241028379469873,0.3138865976923237
0,0.1517906965719936,0.2377461537600144
1,0.5504645928413238,0.1468700333308967
1,0.6394596707234919,0.9670242074758088
1,0.9831847477863356,0.69182308779359
1,0.8921661949827433,0.4409060970993113
1,0.1822455861427555,0.2711565628745903
0,0.8027054345382917,0.4957823405731756
1,0.4368892176742461,0.7582749238959182
0,0.1278943997701812,0.2599541372853163
1,0.9053851782429414,0.3725945871252885
1,0.1493846029523174,0.56336769538023
1,0.6060986114681813,0.5781568707178004
0,0.1290614445776975,0.8460594255786901
1,0.7959688154291807,0.3226349310759784
1,0.6482587672387352,0.647038474276377
0,0.1817123878803084,0.4798840845081625
1,0.7992609491637057,0.4170854214337884
1,0.7681487089187202,0.8988153953765363
1,0.1315694169287662,0.5241393074442355
1,0.4798168583007905,0.1671499274388614
0,0.0612478594381914,0.322978218742997
1,0.3390046606256045,0.2845819802826334
0,0.4659222510235359,0.0021918910045982
1,0.5729089150285086,0.4614554893460287
1,0.5914422201594935,0.5476846289373183
0,0.6710226280597611,0.4091912514632854
0,0.9453370627252112,0.1850840259637918
1,0.2640577477104678,0.287712520723806
0,0.2461250635934863,0.5962081803276307
0,0.9870949499110604,0.6390757794324917
1,0.2905447905990003,0.3370263173100783
0,0.0021222185399929,0.36904505305246
1,0.0052320357279895,0.0512916864508835
0,0.5342046620754304,0.2457955570313823
1,0.4675033577493295,0.3218928402061779
1,0.2959653611809714,0.3402301721863263
1,0.8720637847765462,0.3294710238494197
1,0.8135354530538418,0.864541239736317
0,0.9317813293007724,0.0368883880395727
1,0.8985152077986135,0.8423542750894416
1,0.5042248459098886,0.1533405228879188
0,0.1971123856303358,0.5577182569965798
0,0.7221445048119586,0.8660069643263231
1,0.2204153574852226,0.2938333886453899
0,0.3718848053439446,0.4617814099461365
1,0.3835846486854799,0.4271580813456231
0,0.2155350168974774,0.5956264036187657
1,0.0934769243286607,0.5832499401971225
0,0.1546619684373459,0.3456014271639827
1,0.0169416497834408,0.5844904203391068
0,0.9457762207211988,0.5406166996443206
1,0.0880630253414551,0.6535964256922674
0,0.076560535688499,0.7837542419837332
1,0.382250951364662,0.7265388265355367
0,0.3241130998849378,0.9128351316528904
1,0.9798040409360904,0.2604331895804183
0,0.5018808228108409,0.7393482829838164
1,0.0041982622284196,0.532759982820261
0,0.7969829277742405,0.9551801215320396
0,0.2493671182593616,0.0525364628827866
1,0.7072719324920957,0.960800673382142
1,0.9339512565672324,0.7964680811681112
0,0.4590011301167104,0.1080715427417841
1,0.3708702940708642,0.8321764246475342
0,0.9211912617780748,0.5858827565205229
1,0.4358533800927441,0.3954730333233464
0,0.4100360131263291,0.043214717467105
0,0.0399366132756643,0.7321756250973487
1,0.0467904136967413,0.9283914236378767
0,0.6495888393854987,0.8625779922985015
1,0.7663176891023236,0.5217215316994253
0,0.5892597966002212,0.7290642697079665
1,0.8917091105963506,0.7769617533861332
1,0.745148526091703,0.926694965832312
1,0.8724836256803328,0.4335577644867665
1,0.6225691877267145,0.5544493317221169
0,0.2657010663137946,0.4946519959099508
1,0.5986646605791537,0.0080923398298571
0,0.3192326518226008,0.1602235362002656
1,0.2054419246529225,0.2760250668896002
1,0.983896140825121,0.4156451271367822
1,0.1414054730894153,0.4549461606604573
1,0.2268850156794489,0.772961962424895
0,0.3667112319984544,0.9944491446532424
0,0.9053060230258556,0.542456121000651
1,0.1931331232282529,0.2544664282998969
1,0.4528101302726814,0.7707832395278503
1,0.5878262977841642,0.579195770486553
0,0.8114530428502503,0.5364435895126637
1,0.2111155143219072,0.2960792393479163
1,0.198593372105576,0.8603950230585186
0,0.1963144926722452,0.2009031920040069
1,0.400065336723989,0.6833515584577973
1,0.0456353211375649,0.5744116113979287
0,0.979639892179623,0.2159050852031171
0,0.5503010688927665,0.2719299517008723
1,0.7154887692213968,0.9241584979495936
1,0.3724669498449533,0.7459559042202158
1,0.3199711176955444,0.3756872831364359
0,0.8895869711086186,0.1831574501638991
0,0.3770921841929091,0.1661835702524536
1,0.4794868231900777,0.4948834646750334
0,0.2696453005654723,0.5083102039432642
1,0.4842685711209633,0.1139777966434869
0,0.9401789120070466,0.9806828372462312
1,0.7451795786136118,0.1481307936768411
0,0.014926313026539,0.3050499422773627
0,0.1620388226064016,0.9694935755883556
1,0.8419218342579889,0.318248758250751
1,0.4246816759113019,0.3405956559952653
1,0.9106032931824994,0.3706595913767853
1,0.3559262054370611,0.3615843221795594
1,0.3251986995297995,0.7312679432061551
1,0.8305623787178243,0.3699716519489467
1,0.0299012345344622,0.2212279521952442
0,0.7927608142632004,0.9008397880010928
0,0.7289229470510116,0.7389957092572705
0,0.9406366630541836,0.1372612102763053
0,0.8479083861514628,0.1561305187672114
0,0.6786599273907121,0.7094187895232774
1,0.5650749180784616,0.5887818733808946
0,0.474248214321526,0.2424351314102113
1,0.443100081170212,0.7373180431174678
1,0.2601439526539895,0.4309125531305225
1,0.8610753697529214,0.6793471914517547
0,0.6322676147946396,0.8292913680606621
1,0.3555765935302251,0.8130716511022288
0,0.3505518168359933,0.5659031472976734
1,0.5865752569023481,0.4688363896908925
1,0.9504965671950948,0.8876653325691425
1,0.6188867951072605,0.6110901730989197
0,0.3391786075652372,0.9961266577869152
1,0.0393324985618355,0.2066282330186843
0,0.3459789187194413,0.144205577913296
0,0.2742406120049722,0.5972508611722556
1,0.2138969736572692,0.3478754032588796
0,0.7341275539688075,0.8183649098923361
0,0.7096364506584693,0.8535889540661087
1,0.5442621687791229,0.0404795189559761
0,0.4641587305515884,0.0994808217505882
0,0.3357621097691721,0.5537147403397628
1,0.662971461150871,0.5976109912169155
1,0.0268718493190791,0.0719629756664327
0,0.2498119463351714,0.6107025707089812
0,0.9704117171854194,0.9155308013117944
0,0.9075264262911488,0.6203056969554294
1,0.7003559998145937,0.9700540063254468
1,0.9361211134091316,0.8575576288901521
0,0.0363142546731988,0.6797839301517408
1,0.341030597599698,0.7048365019291084
0,0.8334103570983874,0.6520623718718009
1,0.5911125229860648,0.2009025234283262
0,0.9480509032861448,0.0083535330083051
1,0.7962156485399573,0.3136941958110918
0,0.2682707889550118,0.1194384007110086
1,0.5210786475130599,0.4752765067473801
0,0.9683233073607664,0.9205833580914852
0,0.9658665485266164,0.6242292872407065
0,0.9803925051590386,0.63313271430918
0,0.4360598333478956,0.5270895208201279
1,0.6420232533121265,0.9295417244576012
0,0.2330770818444907,0.0663064990281199
0,0.4857707215152349,0.7199268108918656
1,0.7455104766981852,0.2012289033130022
0,0.9507917312138602,0.5035176091693945
1,0.5359436681054505,0.0801315880516989
1,0.5309649832613996,0.0636333622011954
1,0.0859480022786677,0.6488779819398756
1,0.975653885643651,0.7001602024547222
1,0.1185410596726942,0.2103454188016287
0,0.2668609936859868,0.0389471693160681
0,0.5390517215404972,0.809633401304765
1,0.0446368051361006,0.2143717479181451
0,0.2622899401956294,0.9249316377267626
1,0.3878195754731455,0.838082175230594
1,0.3237669759891047,0.3499285886592649
1,0.0180777988795949,0.6424770517182443
0,0.5948026579935831,0.3526607947458473
0,0.8706513100292326,0.5274382960100129
1,0.9074308473375834,0.2490178215824103
0,0.7426161194692971,0.2811281945122148
1,0.8956379043953724,0.2709368226894081
1,0.4204582296386042,0.4431311297533036
1,0.8052106417185427,0.2417499807227349
0,0.6551898604554731,0.8158977102064896
1,0.8847996226903012,0.3554363662914386
0,0.4197497168115174,0.6407111788944612
0,0.0519600010419227,0.8135941963395238
0,0.8714272735269859,0.1910822317163272
0,0.6827006510400515,0.3365038602082966
0,0.910673242036874,0.9849073192925224
0,0.5631188710714117,0.7437546693202363
1,0.82654265782388,0.7365338383092446
1,0.8684736651152912,0.7042438414465204
1,0.8793890156320923,0.690390566619922
0,0.7531738085944573,0.3806067253648225
0,0.4690252734182004,0.6494221888015091
0,0.4283060922467011,0.6207733674460053
0,0.4679436990172209,0.0580626579341596
0,0.4382613774548261,0.5433358908011799
1,0.8914104138233645,0.238026879438998
0,0.1160112489038917,0.8962031793815838
0,0.6954017779987514,0.2315074521449137
1,0.435063355202707,0.7077963504194223
1,0.6478640514429806,0.6019747584752091
0,0.8251860480165361,0.05447858337065
0,0.9064981878862328,0.0148350879957523
1,0.9819062493404686,0.6874932532189612
0,0.3738446652544387,0.5201606746767427
0,0.3157882172716101,0.5389229931273386
1,0.9697365043810676,0.3663412588563524
1,0.9332187984673588,0.7751639367909506
0,0.6844149433091266,0.4121638418126953
0,0.9917905536483768,0.6632239526777626
0,0.3303506589189927,0.5446453657311872
1,0.1992045410540139,0.678768480156728
1,0.7842398209993762,0.2094814070161462
1,0.5025302897898514,0.9166208948855296
0,0.6791981212309433,0.7452715894568357
0,0.0165262946982422,0.749249250423803
1,0.273294593390639,0.8410662856644523
0,0.1402053534901509,0.8333984349869303
0,0.8969406325509794,0.2165975097980877
1,0.5526203359648064,0.553200486006146
1,0.415343360211703,0.7259288174489679
0,0.7436624286981786,0.3052877793410344
1,0.6951124782941209,0.1069784626333228
1,0.8727131337227237,0.3831709042291867
1,0.7738651559759149,0.949122356057444
1,0.2207390670000406,0.7988906966045801
0,0.5665467756101747,0.6798460076101506
0,0.5977950860394736,0.2883381307995439
0,0.553875614046983,0.703509825604036
0,0.8121483179027744,0.941490954276452
1,0.8802518231592438,0.841023707803616
1,0.1862779513709817,0.8105485507456909
0,0.2959707361098271,0.1758443080943725
1,0.7126838016197378,0.9454490265002212
0,0.1970458795380752,0.0743426651544522
0,0.4523519387034028,0.5744736192800615
1,0.0922242115711846,0.5415380331422857
0,0.509576073380125,0.3434077720112264
1,0.5483525234371387,0.0802379342554721
0,0.1203436641956373,0.8644869953211893
0,0.4678833552414745,0.0335258045955252
1,0.9036006044140572,0.3056540957296162
1,0.6424331234009603,0.1286453655476458
1,0.5775870248665989,0.942149768515436
1,0.8481699721689878,0.7382211679345647
0,0.6225745650778635,0.8386854929895573
0,0.979412823812713,0.0364375068893287
0,0.0184942186554954,0.6793830336058871
1,0.64982519040358,0.0358904754738618
1,0.6895779232623731,0.1338447632152289
0,0.0659766159247647,0.8003677441270326
0,0.0466197419595071,0.7705354381964686
1,0.117447402394772,0.4597477913775617
0,0.8692728623383955,0.4898002215185568
0,0.490049931931345,0.8608079257418806
1,0.6340757818242854,0.5840543039205932
0,0.5039838209384502,0.8242216893330842
1,0.2635016079390861,0.3441264857761859
1,0.1069100679241163,0.1965050533167482
1,0.0705316819859486,0.5258293681906401
1,0.7141220872053893,0.1238424585547073
0,0.0566387914116393,0.2472842767177825
1,0.8617299160835714,0.2566044811218987
1,0.3925748035291532,0.4004099042005452
0,0.9723017816868448,0.991186926724218
1,0.4849781960564527,0.1473764933011656
0,0.6027968809675327,0.674279330141469
0,0.7272848108981774,0.8803730070435473
0,0.5008092926678968,0.4392267233577333
1,0.8409683229571641,0.3263168229467964
0,0.5938284225524683,0.8589820428722033
0,0.8823257325151045,0.1447647229716885
1,0.0834818669273449,0.9143737674375376
1,0.1337330240090023,0.0631943868487818
0,0.1133762386165854,0.2413863086716153
1,0.8487380748516966,0.8233886654443476
0,0.6562772322986125,0.3547552243969674
1,0.1724272854980711,0.3314004717694104
1,0.1505956210256848,0.0435984251016243
0,0.9007134054363461,0.0353093576869579
0,0.4591508117140547,0.0992511134356801
0,0.4556257293888663,0.5502307611544511
1,0.0854982593979499,0.1588645307927665
1,0.5873917316901317,0.2237929777737988
1,0.4263232562015882,0.2730463312696367
0,0.9380615808072592,0.4549196536859631
1,0.7605976450085805,0.1566646841327854
1,0.5893578864820151,0.6602746113709514
0,0.1551655330879198,0.7050546036769322
1,0.2401003203639791,0.3654730850744574
1,0.3982965188657615,0.3471235538139512
1,0.6602809289479005,0.5171936988054824
0,0.1969820136976655,0.5432504754452024
1,0.7799461423842852,0.5859650913791523
1,0.2572567697852087,0.8511015090302309
0,0.76856085107641,0.3353878574751752
1,0.4359140403041567,0.2733490315630662
0,0.6180112162305407,0.7943961024971579
1,0.9148419444145184,0.7951429368403036
0,0.7447486738709472,0.8659824642406203
1,0.4246877770419094,0.4010713551085337
0,0.4243980826098148,0.1280096614841628
0,0.0044310709808841,0.3088307579798499
0,0.2491875396014737,0.5627559990935287
0,0.2370448616289785,0.979508282078647
1,0.554325714425495,0.0248021970961893
0,0.026801452897135,0.4083443088251712
1,0.893832002576776,0.2365690023261231
0,0.2882506982141636,0.5606006330618137
0,0.628300566503236,0.8025188281818446
1,0.3654805524913561,0.3521517742016842
0,0.1015764012447311,0.3938096398837325
1,0.0841189047398288,0.5059893246356431
1,0.7127502252766059,0.4656335479920451
0,0.8535900668155528,0.5331348325245118
0,0.6639965243565216,0.747221241431499
1,0.2619457363540539,0.3182879790714868
0,0.4344212836422905,0.5692023056508498
0,0.6924148098639552,0.4436793613513945
0,0.6843805646316123,0.4285207024200034
0,0.7733301875612699,0.8358852138322613
0,0.5405375548650329,0.7605837919396244
1,0.3689278812464897,0.7140313201801911
0,0.2366105249253886,0.509653392923083
1,0.1320311987865706,0.1818314697204167
1,0.1301016039193155,0.6726613584942799
0,0.7584884487572418,0.8894054416396246
1,0.5635702045088801,0.125160195575141
1,0.5770362753001484,0.5818125701957119
1,0.4698826062277182,0.7249862310620597
0,0.1847124217748632,0.5380607994592057
1,0.870490364204067,0.3648020261160735
0,0.1725606522380868,0.1888564377994526
0,0.3754587102110696,0.6645875193609433
1,0.479026372422814,0.5328737569251522
1,0.7817808429362997,0.0364764390235027
0,0.9037945564063492,0.1781628474530819
0,0.5664147772401447,0.3876031212563579
1,0.2639169749893463,0.8807059937910529
1,0.6681212587970929,0.2211179838339725
0,0.3720788107494164,0.222745697935651
0,0.9670932805719056,0.9319202309190568
1,0.8382085439848735,0.8812392586184897
1,0.7057739327735785,0.0987393085501006
1,0.056951905923288,0.5130496788661412
1,0.2255954138893087,0.6868750894580713
1,0.9336012202734872,0.7898557481533148
0,0.7799884921980715,0.3143029426720627
1,0.7320576603910881,0.1497790407331489
1,0.9732936281070168,0.723414027695712
0,0.4118603096430083,0.6067701140718729
1,0.1047547999540472,0.963351032754964
0,0.4618138420103393,0.1920227413154001
0,0.03264953977199,0.2296437952684796
1,0.7788304876591517,0.0465541902819885
0,0.2371243223973266,0.0304865528024864
0,0.4931023742958246,0.8298896188267751
0,0.5547133883633506,0.8238699492436315
1,0.4974686209757729,0.1763226719306019
0,0.3404268166123186,0.9222268542749108
1,0.058486834145874,0.540408639124414
0,0.2081868567701987,0.9545552824276716
0,0.322027216761916,0.15120784060959
0,0.1372536509772626,0.3386082110447471
1,0.5385715458138971,0.515066280491692
0,0.4148723651774941,0.0583998284256607
0,0.7835237844962932,0.3985007346533392
1,0.1516808623562868,0.0745104839561415
1,0.0833832171865964,0.0045224638344801
0,0.4920713664016245,0.3240497129177346
1,0.2520248271882133,0.778762798052838
1,0.5645929020527655,0.1292560159480984
1,0.6286289159147906,0.9874985112787138
1,0.0428927056364729,0.1230409607514629
0,0.3679804179497002,0.0729706857866582
0,0.7170080343387182,0.8573397968653113
1,0.3291521197235926,0.7224871042438341
0,0.9994594245539532,0.9612200846644092
1,0.9945079850488197,0.8497369886411509
0,0.5566392572505954,0.2436768336867727
1,0.5088026755168498,0.5505948379817879
0,0.1408905938513164,0.3772527104344265
1,0.6509931314316478,0.9237099018715046
1,0.0171923192009358,0.5533159195255076
1,0.0532068754114789,0.1859473620462297
1,0.7751003860129446,0.5952176847157586
1,0.9064329986685418,0.773160789562267
1,0.3864090172002105,0.3636367965114258
0,0.4255956126164032,0.6485816331228823
0,0.1894480538379345,0.0167570175903635
0,0.6811010715462658,0.2728658549154749
0,0.6223610780582982,0.3368672397019474
0,0.3634574585549571,0.6218627853760926
0,0.537793741655234,0.8425563550101256
0,0.482525929421603,0.7676617275738529
0,0.1096201472467323,0.3747939240138456
0,0.2736822200815666,0.5065829937718943
0,0.3590672824461481,0.5656728571098478
0,0.5554898524598679,0.3773002784503616
1,0.2778337491665342,0.3213546980375341
0,0.8237041851394662,0.6304602465144413
1,0.2142644181814244,0.7780212145313252
0,0.1555059546508903,0.2686894480620529
0,0.5707911601479204,0.4242364192104015
0,0.0253706773363301,0.7586369395293955
0,0.337392550459628,0.152019549476933
1,0.0234110902385256,0.4747779193561057
1,0.7208522803641123,0.6495725126119456
1,0.5341769391089534,0.9307341387692866
0,0.5995749350589683,0.8738539322560437
0,0.8992520972883923,0.9293283820312698
0,0.702330244705709,0.754176766355606
1,0.5230579460821101,0.9020513450171944
1,0.214333744524196,0.275505641527295
0,0.0500905529776508,0.4081931849353192
1,0.1376044312736054,0.9025432616735812
0,0.2451852754534109,0.5365462848357299
1,0.0378223524597839,0.0036270375338709
0,0.6361379822299328,0.8416201021283477
1,0.4752051746062508,0.4805204684861197
1,0.0472380067403821,0.0100505785323736
0,0.1197676132445184,0.8797433071263031
0,0.1408342716277301,0.3348189922880152
1,0.2203236925548485,0.2670861288341454
0,0.8494963664874082,0.1811265446647811
1,0.2653128499055647,0.6853541845878899
0,0.7665525498285238,0.4310761351933078
1,0.2648518362404535,0.402811672886687
0,0.1853331041911712,0.1572810042700493
1,0.2400225788029423,0.4441170269499471
0,0.7226533173037852,0.3572133201007221
0,0.585646697306937,0.4197727656748137
1,0.8089015047583583,0.2785667409311171
0,0.0073867923850238,0.8081431134820425
1,0.9530185645852628,0.3628639678328865
1,0.9627623444596038,0.3310833885494735
1,0.4530536327332936,0.3269535029318017
0,0.2445536993378059,0.1014907490858455
0,0.5852458108258731,0.7545051207886253
0,0.83131821587037,0.6367360833179725
1,0.289036807313295,0.8591612682232833
1,0.3097853850010652,0.3188305171377874
1,0.5092261015343877,0.1515774478242876
1,0.7652420660852373,0.0860891669585531
1,0.879528195007812,0.2585667063729219
0,0.7646356967175025,0.3742540848932828
1,0.9002906225020632,0.2967050909709535
0,0.6003164376844914,0.8542210061034181
0,0.2699819873358878,0.4836958186693401
0,0.2245614146194221,0.5637894774464731
1,0.3267180921497212,0.2523237629253776
1,0.7006237199451363,0.9610574369849804
1,0.3759820683039206,0.777414047142527
1,0.9285978489286772,0.7313325567853763
0,0.4202584966552737,0.9314856870622
0,0.9134390992009972,0.202125752878069
1,0.1854908276569254,0.2245917124625537
0,0.2080726501429908,0.9748658257032728
0,0.693573598290853,0.8358714291025181
1,0.2001720614381092,0.8523967371603771
1,0.4246690747831373,0.3198984533409006
1,0.4917666931361856,0.9850940951579744
0,0.5096240943967439,0.3157460694827864
1,0.9181107133106042,0.3543720957994426
1,0.6051182547209333,0.0617355640021081
1,0.8279990581179751,0.3012028490690952
0,0.9031128013723796,0.5628729835287084
0,0.2161393616081603,0.5903066425957674
1,0.4822304768370045,0.049816789733987
0,0.0305061049900272,0.2266830280619722
1,0.956744457704251,0.7154202077104815
0,0.6415978617379694,0.3862121535749273
1,0.3507666327482845,0.3322303756160109
1,0.078812742929426,0.9445004660065438
0,0.5670224195010871,0.7609428714198863
0,0.6756592708565196,0.2845752892048374
1,0.7602670583990692,0.4551946770423262
0,0.0256964309439274,0.7918871849578268
1,0.6797823119829391,0.0132642139178501
1,0.0516066473464593,0.6442795200868853
0,0.8581097934047218,0.0771426786778414
1,0.4876065175936906,0.6190334187542068
1,0.2966318882276816,0.7346314079348439
1,0.8535867122528307,0.2289931974255284
0,0.1820146313343188,0.973092238990433
1,0.7762592421521688,0.1491621180503864
0,0.8911120270682341,0.4667145164009181
0,0.4294432173958393,0.0027957676370048
1,0.1279511348517693,0.9382895082447122
1,0.4621426585211875,0.2340831241206514
1,0.3648314713663707,0.3475134742854697
0,0.5482110649591406,0.6865673505880404
1,0.1503567695392258,0.5813786622242754
1,0.8614322167384745,0.8264236822053351
1,0.6389420147625504,0.5027628324582447
1,0.1917966106186267,0.4044030978567017
0,0.7108825578212917,0.809174159627184
1,0.1331578020211724,0.4947094231600467
1,0.7354881956558592,0.022105669596103
1,0.1191321724685948,0.4579439191617976
1,0.9820788041561168,0.3898418899580905
0,0.7595883028552791,0.7866295188948671
0,0.2495624904424631,0.1889320143191223
0,0.1273061330726915,0.4063226607313324
0,0.4675251738014951,0.0978922007964505
1,0.3879966475483094,0.8204792964963392
1,0.3621758382220553,0.2287874656060415
1,0.2777430245756516,0.2430575829893161
1,0.7752218197730031,0.1644807628263604
0,0.9402263049573968,0.2101973451925695
0,0.3512349195067762,0.0918329946477085
0,0.0805360896009692,0.7634904002918586
1,0.856085806997463,0.6940563147279709
1,0.6767528194243707,0.5491487640897899
1,0.8690272563822423,0.7473861599717729
1,0.6583749787745073,0.6610989052597098
1,0.3233581341178885,0.8239746764679731
1,0.1873189852325678,0.7111810963392211
0,0.2114154134713397,0.6101325902358232
1,0.2870577773544513,0.8140386924000935
1,0.4823823533719522,0.5000566369356033
0,0.5873477259266237,0.694990176600485
0,0.1897245337330446,0.1459390597703366
0,0.7354869565509591,0.2940592075497261
1,0.3460295447102146,0.7248932072748573
0,0.5073358530469717,0.2857876852297891
0,0.9288597187214228,0.1937265125075031
0,0.2934722680903966,0.5964542861321027
0,0.4881645056874198,0.3070043390763068
0,0.9814210557631732,0.6342993828730782
1,0.0484360159491686,0.9282866978982264
1,0.4605906721004221,0.3734659469443911
1,0.8185221820176153,0.3596791341741541
0,0.7320455288124429,0.6911813212616329
0,0.1158301843020811,0.6887700112179173
0,0.970502088789764,0.0249205020328062
1,0.3850060208004591,0.7013673375993859
0,0.5595989232974252,0.3530075011717705
0,0.0504654875321256,0.7894159510248665
1,0.0253912746764459,0.9487135712319018
1,0.9194627386223718,0.2642929009121564
1,0.8705889737761794,0.6932887818925617
1,0.2180306133963929,0.7718786919158088
1,0.5611124171185986,0.6155163817243308
0,0.4008119295493958,0.0425201580115359
0,0.3610317337605673,0.6264280656185514
1,0.0282311473311488,0.0759293851053353
1,0.2832519293626048,0.769928509163831
0,0.1690635326204227,0.1557198050762983
1,0.4440426929284049,0.4379719895568877
0,0.3478347876283238,0.0626253175051921
0,0.2377336923558859,0.9256209389282414
1,0.0356142908225849,0.9085825190560228
0,0.9852435218946796,0.4578302631868871
0,0.3149056875193722,0.4514615833334698
1,0.2540216773703884,0.3206402607024978
0,0.3767553163001259,0.5370963275115609
0,0.8132254233216027,0.5844251656674905
0,0.3871423923779642,0.4860019185835119
0,0.3790169262427946,0.1679211471054607
0,0.1838776866225597,0.6009339719200736
0,0.9197048182759622,0.5590987312550689
0,0.1131291550601643,0.7480194524495913
1,0.88501241483113,0.3173904877499585
1,0.103443349368407,0.94078283826605
0,0.4987615470560574,0.4272901196419105
0,0.5326945282627499,0.4087119113329088
1,0.246419149839846,0.3750967675798375
0,0.8466087562583434,0.9808355277028804
0,0.5897068108408217,0.8542963222861865
1,0.4662034298503482,0.2988198382535243
1,0.7067361478953174,0.597357426009485
1,0.1317408878661936,0.0966968531068362
0,0.8623192794506871,0.5835110817141574
0,0.546787450847695,0.8165320062946321
1,0.0123880121245142,0.0156478359382673
1,0.2653765742382638,0.3419920328312691
1,0.7509233341008454,0.9838899257671238
0,0.6844250386336527,0.706617483553182
1,0.1404905567463421,0.6527510564589433
1,0.1185741047668937,0.5334231281608903
0,0.5306864416783319,0.7730271319882538
0,0.3915423728076115,0.9263383046795016
0,0.8242237959454937,0.9992820964458834
0,0.8832187600196943,0.6175322871414527
0,0.8121012121101018,0.0775304228452098
1,0.5720387366512635,0.1265372637054828
1,0.2908532401745809,0.2344152945027577
1,0.675258350101355,0.5682614516434671
0,0.3234233448579457,0.9220772389014552
0,0.9793443959482772,0.99949873387945
0,0.1290853525847665,0.7362785920009188
0,0.9070630907637148,0.2094152294286169
1,0.013806282060223,0.6055685593316272
0,0.1250399269502535,0.8388775334474441
1,0.4274293191703845,0.2295760507949138
0,0.4533113891070532,0.5842137741316893
1,0.6345689951654211,0.0945989476140999
0,0.7660344959478278,0.3187298148515127
1,0.7468142476113309,0.0796542540479712
1,0.9429159080514932,0.7084965082305982
0,0.9308689424943648,0.083378382766502
1,0.0563482160349958,0.9816374559109188
1,0.1568248636496161,0.5329889841302075
1,0.1359197798905119,0.0540466594858957
0,0.3110728632138533,0.9860086594916332
1,0.8230603451699778,0.7102663745182565
0,0.1902010161679302,0.0717851797088393
1,0.63503757550326,0.981018535540774
1,0.1586854948408717,0.2982951354630804
1,0.7009511938425698,0.6057152589702751
1,0.8894302889784602,0.6972801545019474
0,0.9514182709736436,0.6293457574402079
1,0.1096575946906381,0.0858560953972417
1,0.485657487476348,0.0321690364174162
1,0.7187487761962358,0.9489522581123384
0,0.8559330002457405,0.4558164312087536
0,0.614882503123138,0.4125311010191069
1,0.492439028010689,0.2209804721243408
1,0.4046082390560258,0.3460185876596402
1,0.5123268886472058,0.2031891394523218
0,0.7686094929731495,0.428422752330398
1,0.7469578180784489,0.628338901262474
0,0.0096946733208558,0.722771063068324
0,0.5491350692635443,0.3577909597471702
1,0.1107599517306544,0.6621566614568535
1,0.3415365632430287,0.3512978693630597
1,0.0277225526005904,0.1767276816185731
1,0.642183685613344,0.0398013649081785
0,0.768257954412578,0.2548273874319353
0,0.5904030682385722,0.2742819520185063
1,0.992234937056474,0.2497094032180821
1,0.1077493784031649,0.0456727419141229
1,0.7598629080212652,0.2023352697908493
0,0.9801143262746204,0.6638576221161681
0,0.0861536782356974,0.8374183610952893
1,0.2104637577896084,0.31838896684757
1,0.0555662224996654,0.9266823528397014
1,0.943257135280124,0.8877877707210826
1,0.8455469573116078,0.3831458451079033
1,0.9995653822049376,0.7338237279807808
0,0.4723890164964508,0.7763119979776414
0,0.9929259460759606,0.0137384007992918
0,0.6387301909526625,0.2878790317237715
0,0.1809537281256857,0.9268448095899576
1,0.514417519467147,0.9810009899986514
0,0.712587343905181,0.344822458266619
1,0.1001292580263059,0.0371067670942512
0,0.8302368237437461,0.4715386178225321
1,0.0558627404525898,0.0501176400961198
1,0.7640483567802299,0.1910625086953905
0,0.9717407972722858,0.2165679344475887
0,0.905694515562422,0.1550752900540237
0,0.5905365863395898,0.7360171054792586
1,0.0898022350194384,0.4771760536840433
0,0.0082602345041847,0.3516402581759592
1,0.6579478481069213,0.1319446330016204
0,0.3231818800480962,0.5679880366552892
1,0.2805630012758352,0.3057061388243027
1,0.6026587167403414,0.025987876633391
1,0.6953486221473812,0.9242888324986298
0,0.2863775634937621,0.0993695151132653
0,0.468209149716816,0.6530225859223099
0,0.0985448447921192,0.4275958586138862
0,0.7117510597697031,0.8744471233019223
1,0.2336149697513316,0.7391813498048607
1,0.4479425971760313,0.4132122699362865
0,0.1870975730428972,0.4582254101062869
0,0.61252559750187,0.7898034320433541
1,0.5334146104753001,0.6252209686017314
1,0.918199749841607,0.2420788363979424
1,0.0481005062916434,0.4612422338795408
1,0.7810230909999561,0.0141369882699937
1,0.7231505415072911,0.136456159054
1,0.02376276108113,0.4565385769392399
0,0.1395944075823741,0.3713829224337712
1,0.1984262291801596,0.2749156304088005
1,0.2795386736404985,0.4049917821667829
0,0.8834110177144875,0.2144575567680423
1,0.0297812649367531,0.6096385942622654
0,0.4501047833329457,0.9243992517158244
1,0.5532053441186424,0.6229161094542681
1,0.5850584325138816,0.9248132221943924
1,0.3977683179308301,0.8654825292515944
1,0.4072804848381411,0.7715061982034415
0,0.190913947637166,0.9450689578989734
0,0.7005151822075751,0.2570413156003216
1,0.7763944877856666,0.9050070795628892
1,0.0395801328965847,0.5256547736044698
0,0.1216596767863451,0.3659664531883684
1,0.1238984626833373,0.1822245294429354
0,0.5994306845699869,0.7500285414137776
1,0.1220244532662764,0.5002099422129769
1,0.2197210645317482,0.391552201277776
1,0.4999559122555769,0.0222217858870582
0,0.4434160208945311,0.6241841533592427
1,0.3989507273596197,0.4169011167424605
1,0.9226106522768384,0.4091728538386738
0,0.460098995839133,0.9390292089680494
0,0.9022771930179272,0.5827068978182266
0,0.5637340027878431,0.3073653997290262
0,0.5214542225566825,0.8862055506416829
1,0.1882681135347613,0.2584616503230919
0,0.0539137199229891,0.7111575110421594
1,0.5255461317140063,0.5231690150653773
0,0.5613203053181534,0.7350842266502738
1,0.4457656760815283,0.7690839012078136
1,0.6401346320298671,0.5506591357449043
0,0.6496183612841907,0.7073298471432077
1,0.929788697474108,0.4291627976109091
1,0.0420190396675654,0.0140718272885718
1,0.0994900612767464,0.9132361352739424
0,0.3645245462883935,0.0631158529847073
1,0.004923833256419,0.1641236085514166
1,0.0585601422620715,0.9102578700388244
1,0.8656739287956445,0.4016904679779639
0,0.5110327942598885,0.4481765281204377
1,0.6533143267294899,0.648136789159211
0,0.890925517802026,0.5021273278967504
0,0.3724364671032648,0.9298157567218376
0,0.1615427797725775,0.6601639343102257
1,0.0162070646026942,0.9265984467713372
1,0.9905218139740072,0.2495178083638825
0,0.4890886128206498,0.880196285363323
1,0.548928127283134,0.1224934396496642
0,0.3986341261612104,0.4559883096437146
1,0.519257480689075,0.5649249114666764
0,0.8945712309716557,0.0881773508120824
1,0.7119378758033892,0.9531212368551408
0,0.654410519065677,0.4161053259734766
1,0.0712694597998049,0.1643654164521064
1,0.8861330640893216,0.2493835053264038
1,0.8582838745160036,0.8889745195581712
0,0.634562251625581,0.7408474595367222
0,0.103833521559938,0.7407467627190596
0,0.6660476255696232,0.30123485199535
1,0.5904808132277312,0.4834705905359017
1,0.8287697612211363,0.736257623863172
1,0.3837199679165706,0.7619086515945099
0,3.543405455386228e-05,0.3662239241819811
0,0.1270083897300769,0.7506515222174053
1,0.7756472497185226,0.9675615956324792
1,0.3306602754011886,0.426152465558187
1,0.1342903174802031,0.1895259322070702
0,0.6311628564842774,0.7728083272690334
1,0.1685017987432653,0.3077961215267211
0,0.8070829086043604,0.1327507173543605
1,0.4734668507308792,0.0083234449119491
0,0.8971866541947171,0.5376871845972637
1,0.418337506728602,0.2312398595676735
0,0.0815730735920078,0.3937727681336288
1,0.3919857750680805,0.8095745908901083
1,0.5506463803231698,0.1235342537661891
0,0.6807572260274599,0.4292221593217113
0,0.3984120897295402,0.6361419842887063
0,0.1331556861986798,0.769918138693862
0,0.8224010756076708,0.4625729469219496
0,0.4896650664908928,0.2659941070610385
1,0.0376224951935084,0.5149739738747358
0,0.0814263397389706,0.2484068751599337
1,0.6180108187471557,0.5303013690886005
1,0.9314670138806596,0.424236279999957
1,0.6086948726886265,0.5821565750665584
0,0.2797354299701037,0.1767431716066435
0,0.3671689100147459,0.1335231107732741
0,0.5127738911109925,0.2516896502496861
1,0.8036474347561493,0.2354410021297478
0,0.1815850465409565,0.9276959765463416
1,0.4064991000295895,0.4203453311844445
0,0.8344736182391106,0.6702210373717967
0,0.4294455370303209,0.967379966882515
1,0.7590039410327384,0.0861239109251358
0,0.1405249874044041,0.4140500858462642
1,0.5897418011882379,0.5141736533969073
0,0.9630167565243536,0.1148880994911993
0,0.1320246437052317,0.2600635140736356
1,0.3848438683743312,0.8764942988711786
0,0.1781856815171213,0.5264070502975046
1,0.3931158660380384,0.2780724045073954
1,0.0941294403191179,0.0252878561311858
1,0.1517219290536317,0.0764271145932563
0,0.4017662826616123,0.5363982698418135
1,0.4961142665830677,0.1073000412354299
1,0.0371654005966264,0.9234781392866728
0,0.6850250204636188,0.8646145504040978
0,0.8874418118180304,0.9932401893878242
1,0.8176478214600799,0.7731730756411135
0,0.8345570557964093,0.9072740580020516
1,0.8007152209439246,0.3697813413753549
0,0.9499327770289736,0.2117976973592629
1,0.6706988965549664,0.9208706296137292
0,0.0203584997826431,0.2612392934425244
1,0.2017112932121872,0.7459449268888595
0,0.4468272304933325,0.22288607788446
0,0.2216054437199248,0.480457598483329
0,0.7890883135395991,0.5769967330985429
1,0.0890282910150402,0.4878936632178767
0,0.2644147017642538,0.1475101876393295
0,0.7704978958601919,0.4368602562360507
0,0.8392343301512052,0.979929323909062
1,0.3396460970305882,0.3077365579632692
0,0.8659429924643882,0.5436093647083499
1,0.3003276437757904,0.2649065029703606
1,0.9381861543350694,0.3411860860077841
1,0.6666977756053353,0.1450659067406365
1,0.1774921302488598,0.8658967677564965
0,0.1233164571219881,0.7974689535768377
0,0.631561833134355,0.2388971570546458
1,0.2111935759168135,0.3222517236135138
0,0.4789073394844181,0.7507728374726783
0,0.1013634709926394,0.86374662870738
0,0.428866563110248,0.4801312935228009
1,0.8347941541590801,0.248684876173915
1,0.4416049672454771,0.3853101325769719
0,0.9453683743226496,0.5068627095753017
0,0.1111043209359027,0.2370858192419589
0,0.699766469908862,0.3912614647152872
0,0.3966330997890714,0.1150687484996166
0,0.0469346993376237,0.3263644364304333
0,0.6703439841247975,0.2771839003726413
1,0.0397768915459429,0.1416757004937
1,0.4291993499943171,0.765370022863211
1,0.3959298938776686,0.7384632420581321
1,0.5589861496220694,0.1695836151925512
1,0.9029078443960268,0.8106225055012909
0,0.1531659883551634,0.7052903675415791
0,0.6754201877685667,0.8177349465026607
1,0.3897005992936664,0.430968721826927
0,0.4791695287032638,0.2431708014718644
1,0.060441666406906,0.0849986472577913
1,0.4077570293272058,0.7907048376532705
1,0.7570716448485497,0.9566750727664052
1,0.6935019918922151,0.5433739905898519
0,0.9430201799948136,0.5764632940669788
1,0.9416018842194304,0.2335747724818712
1,0.6735998186408322,0.0985819764243186
1,0.7053054978931508,0.5060609754905921
1,0.8073391195611813,0.4202739656346831
0,0.4844036632498262,0.6899898097039806
1,0.1173014242931589,0.6027765085586158
1,0.5997391077948927,0.0023981127494734
1,0.4919553079160264,0.2062797362519806
1,0.9474687209382112,0.883239080719707
0,0.1273291495654975,0.4466524807922396
1,0.0525302983235544,0.4582388927719588
0,0.9676359222676651,0.900050936498471
0,0.4217529224920374,0.16194903738746
1,0.5194959004059256,0.6020624173980853
1,0.5728445156160642,0.5780894077812756
1,0.902910979324328,0.8872414776817907
0,0.2717880387033115,0.2067562113595724
1,0.1841226361673914,0.8947247644299798
1,0.3125177197372054,0.3126742633252322
1,0.2192275032385907,0.8029597272484741
0,0.3562992777470644,0.1956128478063076
1,0.8880050761395001,0.4240702898033303
0,0.714444639008883,0.6757636208307884
0,0.0843875884506156,0.2718180663743283
1,0.8681811606955511,0.7668804554228132
0,0.2688358527996969,0.0169355600194738
1,0.5104189610866446,0.6177423515036107
0,0.869653866175267,0.198762462711861
0,0.2020478443401387,0.5750323536294066
0,0.4574450088747536,0.0274879296142217
1,0.7848549955225894,0.9523455894565906
1,0.7055979965738784,0.532048348339649
0,0.4116757803881645,0.1347632444383255
1,0.979189173556506,0.7259356547794618
0,0.3802540986498477,0.5431577933822547
1,0.388549863451701,0.7162071300595629
0,0.5436614156249051,0.842641432847318
1,0.7406381455350947,0.9375821995731316
1,0.8827130092598088,0.8902596709835829
1,0.7501587175497815,0.2119945861809973
0,0.3448133552471235,0.1985545850399045
0,0.2126312646299318,0.5565969084445638
0,0.3787119030508945,0.4803664707567111
0,0.7157712745755902,0.835182684729042
1,0.9467007548424836,0.7621495557175418
1,0.1563788803284856,0.668809431810027
1,0.2913056305811211,0.3528877003052602
1,0.1132256693212415,0.5076101255801421
1,0.953753648141403,0.7098304528809968
0,0.3632426184655116,0.1976205215203913
0,0.0807354441454686,0.8729085413253743
1,0.4435775496511376,0.3457447382654715
1,0.6242983358626382,0.0657245169487137
1,0.0240252304856748,0.4890138720602626
1,0.2925906270915098,0.417436701021465
0,0.0660025552983399,0.8821387714624623
0,0.7896958134803912,0.1724826255319919
0,0.8338236733459408,0.934816638036024
1,0.9823862255633218,0.3339971847607292
1,0.5617210836260941,0.1476769051055814
0,0.3094413968409255,0.4672122589205342
0,0.3439213126211622,0.4789733315819949
0,0.2672380986290343,0.6074900573396635
0,0.5867813021323158,0.7199789926964116
0,0.4047765004991398,0.0446898748954934
1,0.4542187814690767,0.3302284635967923
1,0.8307813317104572,0.4395122210116446
0,0.1594655978447781,0.5348357112231006
0,0.9867671067378032,0.4878432184924768
0,0.7564633555606254,0.3502974668515409
1,0.1976219939783899,0.2513784793817668
1,0.0569363083829589,0.1603841345176891
1,0.9915292659174816,0.7098109496125465
1,0.2106035508697825,0.8968051862054729
0,0.674773544661904,0.4213792250471879
0,0.1807067209657388,0.6048295268721773
0,0.906942631707433,0.6580626719775344
1,0.4552569706997476,0.2739411664823326
0,0.2015240734254842,0.4643691337915955
1,0.3346827611185718,0.3315313514912776
0,0.4720829509817574,0.7075929372792826
0,0.8507208201523678,0.0979914922483901
0,0.4165303062204099,0.6156270358277871
0,0.3098203636012376,0.5814845275012248
0,0.4702417405003756,0.9584044474049632
1,0.2389131255167218,0.2941067873855377
0,0.4735947401723147,0.2472233731747604
1,0.7876926921073657,0.3108621514961376
1,0.7758362076953126,0.4525622019304276
0,0.6353319289302496,0.3605296778227244
1,0.8930362720883384,0.2413027561133436
0,0.7296861547455382,0.2768590733295024
1,0.8422490423636444,0.395990734722763
1,0.1796956532290885,0.8480016180500545
1,0.9294134591114546,0.7554222355685014
0,0.3186998841086611,0.9323412955467224
0,0.9471673415872056,0.5853930729439166
0,0.8528087142838161,0.1399700236347127
0,0.9201186336037908,0.5330889274303597
1,0.5321001431870264,0.530880497186736
0,0.2118716744204363,0.9273357415606556
1,0.4003300625388927,0.7354360472882232
0,0.2108997661166824,0.12291679623604
0,0.9954334561281072,0.4940938953960342
0,0.3115610386979445,0.5100700056703615
1,0.0710538180722378,0.2216326823683089
0,0.9746476567812368,0.618144657162991
1,0.6557745973354117,0.9161379886264628
1,0.4631574864757952,0.4302105395270192
0,0.236869855842972,0.5156204370937494
0,0.2418498086088817,0.0895655165495433
0,0.393533239936345,0.216289987683268
1,0.9864609043632188,0.7695923245220242
0,0.2436965577084768,0.5251677183106922
0,0.794159547916734,0.66047605642518
1,0.0878358392335211,0.085880552069662
1,0.6588126967084833,0.5209641370878646
0,0.6071211941626851,0.6988334426065466
1,0.4681238487201502,0.3351120827225182
1,0.8792269623444621,0.2874890115358367
0,0.1113987769415194,0.7791373846395464
1,0.6335043761416546,0.0268066690841608
1,0.4521521465880457,0.2827613646235927
0,0.823957128747383,0.2141942953031153
0,0.6392916492399249,0.8914666076744616
1,0.1441911108046401,0.4678301780527252
1,0.647921676804999,0.0120591364424461
1,0.7358701598137626,0.5879785599360912
0,0.1930853191388669,0.9452004431596448
1,0.775794608917858,0.5289609714440117
1,0.0460994330275572,0.1931181367648978
1,0.992779067023534,0.2736396491368031
0,0.2562662769631886,0.9300142784820852
0,0.0199657007127314,0.2886955494677633
0,0.2525922709400198,0.1986227763600523
1,0.6568043525473132,0.9338451171550484
0,0.2230913877242105,0.2029839719808855
1,0.1758207586804899,0.7284280998384997
1,0.1721632739923547,0.2802717920215651
0,0.0668896099883645,0.6981305202228564
1,0.2799667210247732,0.2523921973270558
1,0.0091387074196227,0.0453327972148016
0,0.4499595240100521,0.6524771717158823
0,0.756808836283484,0.7898753519984882
1,0.1739164104345363,0.7936819245109145
0,0.8584215927574099,0.0155465321388993
0,0.2737650221881166,0.6337867103332815
1,0.744166478800902,0.9567295104543568
1,0.0384969542046753,0.0712099999681992
0,0.033963611237881,0.7857505495096309
1,0.6376847521547176,0.4932875270553783
1,0.4897720775681027,0.587225598339915
1,0.2266125173229507,0.6907759758894553
1,0.9129565698269037,0.7206354199411183
1,0.7093567630333393,0.5345618240767996
1,0.5281885120641308,0.0166017869655458
0,0.9448021118544426,0.1025901256855786
1,0.8976267611450442,0.4152957730602918
1,0.1299717817104425,0.1272252210285238
1,0.6310925012950701,0.1049251006427102
0,0.8037954111477603,0.0976844504545837
1,0.5003605387494646,0.6254209927926725
0,0.0168652722137732,0.6763220290621044
1,0.4167641274050249,0.8851432948389556
1,0.4167901260133071,0.3194103444056078
0,0.077855183942098,0.3518257956057385
0,0.7231472855634818,0.806129260397165
1,0.3810906568655255,0.2412469012971499
0,0.5872170410731431,0.8896772519645927
0,0.4623303702101357,0.0838320326053263
0,0.4011452747620754,0.5674298082033415
0,0.0925466222543502,0.8511494522661127
1,0.0655535864067915,0.6581248151982844
1,0.6620388145928413,0.5906309366978816
1,0.4282030124459589,0.8118791663233663
1,0.1597992228221175,0.6837633647236935
1,0.6616128099869244,0.0899586055360937
0,0.265237921126525,0.5352089070183642
1,0.0704590250025154,0.5802470321044023
1,0.1099870531543774,0.2029414608993072
1,0.6885992224773096,0.5981034286113093
0,0.2849863095650496,0.6003685682847487
0,0.786250523906026,0.9005883049080156
1,0.0618683415000888,0.0039596507352296
0,0.230704924918368,0.6572640030581616
0,0.1420609370305319,0.2753327196920797
0,0.5084620423129715,0.2722959911677739
1,0.5326445126471402,0.0236810894851376
1,0.0453812645992111,0.4693809533270582
0,0.9418659792307194,0.669971157758271
0,0.946977581435084,0.2144971888869875
1,0.6685021638031311,0.1168858985775297
0,0.834837617743437,0.4606314033112799
0,0.1624027920034647,0.1987946615430627
0,0.2773033870574286,0.9024037161910816
1,0.8051887008556355,0.6989270031713533
1,0.5162614477738964,0.0850830147776404
1,0.8195033499203104,0.3209748706276371
0,0.3484527066549101,0.6110043703728225
0,0.050216495620332,0.4214044136116145
0,0.7051276730903685,0.880589413886789
0,0.9007206149348106,0.910313321405778
1,0.8706284195218469,0.8522819329395581
0,0.3248291878201707,0.021914834007864
0,0.20784719257279,0.0466377551792573
1,0.3513189146933037,0.2400154035647929
0,0.0546235292576448,0.8656110387436865
0,0.0087271321956776,0.7602070750133599
1,0.3348667000026416,0.3360044677353103
1,0.4784078750254491,0.1129294689709401
0,0.9842941721248598,0.5124901481845943
1,0.3103694705260845,0.3279747411473631
1,0.921926836024168,0.2837375547036309
1,0.4080894017439618,0.2272721298587019
1,0.7716688729353584,0.0347532098541392
1,0.1491228478392949,0.9376789247918774
1,0.0969910227899321,0.1447381513663406
1,0.5477278750506327,0.0860538317593437
1,0.4387357095637493,0.6782357334305513
1,0.447562396176707,0.3687884799418111
0,0.7102688628754957,0.3865895234275411
1,0.2269136720831631,0.870986079253437
0,0.5208946083113023,0.253966381157318
1,0.1056314261468543,0.0666998254311919
0,0.5214694124728001,0.8824154840521722
0,0.2528621742967888,0.1203967689950964
0,0.7376970437500996,0.779518871682662
1,0.1329411210960022,0.612376566207082
0,0.3181345659637719,0.4599784043653213
0,0.9599565848591022,0.5793784577669416
1,0.1676734506869057,0.3108443003902866
1,0.6162921525740189,0.5099805144476253
0,0.3957858962159083,0.6228260682855766
1,0.0132858546476989,0.4961549758734497
0,0.5801025472296756,0.2341157615749218
1,0.9268135510979356,0.8450927335197328
0,0.1375895167579344,0.8433686459284574
0,0.1190772172613606,0.8612614517705799
0,0.6502497569721325,0.2812822239436011
0,0.6498519361631276,0.2310114419486735
0,0.4801495678479973,0.6923270463538379
1,0.5558132072543084,0.0294455850512812
1,0.2662724383077306,0.7600537454095888
0,0.7875795514817894,0.9918402838259052
1,0.7269858938513883,0.6271253127163052
0,0.374563706002857,0.4625951304199605
0,0.1306401232331431,0.7044123323806464
1,0.5309544108452183,0.4893490934376359
1,0.8351420937810141,0.2819594038333096
0,0.220975165322158,0.1376650716330575
0,0.6678076417893467,0.3037837459281073
0,0.4226309106247754,0.5263576033034453
1,0.2781925992544138,0.3500277525247898
0,0.0634609879999638,0.7059366426928798
1,0.742967197283288,0.4701312167749655
0,0.5471413604296577,0.3399786933236948
0,0.5374388586695145,0.7121623169579124
1,0.3523406578741842,0.8970829461810792
1,0.6055119008487968,0.2240434011289986
1,0.2970175176097661,0.8530058534030811
0,0.4815814892174102,0.8541654888511598
0,0.8008795744061011,0.9481260818721164
1,0.9337994738871954,0.3167927290342234
0,0.1553212669983155,0.8603559467021985
0,0.3176646031171509,0.6225996987105376
1,0.3432886689379122,0.6962280867787374
1,0.0460913565138366,0.6109465932250531
0,0.5372241389817252,0.3281396340297705
1,0.236034035750034,0.8608721554713805
1,0.7968563604222046,0.3601484970847132
0,0.9725486327523348,0.0647649528235094
0,0.5272925553999869,0.2640048507292031
0,0.1049590289091353,0.3694512334213963
1,0.4075136646643355,0.6826690668423295
1,0.5675442862746428,0.5538065147452161
0,0.3947059790171977,0.6316937375504689
0,0.4852108854206148,0.3809395147917707
0,0.3451936261412737,0.4963845367908505
1,0.7460467192362871,0.1576666116766418
1,0.1495664987278061,0.9946509999812174
1,0.8710486515396633,0.3112719916799497
1,0.5281079707825537,0.613185775879666
1,0.4825978055844523,0.1250237575495485
1,0.1567922033383697,0.1572701008386164
0,0.069435909207677,0.7726871904072085
0,0.6585719250477662,0.4263327573117967
0,0.9138337022891464,0.1307749533110972
1,0.5849105657816621,0.9110628919972912
1,0.467955474871714,0.7986296504810184
0,0.3170627302686447,0.5142734301932781
1,0.7204059295034001,0.5286454209292158
1,0.8394641336439013,0.2773010659211676
1,0.3415306834458589,0.4451529718979907
0,0.8389731692442887,0.9312801694564756
1,0.8727147330350761,0.4408016559321343
1,0.7076010989979364,0.1577167743707563
1,0.90796290347099,0.6991742856576535
0,0.9906145709894362,0.1501978958284926
1,0.690460543178418,0.1969530023751761
1,0.975228533045876,0.3910564274747227
1,0.3591478105995801,0.6915640543495063
0,0.8303897459046908,0.475299533027224
1,0.1464525701166282,0.8976255353266411
0,0.3728898580906661,0.1928163296719895
1,0.580206932394866,0.0545967750530398
1,0.9421329565344856,0.3059615441404212
1,0.2280996418265669,0.8315598658378235
1,0.1629901630652004,0.7410360300812372
1,0.3637488748809969,0.4383499419261653
1,0.0751217201256533,0.5397948695789554
0,0.8681615791665972,0.1414929254948601
1,0.5966308510910839,0.0621266978428748
1,0.2144166707931336,0.252235210684656
0,0.0809872129109177,0.7699595006063386
1,0.08454080839914,0.1448166483476015
0,0.1107053030286341,0.4086614065470666
1,0.7608752797676547,0.4895757426572664
1,0.8058919487119707,0.8590156929483761
0,0.1271505990751724,0.3658523406881712
1,0.6937777281671093,0.4865272739465149
1,0.2000069524441423,0.3539290845742378
0,0.8879205669683851,0.1356455271874387
1,0.2301204337871373,0.808809386152715
1,0.2180035838902091,0.7532741438402214
0,0.3680632865283865,0.011442394771214
0,0.8448828899131966,0.1303692401033696
1,0.8870480380226132,0.7522845709662253
0,0.9508165992257596,0.2042519081441649
0,0.250204314616358,0.6657595019050826
0,0.6040316764378069,0.7768794393893039
0,0.0532205068814579,0.7108951160057303
0,0.2220408220096312,0.9398897186460674
0,0.0698782191194844,0.754036019745169
1,0.0955133991978229,0.1756660961041672
0,0.9270794661275968,0.065510777774147
0,0.3493878427043522,0.1660915005870348
0,0.2553960631460306,0.9205339636415932
1,0.3837600391573103,0.8457329338274424
1,0.0913355172835628,0.6105322520967706
1,0.8314462748428014,0.4370461495729159
1,0.5370713639415463,0.0854068317770968
1,0.7001371002236674,0.6552107407164643
1,0.958384564236126,0.2511762225499874
0,0.0464563915084874,0.8656864434023114
0,0.5595734382973668,0.2559270698684356
0,0.3363123171582521,0.133502602166937
0,0.57715608269368,0.442813036999559
1,0.1116771195312797,0.1835936390886041
0,0.4451718352455149,0.1451506938103663
0,0.9352633319140868,0.9478780356187344
1,0.2112344581681886,0.7420378937925943
0,0.6602815526127259,0.2988294742166719
1,0.9730984464873088,0.7835805967557573
1,0.780135011305403,0.5729706483472361
1,0.6096361468877747,0.1155221352074863
1,0.66630905412658,0.6434771107718658
0,0.7532345916918531,0.398878485448305
1,0.5239698473332088,0.0269329922879665
1,0.3183916563536362,0.3142538273401145
0,0.7947333828467551,0.9823037764870168
0,0.5870147583318428,0.8617498711236231
1,0.3050903691728955,0.3384699527893158
1,0.0532662059018782,0.5597402744979729
1,0.5687600467980014,0.9387073991514338
1,0.8032988090398727,0.8694773723674168
0,0.6053217096818566,0.7688799491705712
1,0.7975045785077789,0.7853534951965564
0,0.0787853519203415,0.3552718502707807
0,0.4529710201675294,0.5010514841974701
1,0.5779363570024478,0.5247559321707874
0,0.5227535038243204,0.7948057459988528
1,0.9216269132768729,0.3019265684401481
1,0.1125281550038361,0.6203298750122195
0,0.2571300420513425,0.5881866662217663
1,0.5986906023626744,0.1438945436031707
1,0.804566213422505,0.8287340061118426
1,0.761697107586033,0.9985792241387343
0,0.3453269896211272,0.1336245057594369
1,0.9492508410530344,0.2678524904546047
0,0.2188008656911588,0.1910148328760423
0,0.3729073415611093,0.9486730961590172
1,0.4669073677077148,0.7387467240235172
1,0.5494894589950234,0.1930874975962777
1,0.7142479308513223,0.9437533069015958
0,0.011763705869543,0.8419640886720363
0,0.7386241525957685,0.3963506522770891
0,0.76073855140965,0.853146951902522
1,0.3491761290308178,0.8058289731680276
1,0.2341576930411454,0.2532164818519015
0,0.0931669222405466,0.8454474046063032
0,0.2811489323359907,0.2046690771629581
1,0.439142143858229,0.2738848312389254
0,0.5146184070732296,0.4439213125022173
0,0.9181296517906378,0.6017341603577562
1,0.4760776510300682,0.0343117204975929
1,0.067475054381582,0.4655074648111706
1,0.6729933736185939,0.6117655854055792
1,0.3909208848820908,0.8232129538119687
1,0.5300423896334354,0.1712352244765926
0,0.6666291965601704,0.3180995912231402
0,0.945817580211031,0.9405235045565196
1,0.4658313051175562,0.4093612553741846
1,0.9384482880597927,0.2477207602798181
1,0.2985878326534068,0.8210583031106017
0,0.1833843800347322,0.975264361342378
0,0.5237921496416571,0.8560976532369828
1,0.0337307773022934,0.4901472917748369
1,0.5280167762986644,0.6196027151269283
0,0.7728426712348144,0.4444360637796448
1,0.4847397200175425,0.566287776608817
0,0.4593964805174564,0.1372750322672102
1,0.7292342326885015,0.0810269968236989
0,0.5170747983699876,0.8350764331195145
0,0.0930011101376206,0.8731046874709036
0,0.596959814001321,0.7219937659636537
0,0.8689139660711895,0.1484320986043191
0,0.3829096579152248,0.959581529612096
0,0.9678452377600408,0.5578194537853218
1,0.1233135041752242,0.0882859283565411
0,0.7512708975427816,0.2392141952248146
0,0.2581015927367538,0.9956735885015884
1,0.0626497437427926,0.1700033244163518
0,0.0229205269418609,0.8641736870199712
1,0.5249038847562623,0.0343477635737768
0,0.9642342910311088,0.920905246771652
0,0.2596911963835803,0.480457932585412
0,0.9489280962936744,0.938312414813771
0,0.221411903108832,0.213749624303083
0,0.0896077407859392,0.705593821031359
0,0.6542253603204494,0.7508979589694653
0,0.1770057231356431,0.0951240170989442
0,0.2664489543571883,0.0288439093606426
0,0.3048790613410633,0.0718852503704114
0,0.6079105722362522,0.8960012426468524
0,0.0034566937187702,0.2701380498730269
1,0.4531705719066458,0.2559590464466087
1,0.2740869764452944,0.6738324554403484
1,0.1929833985781922,0.8816616822290776
1,0.4930607842709839,0.9624382317483152
1,0.4103245991175782,0.4060047139230224
1,0.0407974760154982,0.9360344556707348
0,0.4600599587029522,0.9458444177910568
1,0.996932679756667,0.8553267421347127
0,0.6224603584788279,0.4128565856023872
0,0.929965485143607,0.4748712413802397
0,0.5925521494474008,0.8154835341522139
1,0.7522187447457096,0.5878894802565402
1,0.0242762826760259,0.933108849198982
1,0.2811687111315953,0.2462773163083602
1,0.9930357106134814,0.2852836280930307
1,0.8727666660588606,0.3550705939889256
0,0.4674489681838475,0.4823341214073113
1,0.4538658066947998,0.7251095174165578
1,0.1012942536234022,0.916258185435582
0,0.1844409690973409,0.9830843361922766
0,0.4534036363068471,0.1431117447773889
1,0.8690615214874928,0.7227597951327581
1,0.0089819034828149,0.9273748345097108
1,0.743830582819847,0.4895703814032555
1,0.6926274522059181,0.0148181370135127
0,0.0381292705754754,0.2953859373034621
1,0.6266696806437821,0.1062900371718355
0,0.0041521258861767,0.8533364086278117
1,0.6979970798098626,0.1185223486911071
0,0.8831458363812378,0.1997439280962438
1,0.9852955347180457,0.7073357629741038
0,0.4983418533387636,0.31778792262076
0,0.5316160233226558,0.3696876343627187
1,0.6625393480889861,0.1706501612798314
0,0.772679980514351,0.883488750260529
1,0.5998986246993099,0.9146152962886496
1,0.0280418759064673,0.184382823265944
1,0.6977333894846908,0.0630517387890852
0,0.0461214741915576,0.4121044380560262
1,0.9326627170729982,0.6962793355380934
1,0.12628293167193,0.0068430625236917
0,0.0760341442341465,0.8072861468223393
0,0.7352408675418761,0.2648091279567404
1,0.033565128470659,0.2116772613262025
1,0.6576586047707086,0.0193520014292679
0,0.3739916097711763,0.992712631110972
0,0.3927052904758129,0.5864681698163912
1,0.342300799207643,0.8112518401932255
0,0.4762524012614341,0.6822275165064436
0,0.1066658052079835,0.3066003876615724
0,0.4215689876733093,0.0835774495861499
0,0.1866014134793385,0.2194888204803772
0,0.4013763457278729,0.5724227416732969
1,0.1439651305046869,0.4997611384788221
0,0.1397796936804948,0.2728007915359377
1,0.6351414203025921,0.9892713184465975
1,0.8749372439438885,0.2915228893292749
0,0.3555436302038753,0.9243175255059268
0,0.6295947085292957,0.2651473057543057
0,0.2529595947116387,0.5698688371366881
1,0.7671143527551828,0.5850770086697283
1,0.3251935058264067,0.8113959216943865
1,0.9941942350213536,0.4014909727899758
1,0.6584965714488533,0.9374261324325665
0,0.0233208793095954,0.3106420675475327
1,0.523462172047141,0.1688499973567901
0,0.568372685739157,0.3430410059971571
0,0.5608480108861441,0.7095618222292367
0,0.5823663288919679,0.4397165722520284
0,0.985580092113056,0.4985393428299517
0,0.288868623036959,0.5082520696907387
1,0.8731653341887949,0.7189138830790003
0,0.6340143497374815,0.8788473032829907
0,0.7481441406817325,0.357710283010666
1,0.0979565767082649,0.4859151816189188
1,0.3248693022915978,0.829478608777315
0,0.7071015288472318,0.8676424993247825
1,0.3244944108597829,0.677071662101799
0,0.0227607324609657,0.2686082149228688
1,0.5694994440781318,0.6054117892529073
1,0.5745170733046426,0.4985138365653613
1,0.6788152400116436,0.960493692406874
0,0.4119177292141854,0.9769021399758364
1,0.6986549154287978,0.0653862777343083
1,0.7733134594890572,0.5943880033809722
1,0.674772446970595,0.5829573782640002
0,0.6235142917984671,0.3728034498816888
1,0.3419297865617899,0.8709308366439089
0,0.3638585549833556,0.5304098728814646
0,0.6460352112948885,0.7720902026617928
0,0.2516224527208298,0.0028901234963351
1,0.875243109340309,0.7878219904041951
1,0.6658696598466642,0.9372836095561254
1,0.3526727530582944,0.4255628281450478
1,0.557260846107613,0.9875426606364736
1,0.1296447001550954,0.1119126815594865
1,0.6222638079723913,0.9692626309220608
1,0.059499738733748,0.149081974671024
0,0.3799210551956413,0.9268778665172478
0,0.9127314388877886,0.0158339874140738
1,0.8876213221899204,0.8407665312547773
0,0.0243409392976523,0.2328072308211752
1,0.3590821556159467,0.6809408847773228
0,0.6105664312457519,0.8756772281471265
0,0.991578096313612,0.4635626712544091
1,0.1919021791905879,0.3760653014978674
1,0.1641465453717809,0.254095888916685
0,0.4586277124241584,0.6216819803398334
0,0.0727108254038246,0.3569479704203366
0,0.7864652050978432,0.5932036574900046
0,0.4599043116521998,0.6350228076718566
1,0.6071188612892402,0.9690699622865748
1,0.1374245815041876,0.924018400157352
0,0.9639039180756256,0.0694781666323015
0,0.5875213876779448,0.7296258376920082
1,0.0381996632562958,0.9805419138212464
1,0.9832523789373914,0.8792017318346531
1,0.6332988445855962,0.9593429799782416
1,0.1595119037203703,0.687436719104668
1,0.3422872389281609,0.3563324915294471
1,0.3005357407484809,0.3688539200207518
0,0.6946142231180683,0.4105486510232445
1,0.4204574699586065,0.8712658628756724
0,0.2157819418574335,0.1699816446357732
0,0.2878120163854052,0.0996840326000654
1,0.4918608140454769,0.9444998349700756
0,0.102032377801689,0.7076537489666578
1,0.0524213652317435,0.1561282697875872
0,0.7827669658008837,0.4370563905016806
0,0.8102918136513829,0.0895470354956666
1,0.077120818660761,0.5453211382023303
1,0.8165685238848361,0.875877452405799
0,0.5658319098181094,0.3435009922493663
0,0.3335052693988515,0.453112565985589
1,0.5102162145625931,0.975836184211748
0,0.9998692092486026,0.6716469212922139
1,0.7581803208709862,0.523472813159246
1,0.4585229959398819,0.8284276598583374
0,0.6055661765325009,0.7681332244494529
1,0.9053134445528312,0.4121105755591975
1,0.909964597514095,0.3629115738552466
1,0.6224246785140424,0.0768458357348615
0,0.689752314096945,0.4229704498453797
1,0.8355978830591828,0.3093802223141382
1,0.764440525699603,0.5976731118742385
1,0.1278200125984545,0.962929386033176
0,0.2717816586101841,0.0296893611206598
1,0.8763776010800894,0.7618695334197855
1,0.6329077219817544,0.1121817235545376
1,0.8615256973712496,0.4346991663336627
1,0.2315020207106207,0.7728630266390542
0,0.9848536113687072,0.5777151177217732
0,0.8628835299375851,0.0579638428379291
0,0.6989447960624834,0.3254849950580381
0,0.7029276993062461,0.8510354180676284
0,0.6566455496548004,0.2519134430459578
0,0.8444701688488088,0.9120077956592813
0,0.0505229302511938,0.3503826024321578
0,0.7640230338652032,0.4432467275648221
1,0.8089030930215949,0.4225141132057318
1,0.4830226395771611,0.9364858998803868
1,0.0190418648821,0.1920241135963385
0,0.966547215846353,0.93752722535779
1,0.0662200665112326,0.4593014969622651
1,0.1090097296988845,0.6504837430486459
0,0.7531264512913091,0.7919148895718479
1,0.6910684589096642,0.0603259313566194
0,0.0497340263705466,0.2603654918270601
1,0.1826223565730518,0.8261200476430878
0,0.553620223147355,0.2515583867319614
0,0.8243195169712716,0.5203861050872118
1,0.8878906515422885,0.385242422732257
0,0.7336011252171465,0.677857136591748
1,0.7935822423978495,0.7340491275128189
1,0.4723277935587203,0.608810488227727
1,0.5256891200731701,0.0108987908316453
1,0.4274182812791179,0.7830577118347963
0,0.1457682694707733,0.2980015226903708
0,0.7820863244052738,0.8919486728339764
0,0.7659847345468056,0.2750409994703993
1,0.6037624312593846,0.5059989176340854
0,0.7569090989350727,0.2386074830501363
0,0.7208467529387105,0.8331649101468578
1,0.2167146549250451,0.7941333303549686
1,0.3446583484006469,0.354131190127016
0,0.0624905390800926,0.7773442135577195
0,0.8163421874904946,0.5154258172623295
0,0.4836084104162671,0.6834859039527932
0,0.8693388755907264,0.2126651961061916
0,0.62726970586997,0.2515038422194396
0,0.3090314939308157,0.89925581804004
0,0.5145105277449886,0.3309194131089521
0,0.3727316355505671,0.2110893349355572
0,0.9108581201476942,0.164739178338455
1,0.7289379374151905,0.1800210596490836
1,0.896501682251392,0.2432507991445048
1,0.9338011582231592,0.7195166284614666
0,0.914681374440794,0.0152986757968661
1,0.3917630296488354,0.8232262847431264
0,0.9869343900259312,0.029621301133768
0,0.4424356649516275,0.0623090511767253
0,0.4886525014855457,0.3168044700420493
1,0.2208671044872933,0.4322596945679203
1,0.6228943805087267,0.1129107502885251
1,0.3814586160646411,0.8031917834020275
1,0.1826147835121344,0.7784671096173104
0,0.3322411483057595,0.4660682399077517
0,0.989982779475904,0.0236047662332339
0,0.3354843010437701,0.1811796550021889
1,0.6783879369436133,0.9313787004171727
0,0.4872725855633516,0.307679925639443
0,0.5064177505524536,0.411125249423984
0,0.0122885793202663,0.4103551507324346
0,0.036288255246523,0.2323472737028249
1,0.1307785906314507,0.4786354092708803
1,0.5205807954363489,0.5742082535375215
1,0.427379792385296,0.3547059286581918
1,0.2628482292868913,0.4328146695191692
0,0.6414122059096822,0.4336771073188091
1,0.8907537850365121,0.7428259184268747
1,0.6319300309952494,0.4890962400130463
1,0.7586368612680597,0.4680534399200424
0,0.595616995628938,0.3002526185880865
1,0.4882012896162648,0.9442790209182708
1,0.851862090226466,0.8434762280383421
1,0.3488262744152698,0.3959101938264759
0,0.3563807201871148,0.4933435112499599
1,0.0663688735504809,0.0282015863810987
1,0.0034017329576986,0.1596459914396424
0,0.7605079194968632,0.2851475855700227
0,0.6000980982450822,0.8880668091643277
1,0.8639105854348859,0.4205722742319593
1,0.1808818817945308,0.2414786013511803
0,0.4802036963482123,0.6888693262193599
0,0.8039016845380869,0.0922166949573157
1,0.7602957765413555,0.1769695301413649
0,0.1943773872097969,0.0297129662614288
0,0.9680973806560832,0.1902970141825829
0,0.3028074505488668,0.0102181125496538
0,0.3408822965283528,0.0345696688772499
0,0.7849012268581008,0.8226657984213593
1,0.7797693723548678,0.66077708814098
1,0.4051509259610789,0.2306426778472575
1,0.8524364042477763,0.679765212452566
0,0.9881626537992872,0.1335826940738762
0,0.2915695217245041,0.1100889873962014
1,0.1141423798323745,0.1442686485696969
0,0.7712914495250175,0.2323016219139244
1,0.637739957353554,0.9182943944663252
0,0.2235188433055579,0.9618843899903098
0,0.7702494506976372,0.3258734356353674
1,0.5812506903679542,0.1608137969715183
0,0.7337397123508869,0.8838115296482777
1,0.9773182840088416,0.2746019509584773
0,0.4213350540415832,0.0426568060307699
0,0.519659934473166,0.3297992218772553
0,0.0767182469952111,0.4399550823564091
0,0.1821940262115372,0.5619219603490903
0,0.6054189907972901,0.7010988597854558
1,0.3817735143092421,0.7409957261234984
1,0.6732742510597942,0.1336942240023972
0,0.632004174422507,0.8009871257493403
0,0.3266364632334196,0.2039066264368116
1,0.233426172758322,0.3752518280837738
0,0.267979291485645,0.4540951296473173
0,0.6944010707480968,0.6783345560196632
1,0.6746561820354725,0.6027877197906083
0,0.1585064819881072,0.5205484396935594
0,0.7554424357857674,0.4080240283411832
1,0.8714865160191624,0.6930662945138962
0,0.5200405097857964,0.7173990689516132
1,0.7376853923082173,0.163603693152861
1,0.5201664762251702,0.2112835699624315
1,0.6739341390271414,0.9192072720016304
1,0.4029877202555669,0.3449217930223073
0,0.33785529791968,0.6173349231185675
0,0.75503373887575,0.4040421677151338
0,0.1634269456917746,0.1538192233675918
0,0.4152223583881541,0.906015905409105
0,0.658266037598364,0.7919288417323057
0,0.1048161295949323,0.8078180736120909
0,0.5611128974873177,0.7049014645834019
0,0.137561047089007,0.403923625788009
0,0.0519508920839256,0.28213110362709
1,0.480616388261899,0.1500037531428526
1,0.8185749780973407,0.8118196685210775
1,0.1589352225831453,0.4459691972770538
1,0.4084626267575666,0.4321085018052752
1,0.3229855145207428,0.7272510060996467
0,0.2183837288138511,0.994748724080178
1,0.2671539600969032,0.7558316084016643
1,0.5239831345043843,0.9724481339319512
0,0.2579764775140715,0.1663273065800766
0,0.0907151780417433,0.2475966373606553
0,0.4497734865426024,0.1098310779920543
1,0.7638930250992012,0.0149613728220497
1,0.5877702253682562,0.1493181643213295
1,0.1401818755167221,0.5763258475873942
0,0.0317161815547465,0.7004093605468739
0,0.0578994526629222,0.2262873908817683
0,0.9957029205830048,0.2016727142610164
1,0.229656987364311,0.3840564913052698
0,0.4644506569266321,0.9973571976978044
1,0.3702779059710327,0.2552822191705927
0,0.2809384700626549,0.9608771509626958
0,0.2047234059839068,0.0073640834628175
1,0.3699535294927042,0.8022098896430243
1,0.8628913537295919,0.420768175718746
1,0.7575592994099092,0.9743812873048496
0,0.3939276737000016,0.009589417721982
0,0.1555569542726224,0.8560163347113665
0,0.1750782830152943,0.0701895255656346
0,0.9755906768744308,0.5066316529420432
0,0.1020321867438908,0.6812478922958513
0,0.1685306398304206,0.0897838557040534
0,0.3608338511368923,0.1485198135652855
0,0.6687474007897446,0.829798727748568
1,0.5133000320701185,0.5233535420833255
1,0.0537177943514584,0.5716330886887641
1,0.0631678384761306,0.909000691186033
0,0.5444165373978666,0.2726547865994029
0,0.267939070484703,0.5608858111588273
1,0.9031533777900448,0.8148661904492036
1,0.4840406683348424,0.9256125400833608
1,0.6529261833628579,0.0942318039928811
1,0.1508641912026873,0.1277417480356343
1,0.1701023343473008,0.3231662304679651
1,0.3408921048543704,0.2308857991151046
0,0.8588392299732164,0.0717249052030833
1,0.4577192663856312,0.6916829810782688
1,0.5118112547586173,0.5072036449659041
0,0.4639582309988166,0.1373134248682075
1,0.3689517586730598,0.8896487476310554
1,0.7043293498285877,0.6191041434918347
0,0.726235988814687,0.7850174106400584
0,0.0729231840372872,0.7432672727103683
1,0.7164032749772127,0.9701821047056218
0,0.368662254492331,0.1986285164773349
0,0.9015610530514788,0.4564656803035105
0,0.2669116064542314,0.4741506935626031
0,0.7693045899466289,0.3016154814707792
1,0.4488892223939236,0.8263366365506952
1,0.8352900825824588,0.7487860196991969
1,0.2061210981548794,0.8973726101281932
1,0.9061835809764088,0.3999714398670542
1,0.0017039237703053,0.9961610408906688
1,0.8083264407076879,0.4277690758722974
0,0.9914927672914428,0.5892479415772715
0,0.551126296588256,0.7417793476891886
0,0.7537924416126759,0.3075841477244152
0,0.0491369780349871,0.851883650959585
1,0.4804663847943685,0.0622904464093694
1,0.6498538638457889,0.0579553442740166
0,0.3364313750942723,0.4684114121994538
1,0.3969597061310583,0.674504594846135
0,0.7903052826984712,0.6486633225723366
0,0.2355761323605175,0.1973535356602284
1,0.5360762100315904,0.5849558652808089
1,0.853267441084913,0.787254185096454
1,0.7165980726218334,0.0007979516735019
1,0.9737267390291354,0.7121864296885194
0,0.4644793725084736,0.9976590585785948
0,0.3975520102708768,0.2006304000754157
0,0.6683961233737006,0.691653212187124
0,0.910027639678912,0.0296177509286804
1,0.4910822584128624,0.1564418317046083
0,0.1088771304448799,0.4312713324547338
1,0.514955194508342,0.9929936331444164
1,0.3807505198927809,0.4306288535160812
1,0.7253053497548645,0.6298772770798613
1,0.6102632403524366,0.4539437164772785
1,0.3195050992906258,0.69746969158076
1,0.8677255991773385,0.7988538856968168
1,0.2774453423733027,0.7683225320593409
0,0.2124948352266461,0.9461060454758624
0,0.9900239652100472,0.1734958891236107
0,0.3683802860972222,0.0858365708024925
0,0.8640497938577879,0.5790190949285797
0,0.6168840633958595,0.6777023099195862
1,0.9609709746016128,0.7131035864190571
0,0.6980020569913654,0.7485459960451107
1,0.4651260664140739,0.7390439786273866
0,0.8794411401950322,0.1233314803237101
0,0.796888776868234,0.1201375455627272
0,0.870199450023892,0.6133295809823861
1,0.1351666444334192,0.2229368960386755
1,0.2200519872411873,0.3807177372875818
0,0.0385161272621692,0.8687968171682728
0,0.2359147600249411,0.9805342912385008
1,0.1136772203630545,0.0083258274999881
0,0.4168502038283387,0.0661149231419758
0,0.1605680081829045,0.4829351142733201
0,0.9696518429290184,0.1393853517618014
1,0.4377525444905856,0.2585978190781473
0,0.4936118926661968,0.6905597086190999
1,0.4948548450975172,0.6311137137510754
1,0.2854977753445741,0.7455928815517965
0,0.4663174568313908,0.6084736904976136
1,0.3898498345484419,0.8805241007098246
1,0.1760906981260103,0.2616660151156642
1,0.8219346662441,0.3435776485758179
0,0.9368582613239512,0.564153276869744
1,0.7979088611634377,0.6957307483261277
0,0.4350782226407189,0.596700066036838
1,0.2046647635065922,0.8012504045434885
0,0.6744827197711848,0.7691686884828514
1,0.8566048271000402,0.700876462288426
0,0.3022524807370079,0.0408007165927296
0,0.8701840792001778,0.4909716659382817
1,0.7145978948718357,0.0820854227156033
1,0.3350187689236417,0.4416599013631312
1,0.5899997807666814,0.2157901701911622
0,0.6091662464807797,0.8537755675735333
1,0.9734879986223636,0.375403602543395
1,0.4318356002233209,0.4272587826095072
1,0.127541313019559,0.1061317574158233
1,0.2532221540049316,0.2637585445417334
0,0.1630786551139598,0.5547458814274936
1,0.1012071482425859,0.6283575106051157
1,0.398539530879012,0.7060999650954625
1,0.8529094725229773,0.7261170534892037
1,0.4546230747958376,0.7379169585375482
0,0.285252129534586,0.4853689355570735
1,0.8140851844962375,0.3709885857791227
1,0.1233376011826147,0.5657438858557952
0,0.8416863443354953,0.9672122369622808
1,0.6810521039735568,0.1313477511470917
1,0.4755411432242538,0.9669404500527704
0,0.884386186060314,0.6587003519711461
0,0.0538040188022432,0.7020022122864096
0,0.4234652983771194,0.9488706673020276
1,0.6371079655264241,0.6631309310679534
0,0.588375915149664,0.7067893697858914
0,0.0783772754013792,0.3157050707220883
1,0.4284890544948462,0.3006205211095865
1,0.1267470296627091,0.1321139554023254
1,0.9835545756012432,0.4115707505280397
1,0.8925067690391739,0.3306719985920927
0,0.8226441825315538,0.9166590142623702
1,0.9513144568913656,0.2926451919892964
0,0.5880755394891996,0.2410075582457411
1,0.591904051490999,0.1964394860150874
0,0.0266312912220583,0.384306009835164
0,0.709024001802483,0.3902662158394575
1,0.2272423189374784,0.7115134339908719
1,0.6007630011955839,0.1589385864607444
0,0.3619982430270296,0.1662183348511261
1,0.550412845559917,0.0483619045928627
0,0.9565724841696838,0.6606949546073847
0,0.4151344933487393,0.183400473677178
1,0.6146325001517725,0.1343847598399985
0,0.1515862195292231,0.335374628105531
1,0.1124167269625038,0.518495801998997
0,0.3149096294719721,0.5536664346898789
0,0.3381465848449807,0.0064671574354052
0,0.7628162145839409,0.3610670641135999
1,0.4575284479146762,0.7247638104433795
0,0.3907834575363315,0.9253576870757232
1,0.0841668656003268,0.5498710029977691
1,0.579090651942858,0.910539727353733
0,0.2843009781647306,0.9468394617515248
1,0.1315744198694882,0.1144449667708786
1,0.8827249319109027,0.8180321863932171
0,0.2946862553929881,0.9266967337745547
0,0.2183624671124459,0.4800997204327232
1,0.8227976722207445,0.2470119566694386
0,0.589104083065734,0.8072063171643399
1,0.9615438104270324,0.2984501468600363
0,0.143309355784528,0.7460897254707106
1,0.7439558537612221,0.6144503204204488
1,0.0838766985418145,0.5999074121137032
1,0.5122348215272475,0.0723310720757807
1,0.0924254129839724,0.1531516256096097
0,0.6595671830477419,0.7087335785134475
1,0.7139127531486174,0.1494858541054308
1,0.8184043013438758,0.4145348237802054
1,0.5914762363130616,0.1373489211503777
0,0.0982691629470308,0.7309712032754695
1,0.3013173479245818,0.7910141394516476
0,0.023331810834696,0.3648377690332344
1,0.8387049229957706,0.3624183193235732
0,0.0364639354308258,0.3923828825094638
0,0.9004944505377078,0.4949931340061904
1,0.6765960087106448,0.5672948089438633
1,0.1554676388105716,0.0280625758899748
1,0.91563029693709,0.7996883161198803
0,0.3003058900964207,0.6284697017348619
0,0.397338071955982,0.6381256284629983
0,0.7912181058939358,0.5770293801022373
0,0.7939827393105565,0.9151325289077318
0,0.369579798640236,0.6214773713318275
0,0.4544560469631808,0.9455767951857512
1,0.698466772168452,0.6290939316361494
1,0.2433256904881039,0.4202682086020752
1,0.1807684270512978,0.3141468025879722
0,0.2050863355047142,0.6152338176365407
1,0.9822808526155188,0.259098726295889
0,0.2901277045887097,0.9603583511955414
1,0.7496809241083053,0.1809525226997403
1,0.1627508959625849,0.7158853438915537
1,0.655285426178595,0.5342046467189726
0,0.5926132928931555,0.2267202727165043
0,0.2602667557651227,0.913367655354656
0,0.0850704344862863,0.3460301324884949
1,0.2567193190195259,0.339733620104612
0,0.7898566733213642,0.90729902338179
0,0.612927286886721,0.6738242507023537
0,0.3869592144463265,0.958813768633066
0,0.878793098536562,0.2096549464358263
1,0.3187895596498519,0.2951438869108479
1,0.8125690906640333,0.3369089153881379
0,0.8595842414457383,0.1216348620268651
0,0.2268483240552505,0.9481844832915168
0,0.0002876259540832,0.4112905378559144
0,0.9375785692262492,0.5083729278732133
1,0.6658689915963315,0.1113149041915478
0,0.4520708376692162,0.4716100547132787
1,0.1089641088392924,0.1499304122138717
0,0.9977666121926146,0.5354545683528046
1,0.6978352056881059,0.9598793578674664
0,0.0237685721971874,0.7469393183868637
0,0.4486885265524079,0.490050823260035
1,0.0142983741834962,0.9405948482502156
0,0.2020368003237747,0.6495351268561811
0,0.5006394697460079,0.374886865311938
1,0.4980015847269006,0.4995586810160196
0,0.1641050256512808,0.6673503824511878
0,0.419959107451145,0.6639648228785289
1,0.1773388541733774,0.8007151209158198
0,0.8809083301677493,0.0220070173000558
0,0.6597990636801392,0.6749033297766115
0,0.6238730534294006,0.2657262618354107
0,0.0104967907543322,0.2351520101429677
1,0.9638322010005828,0.8700943345711486
0,0.0552618559276733,0.6847210858169367
0,0.383046224112884,0.9943361245969472
0,0.2659931575914671,0.5294892068975907
1,0.5392899639599492,0.0714894330422409
0,0.9847973285607108,0.5834795707990594
1,0.5726530083870116,0.6544228025084827
0,0.0600966264976051,0.245058530666496
0,0.7855633012340959,0.10480266235261
0,0.9929864137973892,0.5416738890148288
0,0.9755530619757998,0.5516223493698402
1,0.9388469891942698,0.2884114096813668
1,0.5630163118525148,0.5148992622237512
0,0.5212457358805327,0.4087784876365438
1,0.7844242294433076,0.5257901545857496
0,0.3154977844836802,0.4658305297643746
1,0.9817561758938582,0.781224100873689
0,0.4473423677584747,0.4688783650470038
1,0.0690553088732948,0.1752995495471747
1,0.524738282053005,0.0520638114445537
0,0.3229428136563654,0.6507323135053179
1,0.257117966580905,0.6785064199513969
0,0.2742709433713066,0.9518114958888724
0,0.1011959050345312,0.7022603861108695
0,0.178022294330828,0.0058182370848668
0,0.2218916006958808,0.5967186681578425
0,0.2452049174562843,0.5574476626124901
0,0.8195644620408268,0.6630351424986762
0,0.7962388515966328,0.9793154688145675
0,0.3211234099025442,0.461375912514413
1,0.2369741609751826,0.275252019731923
1,0.8230285628096446,0.8934979953733594
1,0.960349932056782,0.4315552347338218
1,0.0237349555263494,0.4510405409046446
1,0.3848538621700644,0.8256468526226273
0,0.9633231614517992,0.5749648266269228
0,0.345946402971922,0.6319637127271251
0,0.653371782330556,0.3407712869441632
1,0.6286295905599059,0.6592162340883976
0,0.537527521567759,0.2875012631042504
0,0.955691888911552,0.6012845301716361
0,0.0853142616533341,0.8589256960258628
0,0.4817121251015844,0.8401605696031182
0,0.3333741594703091,0.6632953308602997
1,0.1623363109247538,0.37403490475677
0,0.012516872334641,0.443157363962773
0,0.6643363500984709,0.6767292634662085
1,0.0670584190105759,0.913972198437675
0,0.5395049561401158,0.4455557627942684
1,0.4298632885264333,0.3521185989533768
0,0.3739860588992471,0.978599538047862
0,0.4800315596609303,0.4321638595985041
0,0.1345216106996529,0.4068627378451949
1,0.5962784030479141,0.5821386265846732
0,0.3298191514619703,0.8976260481322217
0,0.7223440197592897,0.4151628605284173
0,0.5986658818749225,0.3487210452419689
0,0.7734272069001447,0.7836092271851008
0,0.9107675079487562,0.9361811737898332
1,0.508376945066428,0.0629242097525355
1,0.5792839762026318,0.1062196757995886
1,0.273481337484095,0.7148547134835178
0,0.4967969754890183,0.673849775001473
1,0.013601944827797,0.4729087888351543
0,0.6513588820740491,0.8561547763288595
0,0.9539635902286344,0.518653350692646
0,0.2092330605906885,0.140092502380991
0,0.0881592559389079,0.8060064839656039
1,0.2463438079646027,0.7431919309080429
1,0.5386688482555175,0.1132990049874833
1,0.1934700479788931,0.2808250582687739
1,0.2330940478192503,0.8339706609937255
0,0.4507596102282345,0.1716057640026481
1,0.0961343938541995,0.1758278759423708
1,0.96154612481071,0.388551634107238
1,0.8663361224092977,0.7528736075509144
1,0.5694485046786582,0.9841876686837666
1,0.2540559649806632,0.8435778205719751
1,0.0335674162164721,0.4619750071277891
0,0.1148764879841062,0.6930896015379175
0,0.8107180077282993,0.1753262943169607
1,0.1251176689088267,0.4535641527973156
1,0.4240234648306537,0.4464817843582587
0,0.6526862793887239,0.3894055827592549
0,0.279422826816212,0.9863911502793312
0,0.1394339750271481,0.2794028884871193
1,0.506422351426827,0.4686573668459111
0,0.9514795857237544,0.4656378663839416
1,0.4559613899372264,0.6786225374577389
0,0.7880356804492389,0.9949145152210974
0,0.2127399725759929,0.5563481484314854
1,0.8634361226202389,0.3555671786161798
0,0.5393756376166309,0.7442736633336965
1,0.6183700045858578,0.912777061495655
0,0.0827565502220484,0.6991377139820123
0,0.5196432668948545,0.2653462885246618
0,0.7386594849531207,0.7132083910193117
1,0.710990412802764,0.0454978744894566
0,0.2625892055698571,0.9529731210733008
0,0.6081838430423434,0.7154833281657548
0,0.2752548902902242,0.1653324658581345
1,0.0151992828683239,0.5413771150472579
0,0.754688195050744,0.8078216305746657
1,0.4164088602288708,0.756989079126799
0,0.2524184132059693,0.123111428042162
1,0.7178878169624509,0.5816091982008064
1,0.4255532665643819,0.8181808193052795
1,0.4049855171334519,0.4395809684213759
0,0.41848249524157,0.969786282492596
0,0.9901390039285488,0.509664216638944
1,0.4873729346989298,0.9484932802549664
1,0.4537519431936255,0.3487880210890069
1,0.6513783251878932,0.9991063369677908
0,0.7129887795639412,0.8352654209537838
0,0.7975004429302862,0.6722544186973145
1,0.7756209407625104,0.5827065449247749
0,0.7602578949481839,0.2498522109617704
0,0.6710645547676536,0.3493245303401121
0,0.3447962700944079,0.1609697652384735
0,0.8786788753381951,0.1663410006668999
0,0.3700983440769952,0.6327652053450317
1,0.7983643393509322,0.6789266463982743
0,0.380317983882,0.9462342723405792
0,0.010320977414037,0.4425969277007601
1,0.7772523012567495,0.6588757534688519
1,0.5469651096341047,0.61888232320138
1,0.0522787674360314,0.0332232609674597
0,0.940542184500602,0.6305945571225379
0,0.1577374561109977,0.0326760504954563
1,0.8331452472231937,0.7388069494579131
0,0.6501544079620227,0.4323526030520065
0,0.8280695490551244,0.5157006577655351
1,0.8055527353653985,0.4358333691172283
1,0.532241741933193,0.989716341731133
0,0.4411353522324749,0.0167208678634454
0,0.4777041105924765,0.3841679224769526
0,0.4472921469386621,0.9815618790180746
1,0.6979153022961513,0.930767186711222
0,0.6777363623392578,0.6765493857176778
0,0.3316204915724237,0.2091508296964542
0,0.3241754200419873,0.9130867483290016
1,0.5434928767522351,0.2089266278163843
0,0.0058488752585686,0.3451119571738571
1,0.7011417750576431,0.1412954473360548
1,0.1096231935158205,0.9254519159649772
0,0.8927414266367687,0.0642261272334636
1,0.1611915231505633,0.721475701528668
0,0.4067133482143694,0.1246712211729887
1,0.7263864907505413,0.0987765785700547
0,0.3089930381224184,0.0662228427262633
0,0.6632095355055676,0.7929008978412853
0,0.4594708720918347,0.1008357559714567
1,0.6016357824098613,0.4628613899631182
0,0.4563732434773671,0.5935358544978526
0,0.8322220083393007,0.66820558782796
1,0.0993536964694978,0.1198920164451734
1,0.8176454533040826,0.4387517047922135
0,0.4488783549970762,0.5783035190110295
0,0.1372439384702105,0.2551058521664329
0,0.5185783702900488,0.280254020679156
0,0.0165252420408558,0.8073663938553503
1,0.1097121284463793,0.533688158916027
0,0.3360326125891721,0.2243235735570096
0,0.0222265892139484,0.4316881769647032
1,0.6736142835867914,0.9876958369533778
0,0.5604528947171666,0.8101153197372541
1,0.91121370948451,0.8219796428489509
0,0.2551830797620124,0.6024745827604416
0,0.5999334362425182,0.4158518105941842
1,0.1129140285122101,0.5215617056047134
1,0.1528911721124436,0.5151637986346143
0,0.0765662034583211,0.3200540747862137
0,0.6052056613232939,0.2694636741058026
0,0.6256801200160191,0.3707719600150102
1,0.1435028507803316,0.1811142212295754
1,0.1955651384918783,0.813641248746707
0,0.7199374161456262,0.7351775639304651
0,0.7806110404382914,0.8491051757821133
0,0.1140081752534311,0.7045323188931161
1,0.8480470197792951,0.3218218507773125
0,0.5164525361196821,0.4045634029072692
0,0.095711953866721,0.7476730776281855
0,0.6517375612605278,0.3940644538736777
0,0.723357682497231,0.4190963552716603
1,0.06606661878436,0.2127194794511551
0,0.431398059178926,0.6570102894166434
1,0.3585852344593234,0.3061448183810873
0,0.5866150520822688,0.248621161985663
1,0.5558718601691881,0.0703078855834087
1,0.9086025773342876,0.4148648291545579
1,0.0707296011753964,0.5889769550848937
1,0.6690926261949344,0.1070286390057286
0,0.9889834112863596,0.1663275593650571
0,0.2920054053705447,0.5249867041053858
1,0.6617434889178341,0.5114026546168627
1,0.5764889581530999,0.1140662345423789
0,0.4664197783938766,0.4637373511919088
0,0.6997831166400895,0.8339085404568062
1,0.5802205880725375,0.214724277270531
0,0.945738390438358,0.599807069891875
1,0.4324452914370499,0.7142178499975956
0,0.3786140176615354,0.0590977316695368
1,0.7275337132797589,0.5240164858918207
1,0.9964955822775436,0.8461936100597366
1,0.4595443866178479,0.8971883551033211
1,0.0025049019256992,0.6369675657326179
1,0.7584257374378567,0.6557801841506627
1,0.9872801352935424,0.390179240247672
0,0.3208782870435043,0.5556872309705053
0,0.5824051403668138,0.4457752149677957
0,0.4851736163586868,0.4311283149192204
0,0.055529611401939,0.8691689079387566
1,0.9898084741988676,0.7123055253651382
1,0.0065504049099599,0.625701819699063
0,0.8855677353459959,0.1803058321707461
1,0.9815805089360522,0.8050574072848115
0,0.5741471802765821,0.3916697626111207
0,0.9757661739311116,0.62567941940388
0,0.4200518786832941,0.6313549942176835
0,0.2892436266756564,0.0185794093670893
0,0.931634977348612,0.2013235670103387
1,0.4578112181907685,0.355236710067921
0,0.6514536694298643,0.3827889919980404
0,0.1867988565003516,0.99667631328313
1,0.2220729294972552,0.7702413168537687
1,0.902901422189526,0.6761364454449991
0,0.6477226163153296,0.8905157430228375
1,0.0975008896989781,0.1495828883463635
1,0.665600121074027,0.1950204254235984
0,0.9917527907083052,0.0115759994875348
0,0.3398837822838021,0.4904633351483389
1,0.004765752305489,0.1542498349757586
1,0.8494321723232283,0.8120789138498258
0,0.8646782201635851,0.4994201424362104
1,0.0223348725034471,0.663470827883085
0,0.6091711153949738,0.7173266999735708
0,0.3869300772142821,0.9168492117754492
0,0.4664314291243189,0.6551527266851708
0,0.5904852458843767,0.3570319399765431
1,0.8859423997248533,0.8918100284305231
1,0.8086195021340001,0.7433745039196675
1,0.0212003301794421,0.5173601128723239
0,0.481583916398129,0.8044239158490255
0,0.3113134479463785,0.0228157582660213
1,0.4455130685400882,0.3452392963771218
0,0.1993527462288938,0.6178667223653664
1,0.5758016989499396,0.933892472751817
1,0.8736490508080966,0.3503193018081765
1,0.451303714432267,0.8702060161506925
1,0.6511968601630614,0.5695222747543448
0,0.0987284207825407,0.4331008807783532
0,0.1692786262282034,0.5350948494032374
1,0.2141391042736318,0.7020309252587918
1,0.3988093496335502,0.7557437367250796
1,0.8025268832738577,0.3658345368090775
1,0.6116379651780935,0.931841242045036
1,0.7161645911497062,0.1655917937539396
0,0.9396768641231308,0.1455195420939441
1,0.5238985111214274,0.1132140801923642
1,0.0677921127074309,0.4810512291617753
0,0.7280946524789673,0.7926806431510919
1,0.2986124243130964,0.6808693416318726
1,0.1487765367626827,0.0891619019827802
0,0.7082722868737964,0.2856300717008059
1,0.1403649494323625,0.1976395299367118
0,0.8134000878897196,0.9886507738430332
0,0.7493052144681687,0.3183461769873956
0,0.8693003443583147,0.1469874617007528
0,0.3094820028390155,0.9411842814149164
1,0.6155444847931906,0.1126670914260266
1,0.1106951367690279,0.1153070068180918
0,0.9308224181749718,0.5444975143765135
1,0.2414007857718774,0.2795459048775157
0,0.884161845554929,0.504074088577563
0,0.5597217457652465,0.4215844557961302
0,0.4552944166622126,0.0006562265818621
0,0.2721687031420472,0.6558966848406073
0,0.7431035749760451,0.3793235642753583
1,0.1706276329567699,0.8487080113526316
1,0.4686306096931056,0.3476848298070013
0,0.3458051291747731,0.5024288908982962
1,0.6027005421607631,0.6174947316329831
1,0.4449584613518321,0.3058653827247202
0,0.8984717617547464,0.4799673084853781
0,0.5300395305787248,0.7776350103286261
0,0.5003013662020481,0.2473201667300505
1,0.2081752798598022,0.7951198750133593
1,0.135002831731812,0.533869522308158
0,0.4695541462592532,0.490786010094417
0,0.8365959683141208,0.4554074844780915
1,0.9909744697421176,0.3835243114015455
1,0.4727103314982792,0.9228668033708328
1,0.1401800385904017,0.481689431913435
0,0.8074099541337874,0.6712715767783966
0,0.4986898388208592,0.8060115567534537
1,0.3281507782942857,0.8176555049027446
1,0.7713694464216736,0.4949259598424834
1,0.8403164970648153,0.3997409309562659
1,0.9134841555408588,0.2677559720057945
0,0.2636593143203155,0.9334073807200258
1,0.3421477768578268,0.3656478947696683
1,0.3613252064885333,0.8626271575502236
1,0.2154925525943841,0.3189003373948
0,0.2879744177048345,0.0040169774076608
0,0.6937748391992802,0.6765494271993426
0,0.2465003989611747,0.1771392641936375
0,0.1079494806567208,0.7804062863474545
0,0.8842909223361803,0.1643667521148991
1,0.2647047647557385,0.7525582066302665
0,0.9666727788806264,0.9620352451511948
1,0.9145686985191482,0.7879684446608255
0,0.526068155575042,0.2252590572441054
0,0.6563633904508144,0.2393676202379064
1,0.5448875960007581,0.057635232694476
0,0.96117547803101,0.1716708192567242
0,0.7528275384601708,0.8681083161364684
1,0.9939179201755066,0.824682348020835
1,0.8686721503655301,0.2303035077968782
0,0.3422295276376949,0.2165395167286176
1,0.5045106175775851,0.4614812939631552
0,0.1195153652258471,0.7698847466838249
0,0.3766566548459424,0.6661917660120412
0,0.6870462227752304,0.2898208087122804
0,0.7847729069685463,0.7159165516195761
1,0.4852522309961588,0.1697184893053949
0,0.4125346539217288,0.5272147520084861
1,0.0600742436561122,0.036030522289932
1,0.6617517739406048,0.9531493632817096
1,0.5721661696340712,0.1363362469509063
0,0.7867221833435942,0.5805014045147792
1,0.2655821126438159,0.824169368116775
1,0.7666401577172844,0.9480116827896198
1,0.6704279152545329,0.1342169210676338
0,0.3138792597605665,0.6397288988482688
0,0.4240510737526973,0.6532563680700088
0,0.3875213842778207,0.6429906735014482
0,0.9628868235245716,0.5958977670065987
0,0.0373288639835205,0.2422243378084153
1,0.6229382098726082,0.4778839892767088
0,0.3634431032469477,0.9579956899608832
0,0.4478781784278101,0.5807792534680818
1,0.3571764344750855,0.8379632749852695
0,0.5598874524160385,0.3968736786098151
1,0.1644438485496179,0.7286982965577204
0,0.6280159951649478,0.2428591961022671
0,0.0609156286159726,0.6957437611343746
0,0.1937585430108818,0.1138292899046236
1,0.9368691071021614,0.7955732016344227
1,0.3964357066840567,0.2447137434776083
1,0.7603077778083869,0.1163929786430408
1,0.076089599497092,0.9674895699666632
0,0.2729156553901575,0.1317391841460065
0,0.9205276411181044,0.4604937842624182
0,0.0419143319951613,0.4069913728175358
0,0.6836761245203578,0.334667071752552
0,0.1786378775247873,0.5220188670251911
1,0.8056691352934984,0.8922772222651689
1,0.1650260906804193,0.887133375813486
0,0.1825915855869042,0.6281135108767547
0,0.9251137384591784,0.4807806666173061
1,0.7724485379346859,0.6328560288186998
1,0.7428854365875117,0.2148752212502239
1,0.0064310333295162,0.0304828013603088
1,0.6532738281893304,0.2129792862935463
1,0.3106671287038969,0.8321549331029341
0,0.5355980127583554,0.3172241517258515
