0,0.7861341835908158,0.1505860738713145
1,0.359940038366083,0.3631448129364698
0,0.2698393646992016,0.941716571151428
1,0.8309255572256175,0.3321847312465219
1,0.9822007699501912,0.4230850180045273
1,0.9652830948800326,0.2347993927775767
0,0.6236881320585902,0.2271049408714605
1,0.0569715944488672,0.1186370353440804
1,0.2385035222879228,0.3903620770141054
1,0.7793262838861564,0.9656355907805364
1,0.9638318067996448,0.8787354434301214
0,0.7111700123726336,0.6870207573418163
0,0.45387213137853,0.9741112197840336
0,0.1680209681122607,0.1173919664456727
0,0.680466983013466,0.3777372055868372
0,0.3936026414374609,0.6671286022758857
1,0.6838493011671057,0.6145927251444621
1,0.3026384137546862,0.7114346302181608
0,0.1317341525189515,0.8049217236221164
1,0.1700229699959872,0.7841575139202855
0,0.5218937711289728,0.2494675331098754
1,0.8940029845662012,0.8681360214383027
0,0.1207803418316914,0.3546390874054245
1,0.5787875153482759,0.1114484064758009
1,0.7068058168603357,0.591820855423145
1,0.3987545734081331,0.2547271903472784
1,0.9569324615530024,0.3557465353526156
1,0.4605737639243505,0.3576462836057296
1,0.2453979115973725,0.447908863918958
1,0.2022880504178865,0.7502008630266627
1,0.187498644353614,0.7856758098517057
1,0.5716244157018536,0.4970683573572183
1,0.7601453461216428,0.4531139707857705
0,0.8673709272179326,0.1668478543378942
1,0.7788582900685787,0.5332810776453473
1,0.7487495479594428,0.0013039657791549
0,0.3544500755563309,0.6275045460757068
1,0.6920641848786278,0.0377353983158357
0,0.0070605307554681,0.7347351103860373
1,0.364491708306993,0.7199675865003675
1,0.0896771645512548,0.1089611720145699
1,0.2495996793262922,0.2729461315546145
1,0.7441851395614274,0.6300553566074009
0,0.672250574638396,0.3081924900940933
0,0.6422730605969487,0.3221984567744105
1,0.2140557602090644,0.4116361048785439
1,0.2592816401598875,0.7597805721729289
0,0.7579065042131717,0.4032328200621478
1,0.3018165772807005,0.382074028790879
1,0.51615113682647,0.0232508007323
0,0.3538037203499854,0.1276559242358508
1,0.6934704786709299,0.9388972789969804
1,0.6775083056420803,0.469272806706967
1,0.7884569636028343,0.7212964929581784
0,0.4723088937430871,0.3329855828820223
1,0.6831529806978728,0.4918069547100996
1,0.6865290039497434,0.0156703262821473
0,0.5457181725635506,0.8804928062015539
0,0.8305723161993074,0.9353706848907528
0,0.121970735676642,0.7463660417116125
0,0.01147945173301,0.7116977373051232
0,0.2613656095846256,0.0691473493540616
0,0.4450791867215202,0.0547842058713374
1,0.9209815217042692,0.8795717931078381
0,0.2234169348696427,0.1213582690774301
0,0.3609239553222707,0.5400757536164932
0,0.2741923445441544,0.4895802759654719
1,0.9393349666449148,0.6972847132406971
1,0.035890466704054,0.6416856947679096
1,0.3493598076217695,0.4204046178249988
1,0.3896849864125843,0.2788032862549404
1,0.5921979290120445,0.961514789330706
1,0.7028920852277906,0.5233316221653365
1,0.5252686713424255,0.947465016186162
0,0.7670195492825863,0.4106068362942172
0,0.1778173552333284,0.5960942718850623
0,0.3222844009889252,0.6647064094049856
0,0.4492633466842469,0.5547843724960477
0,0.4560538278658214,0.6411801691496725
1,0.3176562580838765,0.8528573404377697
0,0.3265158721293857,0.6005801066610948
1,0.6327489286195729,0.0064095705445258
1,0.0702978207989253,0.6112605264519038
0,0.1638255687791703,0.2012827825100801
0,0.9841430211802537,0.6561309532959979
1,0.8592780377197294,0.3309908616954208
0,0.1093355728915594,0.7584163363454682
1,0.2549224664449356,0.4112784248895544
1,0.7649057976602839,0.5208639647476897
1,0.8477030739572636,0.310882248569623
1,0.781973694956182,0.5518489373195934
1,0.9610047968738222,0.7737142400670877
0,0.5953118683811073,0.3064050871616276
0,0.2492457827700315,0.5479661906460982
0,0.102304346248383,0.7188990730993128
0,0.1595127717070679,0.6120509833291358
1,0.6327743435456239,0.5956518524849536
0,0.5943913125965052,0.2624098988090252
1,0.5158189669767484,0.4904779907601475
0,0.0845024600772597,0.3705365517447859
0,0.2009474861914131,0.0643440851589222
1,0.1040603543061344,0.047657654042167
1,0.6229809934004824,0.208679121820697
0,0.5651491749197749,0.3670534456982124
0,0.0745937109904022,0.7284666405547919
0,0.8782183617209832,0.0757714720957064
0,0.9300846438043668,0.4717920273314175
1,0.8907161517719675,0.2418325765129958
1,0.6134336932782649,0.9448248195263518
1,0.5795381525878377,0.4521110076326059
1,0.6259998217968185,0.1687620546555117
0,0.4793094219776929,0.407199408672404
1,0.2108617554996033,0.8273358334956779
0,0.4353279912064639,0.4877725505380508
0,0.7866046405460472,0.1878406507711382
1,0.2882864192343483,0.8968641911104855
0,0.9980666076496096,0.1828399718300105
1,0.7090894693431351,0.6034590535350356
1,0.1014424411939961,0.0488333139878239
0,0.6431219615459314,0.8914567741948155
0,0.9249492225877004,0.6514613857160252
1,0.0616644941316208,0.0053316070854747
1,0.2031346580832921,0.7408703131203345
0,0.718514481729456,0.8339584738114107
0,0.0384688702587516,0.7141238133586109
1,0.0317860544815318,0.6518240336560337
1,0.199942680852277,0.2885148056545824
0,0.7354438701087622,0.7628370163719189
1,0.4931902391985143,0.0204044094007278
0,0.9325902704867072,0.509360874847772
1,0.421980891947197,0.6945542958594322
1,0.5649031564393893,0.9834176767287166
1,0.5277341862938411,0.9124043567035444
0,0.7651703235413762,0.7681305876295738
1,0.4654515246816009,0.88149988118017
0,0.5873811089863333,0.8935945985450594
0,0.216112450881854,0.4618396110919949
0,0.4101763406339485,0.0175438230633702
0,0.5439177983142007,0.7155521417571501
0,0.9124995216454592,0.1945130812136218
1,0.1166888404901419,0.6311660316756413
0,0.546345538581882,0.3843790353041615
0,0.8442892649068621,0.4769653491793475
1,0.5340429370614185,0.6096734340637602
0,0.9478941720150628,0.023752734031559
1,0.4162178915187601,0.2342254483628054
0,0.0952964721435646,0.6840639284542468
1,0.2483414812960807,0.7180045611823965
1,0.9748965343453256,0.8903013595568281
1,0.3963626562121042,0.4449822915888997
1,0.5553102969805296,0.9351987163211076
1,0.0681952199308435,0.5852279667217616
1,0.1399643099996643,0.086949672973333
1,0.901491135019697,0.7347212984856574
1,0.5504502172303136,0.105449763241367
0,0.5747191970098329,0.3552174849707684
1,0.7080530893307234,0.4851408673498646
1,0.5550697532934227,0.0335891100307141
0,0.0738395291037473,0.2633120710072794
1,0.8402272568880047,0.2290612991226231
0,0.7517681058009326,0.3946820120151456
1,0.3321175253460889,0.8671170140969167
0,0.8175794391669611,0.9829126801775564
1,0.3623678336149211,0.7414202742348351
1,0.3122867882818952,0.7169986255410158
1,0.6681571956032256,0.6484157008672871
1,0.4827114009503873,0.009288269357692
1,0.124147760373415,0.6426546042605266
0,0.1691809490749384,0.0430397715914827
0,0.8799631594951786,0.9329318102898274
1,0.7517594842629358,0.0193818150472633
0,0.277440869309117,0.48192835947789
0,0.113563167919517,0.3781732363729605
1,0.4841560552097715,0.4684059026934308
1,0.3428538005597329,0.3377929693718342
1,0.5275488206617044,0.4721570929104641
1,0.491352057280942,0.995138320132011
0,0.3365197427064273,0.1717430950212347
1,0.4811187121092086,0.1527042402261924
1,0.5541055403071241,0.516937340667038
0,0.0918146063118202,0.3712720672324042
1,0.1414630668123746,0.5572858780105177
1,0.0234787860810932,0.082088207481948
0,0.0645568142338542,0.2963450450030396
0,0.6213678651482842,0.4023795493934635
0,0.2037579407411816,0.1068603649851818
0,0.7643216849689436,0.6912633142853841
1,0.3843477274935215,0.3079096123159267
1,0.0966471248153701,0.5373604798949827
1,0.4212203929788758,0.2291847182448899
1,0.2383990954714191,0.2909004594183964
0,0.8217941947780713,0.5925563942275387
0,0.1065826110498237,0.7547933637774439
0,0.7029924066238576,0.266774309573537
0,0.3144649323352444,0.1842688250855828
1,0.6717387412508085,0.6547154851025688
1,0.6646814343678572,0.4555228597123131
1,0.7182279794086951,0.070530470974008
1,0.9855751960691284,0.7715333980247628
1,0.0042644853925531,0.5982800043832298
0,0.8525474096504972,0.0177234380473509
1,0.0708822946450714,0.5241524997110978
1,0.0920154566065624,0.0572325069970516
1,0.5116223230404994,0.6388746802083081
0,0.1157579128035836,0.7956174842482912
1,0.0177830292183108,0.0897572444996696
0,0.8658297434434139,0.626453161150674
1,0.7445813081041239,0.1458644967888817
1,0.8872492938982127,0.3506041497114774
0,0.664296138886046,0.7644746354820133
1,0.9575424333306524,0.381737617132331
0,0.8671811564272085,0.4696372199439543
1,0.4926488803545794,0.0843051738052483
0,0.7358219155873427,0.743678572116994
0,0.6079905161990246,0.3706406081361882
1,0.5226405315245218,0.5483272289141724
0,0.2489660781172102,0.016152423663805
0,0.8156987124302804,0.4925050087035317
0,0.9509224832304626,0.6034258695216069
0,0.4071277265239345,0.9022706775193896
0,0.4597426476348238,0.4795541914703584
0,0.5858288065836336,0.8052153634916438
0,0.3671596800218715,0.6583146656872423
0,0.1613164388334018,0.1131053448418658
0,0.4617605896747768,0.4788813836687035
0,0.3903746124224356,0.5031722085220465
0,0.3117626790425514,0.0689643396818889
1,0.4400437286503722,0.2349437392959863
1,0.8769244944286168,0.2771837565295906
1,0.5604741841808404,0.6528487733069759
0,0.7632571945058548,0.3976892553195604
0,0.8083105491194532,0.2112778337168043
1,0.0178909107342908,0.1314534156078313
1,0.3205563631098108,0.8973811577297891
1,0.7791060567804132,0.9067948899933198
0,0.0278609668028643,0.4428217622787436
0,0.1961405833705095,0.0880928686683227
0,0.9866769669947352,0.0207899267739902
0,0.0528438297710336,0.8316537809243272
0,0.7440391382417532,0.4448486121243029
1,0.6797205947276792,0.0381741698576522
1,0.9957216466256535,0.2611049394919236
1,0.3987623940382983,0.2913662504915192
0,0.5779317692799196,0.3913973929736009
0,0.2229767884854766,0.639267602705206
1,0.8723774861134853,0.4064170295876212
0,0.6907433387562315,0.7593313549938957
1,0.2529220525385797,0.4349989532471802
0,0.5445662001533452,0.3683134662326012
1,0.6790404587992267,0.6368139074619183
1,0.1281461204682564,0.1792836654735498
1,0.7636136474647388,0.0233739871454264
1,0.9131361690959616,0.7166055088666747
1,0.5537677083923213,0.6370180876239204
1,0.0713014734771265,0.1423591600813804
0,0.6504116853245147,0.8594307215253639
1,0.0381086190248812,0.051903285758711
1,0.91451987119873,0.6971375562488845
0,0.8224142337888058,0.1231386686267902
1,0.0367546935852736,0.6434602070467876
0,0.2241889098432702,0.4809809014386089
0,0.881863033962796,0.0080399612228482
0,0.412706889232839,0.634589859774768
0,0.4381611821391421,0.1124796961328187
0,0.347217733439532,0.4837430830597031
1,0.7936831228179142,0.2652258547905821
0,0.4208068848879424,0.5262136615032369
0,0.1906805231522802,0.4585205416837004
0,0.4915647954148399,0.2774391968054287
0,0.8792717213817992,0.0308848160179987
1,0.2412160312940225,0.343262524569183
0,0.2119833745108034,0.5878235103728812
0,0.0264755622411408,0.3780778404937592
1,0.317329099730561,0.8915621973089756
1,0.1217594339552913,0.0693301131110661
1,0.9685361805964916,0.8893369072743258
1,0.8986295490447637,0.4128551690112507
1,0.3827115803457972,0.7648841134373237
1,0.2744396416848771,0.743957501244482
0,0.571878833955837,0.3817813277358434
1,0.1845038209873781,0.4367887063572246
1,0.4582929831601112,0.7941480618531367
0,0.0521980811726779,0.3112438879640933
1,0.5156657028474385,0.0635667124955354
0,0.1928102185743156,0.2054596891044133
0,0.651493644158256,0.8451034377133195
1,0.9529166197396228,0.8741656026151589
0,0.947016699712256,0.6199943649378559
1,0.7687370148047374,0.0193393112126583
1,0.6276067981410065,0.0004369980581087
1,0.4043156414914639,0.3078521047994053
1,0.796688279773065,0.3994769093297396
1,0.2696140418930822,0.41929989126076
0,0.2035553019295304,0.1081239687820212
0,0.3897368045678637,0.4777355209693605
0,0.7930657980050498,0.9501282077323032
1,0.7925019620029523,0.6956056943841025
0,0.2050806447053595,0.905840748139134
1,0.6112963531374961,0.4744000946148596
1,0.2262469768179796,0.690844318562736
0,0.4859399575225025,0.3300401615044823
0,0.3429007388573142,0.12828409677446
0,0.4484145523030188,0.9462725291677542
1,0.2471692764817101,0.7572199989719316
1,0.3048498019170964,0.8249395769007296
1,0.1250174896979226,0.6494825063256885
0,0.930331251632512,0.5226740390452224
0,0.3322313843074239,0.059326607605737
0,0.7843235334363613,0.3952437368232346
1,0.8962628466449687,0.7332305901037234
0,0.6841416291109275,0.3238687764641684
0,0.5031299684998652,0.8251442507750998
0,0.9775393971218131,0.6065446983193203
0,0.1763391689938227,0.2019378534529302
1,0.000893767281223,0.9140095319718776
1,0.3351171567044542,0.2312006361470855
1,0.9994496128085956,0.2632550027782055
1,0.8083305327851498,0.2290620275271605
0,0.545230128518156,0.6815565594911094
0,0.9844417329119584,0.0084050771776862
0,0.9300053092889112,0.6328937707427271
1,0.8588359305807138,0.768550037391708
1,0.960551464051365,0.7861308960637984
1,0.6073481282116243,0.1148156701541924
0,0.4445583398782651,0.0184700940309512
1,0.7243705014611503,0.5720602882785442
0,0.718367216335348,0.3722749472332751
1,0.2774948807735745,0.6905960705080709
0,0.6409688486933854,0.3455202436769172
0,0.782368296431057,0.8584879688415255
0,0.4221348324252387,0.5315103763919451
0,0.1781827910957296,0.6570708978143138
1,0.3793440385654156,0.8120762781881263
1,0.9618830400110951,0.7087676183527671
1,0.1240837544628694,0.2094017141808893
1,0.3788457649719973,0.8865704366570432
0,0.936599718029974,0.6363833058965638
0,0.416779646331453,0.4892352197340868
1,0.7395185989036486,0.5828271631495445
1,0.0729051722088257,0.5181818456177162
1,0.5749873863348656,0.2166057542116366
0,0.9568930019243144,0.6590799794757634
0,0.3830724856431676,0.5147073594195086
0,0.6120364417670797,0.8346592309737587
1,0.6379748388004741,0.1841440272613639
0,0.2155179115093051,0.9022758176155132
0,0.5802971795244388,0.7379543749846805
1,0.8643877416294702,0.2467776946143507
0,0.976859948419536,0.5813042122271692
1,0.2915926860132651,0.3949609675018465
1,0.6493990252415398,0.5742239091617767
1,0.4557813731001532,0.2532261887820698
0,0.3470967668659915,0.5962392024342246
0,0.007476658512695,0.8307208492678608
1,0.6196172059910641,0.1392064059688684
0,0.5111586224227307,0.7938720184106216
0,0.4758619112926694,0.7402119433433438
1,0.1020274985208709,0.5340633461080069
0,0.1566856298537444,0.8209786224458128
0,0.9173258714775568,0.1960582192829465
1,0.0058410203508673,0.9931798243030732
0,0.8405269569438307,0.487951673682018
0,0.4296460886492435,0.1694629396200146
0,0.8673061837312338,0.1206126120630655
0,0.8651646989568538,0.5124548939513058
0,0.4793010236508235,0.8160364499227651
0,0.2107649702091917,0.161977019227493
0,0.0729061850040975,0.4083371690148113
0,0.7316615342702487,0.7420183667671447
1,0.6447493404453831,0.9466645353834088
0,0.7278248192483515,0.3456285635318715
0,0.6795609673168224,0.8084241670106747
1,0.4203330059167455,0.3232070828173115
1,0.3619659358540353,0.6979137939560178
0,0.7709833177269584,0.7873279360232598
1,0.2161377799759932,0.8170001102716513
0,0.6342113406115888,0.7498718986618987
1,0.900856915701676,0.7878290140983409
1,0.0164686468683081,0.1446832374269518
1,0.4218869354075082,0.4339694273927543
1,0.6435816315193453,0.9225005252880906
0,0.0844066394737728,0.3581530211432191
1,0.2773473237871293,0.7393708614946843
1,0.7756592255825755,0.1954675568631932
1,0.2724853329928192,0.3868333659124275
0,0.7760217495137127,0.8681101788625851
0,0.8153938771275623,0.997926025385949
0,0.5014273128841584,0.2383951236037896
1,0.9725902647715322,0.3384807103667621
0,0.9523430633919644,0.081349527349525
1,0.831395983374755,0.4086995753034323
0,0.7721003551198254,0.4104996948568764
1,0.1067106171701673,0.1430466940761461
0,0.6163954373787467,0.8007014447762426
1,0.0220186141902015,0.4680119030092936
1,0.5361141979794323,0.5677657754210992
1,0.575684212140638,0.507515757485828
0,0.9010084941688584,0.2122392153290566
0,0.5451626952073052,0.372536624018093
0,0.0327295400596623,0.3880465665599106
1,0.1838034467353458,0.3625844188844155
0,0.8921980991671504,0.5826873756436136
1,0.0135592181622464,0.1841919659041513
0,0.1540746404972758,0.6880542882282489
1,0.2728354896155028,0.8202877999517324
0,0.7633330425070034,0.3650487597427312
0,0.378281105971351,0.9333724318392436
0,0.8585874162329353,0.9064583381515788
1,0.0160152573974091,0.2223193391426003
1,0.4529979796116018,0.7944844934466351
1,0.0477862727054355,0.6314193757118027
0,0.8317250902817575,0.6142991682147668
0,0.6677861651657675,0.238848899629897
0,0.4293566142979542,0.2038686871180817
1,0.0122870432493226,0.9348649554454592
0,0.041057077234302,0.3569213416590995
1,0.8060648692478692,0.2755928962661995
0,0.5455301437411277,0.7391664986154809
0,0.0937502898294678,0.8241194847877243
0,0.23354309943089,0.6665397505233082
1,0.1070332569150832,0.537976478094643
1,0.5282642909451557,0.6528822476138431
0,0.6252655854668376,0.2395984823177323
1,0.6346160216036419,0.6343871260887662
0,0.9309231307050668,0.0014489189430012
0,0.9729818240083694,0.918032430081491
1,0.3906889296527361,0.3521324518313216
0,0.774516371792827,0.849864249697992
0,0.8286090395224146,0.5278275891663261
0,0.9490525993044406,0.629003823283681
1,0.7948011515268775,0.804127221323634
0,0.9089898299940712,0.6701453199136798
0,0.3988125415587,0.1568938824383234
0,0.6940822879219438,0.7655707843875289
1,0.533796525129551,0.0386378120952265
1,0.8963958509889789,0.3969966118750643
0,0.0952696846516895,0.3700297091941389
0,0.9449204033186342,0.4680419559898258
1,0.5290756910484401,0.0949352214687704
0,0.5327571962283956,0.8885055339507868
0,0.0242446101967254,0.3010132062603706
0,0.0049533416307602,0.7165293047077115
0,0.1487050738353212,0.7504468607072489
1,0.778420597285155,0.0102793508540611
1,0.712319381055854,0.1901396712752323
0,0.305091568695005,0.6382635024506478
1,0.8095562186748813,0.4096869040040549
0,0.4084828007538539,0.1673235991017945
0,0.2455879932357184,0.4601030945782773
0,0.8531026063621756,0.5120792976317557
0,0.6321755597606884,0.6892778232521629
1,0.6318253810783905,0.9615305506555936
1,0.6511032001655468,0.5876089867711491
1,0.5917462565268984,0.2068126903921064
1,0.5817390129388305,0.9028268908702184
0,0.3951329709938169,0.5708842069073623
0,0.2701266586548306,0.180089102829045
0,0.4829265002894275,0.7379929574758554
1,0.4439768062891004,0.8777202749770122
1,0.1633444445258157,0.4191670686158993
1,0.8674986163835533,0.8450556914547517
1,0.1261035853745091,0.9891663961329408
1,0.9512486448430986,0.886526190338331
0,0.9996551052762124,0.6401630795065388
1,0.7154436935394409,0.4893282264655266
0,0.9144051163393916,0.0492561698712803
1,0.4294423037404372,0.3455517190685393
0,0.3486107403511225,0.4860493583765484
0,0.6245251485373131,0.7964374077584027
0,0.1364403130615733,0.6915849220084906
1,0.279406757906788,0.7042744291291425
0,0.758256457245375,0.3976280257090648
1,0.3754713144781683,0.819063683521794
1,0.8570051753712459,0.767045210112345
0,0.2578534414144331,0.0984136548420607
1,0.1659972773652973,0.3282372904541473
1,0.776402616001213,0.6423266195819941
1,0.4655393471306546,0.3639292618369265
1,0.7620736726733862,0.4804496135890317
1,0.2029899329647595,0.4172879860991605
1,0.6819511541337258,0.145819151647267
0,0.5191993888336148,0.3158615630396522
1,0.6073711900420782,0.0138572598356214
1,0.979491531295282,0.2996229370271819
0,0.3226952954164589,0.9055712951596148
1,0.7757969870479285,0.1300540514616316
0,0.3448496283599663,0.9126809087304552
0,0.9333134494152416,0.5619001500935924
0,0.1256396604330424,0.3928656722676465
1,0.0106127485558822,0.0886105003992699
1,0.390118195668247,0.7680353984186823
1,0.0100104058369191,0.6556494447204904
1,0.4905168060067312,0.0109281559141857
1,0.9881801909066836,0.7558618054683729
0,0.6657571275311837,0.6995603704942819
0,0.1957778069071526,0.4707000793269624
1,0.6806169414416557,0.9101526490797
1,0.1141567980701121,0.0990790248411462
0,0.8448036539115598,0.6168439505908455
1,0.1679057681488777,0.7973755675114023
0,0.5986150460454139,0.3136466986553518
0,0.5104245122800763,0.7625975209844778
0,0.7706986182052512,0.305620652958903
1,0.8498357252055708,0.8425655655924172
1,0.6921685451784398,0.9365242144653522
1,0.9939686473811068,0.8108631652332103
1,0.5826354761528161,0.0264159397696766
1,0.8967448684724335,0.8344237272269126
0,0.3857063130883733,0.0611475207915823
0,0.6686711426629302,0.7758363308506645
0,0.9197631237823842,0.6185901023084484
0,0.2988606163026874,0.1607794574378548
0,0.7880481038914805,0.8992431531226438
0,0.2852806130867247,0.6721158007252854
1,0.5300222315800732,0.0112305909938535
1,0.926859003591921,0.3998071411442059
1,0.6842560865498611,0.6269188642863022
0,0.1431420137700944,0.3929940993680506
0,0.8199454028878215,0.4913216238310051
0,0.931291788315139,0.5564322052609959
1,0.9706865787828453,0.2304504578323624
0,0.2005749016594608,0.6540275377563036
1,0.6367598901476609,0.1551029305792394
1,0.7229053852179966,0.5160151310791709
0,0.2614719027616825,0.1086300734553533
1,0.1969282167723893,0.7962078431247052
0,0.7016299213197954,0.25090622193454
0,0.2838422657768671,0.4996064901773903
1,0.2245450519791761,0.242421372344292
0,0.6384465193558749,0.7335051151730898
1,0.0303018609746622,0.4824070808289515
1,0.7389341163946406,0.5589224197943624
0,0.72001884175723,0.3702587714801389
0,0.916240032559274,0.2146771661136456
0,0.611866000956905,0.3017257584555637
1,0.6382726846674639,0.8985037619970275
1,0.7186511607461262,0.0836364369005061
0,0.7365920457929864,0.6799823460746138
1,0.7251425910309826,0.0715528283156037
0,0.1752562387087419,0.5441833395669753
0,0.2567820773700838,0.9140580765323368
1,0.2466515549701359,0.40119369669764
0,0.0569828614712123,0.4470617284403241
0,0.9370993024468304,0.5698397950051521
0,0.3681809874898172,0.5640437275899364
1,0.025057186535931,0.4662184101444372
1,0.748042505033682,0.9468309933509608
1,0.1039579921747906,0.4881530998493381
0,0.561658196556222,0.2425452084466307
1,0.0585758804116609,0.9772901947770908
0,0.5526156613064679,0.4032322265308153
0,0.4237504138643216,0.607781023087067
1,0.0712855682257616,0.9128667151705596
1,0.0312780075313989,0.1721898087116004
1,0.3503005816656287,0.7888295856378494
1,0.9943437614394544,0.7880096215878114
0,0.0108474168970184,0.3815528103979325
1,0.5779248931609621,0.0438805647201123
0,0.7095782372225091,0.6858152268309925
1,0.1457567616717409,0.9565656090977112
0,0.4121555237329407,0.6364991726096204
1,0.0415295350750052,0.976747698099596
0,0.7965791517165809,0.9037733912274049
1,0.7257767571787104,0.4567283993658343
0,0.9979267060380618,0.4811327678677953
1,0.358586132572727,0.6732297572133846
0,0.5789854354949343,0.2632567235193941
0,0.7896188418282503,0.0244213882074277
1,0.729694911468584,0.4578148667631962
1,0.6167733487501236,0.5883920366650939
0,0.8941531460379422,0.2063514623481213
1,0.2075240882977099,0.8088345322107485
1,0.1377463315881905,0.563936471559036
0,0.9287113928360832,0.6375656125248758
0,0.8881769903086001,0.4597868492615918
0,0.8277099675367683,0.9384890305318924
1,0.8971946326127376,0.3920703856878552
0,0.1374045795921367,0.7868006747149784
0,0.8604477496874818,0.1120352480959975
1,0.5097580939695937,0.1919389053059207
0,0.7448983273061451,0.296137042828119
1,0.3220974339532068,0.8031864984391888
0,0.514421262731393,0.2595655097730013
0,0.7866184144767451,0.1165798485438548
1,0.7581243185685741,0.9737138282572844
1,0.9067507921064312,0.7087890704301498
1,0.3022445066003515,0.3474193594837472
0,0.3813488029716474,0.070732817170122
0,0.3711371587474373,0.5013638694085322
0,0.45172620879274,0.6392653680897737
0,0.9378112743050748,0.5680786541979845
0,0.5451740280754008,0.7784602288795474
0,0.488821794253884,0.7573381590023114
1,0.0185951562003444,0.5984720735419521
1,0.695761447108855,0.0354691047213723
0,0.6772619992734169,0.4147341354573614
1,0.1690745651177418,0.80732315921994
1,0.6580476580082621,0.0167412648059546
0,0.977654438254432,0.9275131260842204
1,0.7140958473707224,0.0124570641578071
1,0.7577239508183017,0.9301662318517802
0,0.99607961699243,0.528566359752018
0,0.2368791749271193,0.1542040452169131
0,0.2482513909154038,0.5372335365209182
1,0.5811454483414192,0.5521492913476937
0,0.5911558511785102,0.283393419148681
1,0.4481067127293254,0.264287466863463
0,0.610486607942642,0.2427545780077094
0,0.2617276524549524,0.1250747195131151
1,0.3997459908929703,0.3340935859610724
1,0.6923029003880352,0.667592566669232
0,0.5688176989713617,0.7002022033446816
0,0.172412481260601,0.1401685113424234
1,0.6281560198414194,0.0347633186403257
0,0.0160686779064178,0.7363890502018781
1,0.5248464652658927,0.5501777277112693
1,0.7376034835932394,0.0020701092723128
0,0.0626154340931359,0.7013085718784471
1,0.490475326333565,0.4711464884469605
0,0.5300171205222193,0.2934070465263647
0,0.1496973585301799,0.3262284208426261
0,0.3422939364230285,0.5264203120773174
0,0.4210299136719363,0.0930938702800016
0,0.6391147759108124,0.8009509345377892
1,0.7599806839744778,0.6121276424530113
0,0.4497426940402952,0.2027492131714291
0,0.2759863725034609,0.5140119703963344
0,0.3307730056918747,0.0571293593179171
1,0.2240932555446311,0.3042028423957559
0,0.4385175606344736,0.0558337554523874
1,0.4789074439777175,0.9462715880767067
1,0.6207750109624847,0.1099429411230553
1,0.5527225801015061,0.4880249955423318
1,0.0399971081844081,0.5518506006481401
0,0.4920798473871618,0.8792473971684083
0,0.8489531901681244,0.0286059940154521
1,0.3239826583909722,0.7218177961916662
1,0.3437958366298342,0.741910035705028
1,0.8215836445943304,0.3025902501554827
0,0.9806323654281288,0.0782793654294732
0,0.9948085392165776,0.9322941460189792
1,0.0917092829730643,0.6084203740025278
1,0.1056068916386218,0.0197109602341645
0,0.4846913315068044,0.3969105735130092
0,0.9858229786742946,0.0767600255302261
1,0.6541662124746815,0.5505576282305844
0,0.3040098345645837,0.1403168052940739
1,0.3791125293937898,0.294376656991808
1,0.1836758196252302,0.2587159923320679
0,0.5935580827600826,0.3021222464903477
0,0.4096127925030228,0.0880064186067857
1,0.6998668754794632,0.9365994683578768
1,0.828128763519162,0.7772449125276495
0,0.9691561074287416,0.0613278574707064
0,0.6417237770557699,0.7683980106227024
1,0.0746368824271048,0.6400541258481975
0,0.2278728799943563,0.0355545496377724
0,0.6227636546542712,0.4345904480484723
1,0.3757967936554028,0.2303934466025352
1,0.3440772598214003,0.6912104346038153
0,0.3844324125184484,0.2101190343382845
1,0.360863364148894,0.8754924357986167
1,0.390780332585016,0.8797908065646362
0,0.2049577628440466,0.9605587928325308
0,0.713189651872263,0.3459565209033668
1,0.8907633014108918,0.8870643861033427
1,0.1312419747362221,0.9063016278738668
1,0.5413936159817918,0.4862268686244552
0,0.6714606620202495,0.2378603352316383
0,0.9052839841424448,0.0755083300116523
1,0.6854430899081663,0.2062414101448401
1,0.4272492051053117,0.8340881968753855
0,0.2467832841744838,0.6386124277396122
0,0.195232427660841,0.0506335559504362
0,0.5994749421210702,0.7326570152167229
0,0.5017682747796757,0.8222058306476551
1,0.4074567567422131,0.8351404043976123
0,0.6678448311685589,0.3594069565075484
1,0.0690401749113724,0.1075231813642713
0,0.12032758496846,0.8504561296005058
1,0.7015169542649592,0.6029583838357483
1,0.0311396825735837,0.1387754244046136
0,0.8874956299129355,0.1402972908047732
0,0.6176711197925001,0.7837071727579574
0,0.8678379340023755,0.023135671497104
1,0.5036596958286566,0.1868303039613996
1,0.4810373262506366,0.0990451572795334
0,0.1627525223856855,0.0560611384987457
0,0.1034419710529482,0.7567214496242813
0,0.171774039953592,0.4610540214335624
1,0.6711841720142822,0.59788001206332
0,0.435493619693887,0.5487537709348118
1,0.6890413394455265,0.9534104040800664
0,0.5240360223706261,0.6840590974274923
1,0.6872637453549137,0.9853663646786618
0,0.7741887951368684,0.2424283661779003
0,0.4546168537623783,0.6382945594437872
1,0.4619743809057266,0.757184123459591
0,0.8066271185512872,0.5712087270922255
0,0.1717649435062344,0.2045534648698524
0,0.7865363607968697,0.0313213945187139
1,0.9377706937455124,0.7412891498794603
1,0.5447900386143001,0.5956554657078058
1,0.5658569508241426,0.1252714504675411
0,0.2558488187930987,0.2071876034094145
0,0.8567701596357186,0.4661503647384694
0,0.9787157304428316,0.1997988890813439
0,0.2603729684258113,0.0721029800886399
0,0.8302211748716695,0.5984891058058454
0,0.6275252033561602,0.7486368649314491
0,0.6941199022522166,0.3911412827045626
0,0.1818109859356643,0.9846782916055844
0,0.2493660022061639,0.6719497297748747
0,0.4781385776569172,0.4378957202653608
0,0.236030482210015,0.5296135150167075
1,0.368144295058721,0.6827295432538928
0,0.0557094917929723,0.2896556443536712
0,0.5503284299409112,0.3305020894429277
1,0.3899728463164087,0.2399752010759576
0,0.0719233510110236,0.7674949740211278
0,0.527645765706528,0.415017173771933
1,0.4548704382861968,0.7947885065703801
1,0.985362317546318,0.3691937571299546
0,0.6111251155803191,0.27299779976092
1,0.2140678643509872,0.6859716254341965
0,0.5702412357713218,0.2668789544602843
1,0.8816789595478006,0.3714946264071466
0,0.386172849611312,0.4839633654431593
0,0.8502490312185457,0.0101703326338309
1,0.9607490395210057,0.4105676591747582
1,0.9440771883988496,0.2542814631730768
1,0.0697784566396265,0.0449555764282474
1,0.2502287080795319,0.2372375096344431
0,0.3816931552193935,0.94108476740609
0,0.4685927281575723,0.5146096659713256
0,0.5750105187218194,0.6974946970984339
1,0.1301964754108991,0.631863687085243
1,0.7525648848443789,0.0252971817743051
1,0.2652833205459892,0.8887797064731344
1,0.7599335681308801,0.6359462192909977
1,0.5295431197300863,0.5007650483586982
0,0.4266511534616908,0.1412272633425818
1,0.295100562116928,0.3816392672640414
1,0.396192820899536,0.3037888902437106
1,0.7080859526646596,0.2235251614839465
0,0.6254474280702441,0.4247649538653435
0,0.5425354550196093,0.2422233582428826
1,0.8498592785772514,0.738146401988454
0,0.2359905344669913,0.4957697397568434
1,0.8592982833385374,0.2512842126108973
0,0.4608422836490669,0.208304715742374
1,0.8385544576210467,0.3410875392137571
1,0.408666240284529,0.836701842907397
0,0.4772496081629056,0.4286018420712342
1,0.178294716185371,0.2398709363292015
1,0.2285720087294809,0.6901288040931937
1,0.9643217312843748,0.37284310556909
1,0.7470174835293987,0.092392185209353
0,0.9496678744507568,0.5394395117505323
1,0.8521798528668926,0.3654654535704861
0,0.7601165630083954,0.8108154207747715
0,0.4059674544007788,0.47937591883606
0,0.0994191963569565,0.3950352673561657
0,0.7527485197631976,0.6734690530539781
1,0.1412238081172101,0.6106120157368453
1,0.536430896089571,0.4744097830295826
0,0.4100199107960925,0.49915204805083
0,0.8679206421398279,0.5466934309910907
1,0.2870530304209866,0.4172809143569022
0,0.0428998861278195,0.3953931132718029
1,0.5445845991749221,0.2101350209861933
1,0.6057375219707649,0.1832451270051922
1,0.5612920619478693,0.5887414595869392
1,0.7236213122066428,0.495677566077916
1,0.3348736397783454,0.3563478470826851
1,0.698095436010685,0.6414452883089491
1,0.5132218791579429,0.5001179480904673
0,0.1234932632552512,0.4439747597609207
1,0.6393615420645554,0.6113152927378027
1,0.8940438682683717,0.8506290774319759
1,0.6908221490022076,0.6660422530901409
1,0.0953465870044482,0.1932316356528125
0,0.6736499888959739,0.362199248071782
0,0.8445949267339354,0.9404068605074464
0,0.919418511634764,0.151203483164778
1,0.6864296159820114,0.4985361090100734
0,0.4032937882720095,0.0383706081334804
1,0.8079361586377094,0.8365506468873972
0,0.5034332864985559,0.8184136096001222
0,0.303893326684121,0.6021341683542472
0,0.2295093310809267,0.5931846299189923
0,0.5153426117248471,0.7025298315955791
0,0.9910027024011652,0.5348698837945691
0,0.3346194754029283,0.0042819103032835
1,0.5970840259761586,0.122046567700819
0,0.7549881920776698,0.2527555178666084
0,0.0952360701666353,0.7168475484663388
1,0.7322782786785215,0.6724088989837157
0,0.6120125985565456,0.857490480132816
1,0.7673044117988732,0.6076676259829594
0,0.9235499794281222,0.595835085127721
1,0.5001103407068791,0.4539071717776053
1,0.8542065902375697,0.2583077798101064
0,0.912815070891109,0.970811735383062
0,0.0862433574739585,0.7843691058340081
0,0.3709315415521369,0.9298938133450534
1,0.5961142188017733,0.6574663079724883
1,0.6109171543310806,0.504789900048229
0,0.5565194365226,0.3502854291944404
0,0.9490464419716074,0.626574202638562
1,0.1766993516599855,0.2930042166076051
0,0.7152772891294452,0.7735006617321393
1,0.6897457488664354,0.5350411959745868
1,0.3092184341089956,0.3713634925757985
0,0.4688209362746305,0.0042829359558903
0,0.4909484321201693,0.2485629406668031
0,0.6758340494235057,0.7675885516549286
1,0.5901308550063348,0.9326839132681912
1,0.8257639416074845,0.2722380337351108
0,0.1438342792102938,0.4226884226687541
0,0.2155345038948407,0.4826587304475943
1,0.0591585846754709,0.5647276971848119
1,0.8980581137438637,0.8612690462257546
0,0.2377891446593761,0.1878219325351993
1,0.9991158509803584,0.8623215944164286
0,0.0568350096657414,0.6994395473167911
0,0.9855218962815308,0.5806934885072587
0,0.6364511693319603,0.3103325029579014
1,0.7696177778636711,0.969428354417738
1,0.7779696494261993,0.4908753035552496
0,0.912585788899609,0.5914504398536498
1,0.9331811564442783,0.8485311058120931
1,0.1180293972896192,0.9079182773171774
0,0.8263144918116903,0.9247852086735662
1,0.8222545951957052,0.3548337249868557
1,0.6358166511236593,0.0037480705840431
0,0.4494846081309774,0.5647441843368772
0,0.7023789240358079,0.7030388685750891
1,0.6024785670055339,0.5745988829904111
1,0.367605333349572,0.7585221272510536
0,0.1894154810000621,0.6008873214279539
1,0.8212941238638504,0.3914209773582513
0,0.22097160059525,0.6667714401845306
1,0.242547794649609,0.299471251732749
0,0.2634788431530026,0.960583679339412
0,0.810364590723212,0.0956519016435769
1,0.2109628662101391,0.2958048001560208
1,0.0509044754028025,0.0458538024056
1,0.3225988101818323,0.3902324194350385
0,0.4140649711864562,0.451705333531694
0,0.3036492665012615,0.2024537259591974
1,0.7477221228379781,0.1038704926557879
0,0.8086987265448075,0.0164004832691229
0,0.0692842591428973,0.7143504908718789
1,0.4823708948151057,0.2131450204534519
0,0.5482345931730553,0.4340845168563734
1,0.5252104413380128,0.922841008607574
1,0.683997772827143,0.9577704904809567
0,0.4297808058589566,0.210808919607378
1,0.5446038488608578,0.5607363404382707
1,0.6232981395385392,0.092421076515803
1,0.157252991546734,0.3818040666690807
0,0.3503969799318051,0.1837040282893278
0,0.2912109652276354,0.1241712927805384
1,0.8225096253753248,0.8656910393650369
0,0.8654916300932115,0.5234635990610482
1,0.7910262467117886,0.3045277631921546
0,0.0011737032519811,0.8595527500739856
1,0.0913727253866226,0.5595876359744241
0,0.6924802943191094,0.8685517612857815
0,0.8129003435536286,0.1296865761783484
1,0.1277434587121954,0.6000320686678361
0,0.7334710474240315,0.4263025290594976
0,0.731926191475956,0.7892281960053723
0,0.5013685975957358,0.7089065187808765
0,0.3754271415980085,0.4613050360918532
0,0.5121702042041383,0.3004989656370317
1,0.026049770330673,0.5599344245691819
1,0.460199315122456,0.3079330298315799
0,0.0195985858526602,0.2777519568257214
0,0.6339282001677307,0.8632417598562948
0,0.9479518496306084,0.9756222890832356
1,0.1496958677415103,0.9068123592768034
1,0.1109745737296941,0.631384630649687
0,0.2243918917903079,0.5597854053805884
1,0.9546587703163032,0.2896859245991576
1,0.2027438167514296,0.2711853255076821
1,0.580286746204945,0.6151139200600394
1,0.567211411985117,0.6165100338317568
1,0.2261365883159884,0.3130555200111288
1,0.9831839291932216,0.6849108478163476
0,0.7990204095376293,0.9646701189435088
1,0.107790419083704,0.9691809532496296
1,0.3043714508576604,0.2621580163421744
0,0.6469194177128119,0.3522548048920122
0,0.551880322560229,0.7362601871922572
1,0.9785916296814192,0.8158446588586982
1,0.9479883799099148,0.7196769576893312
1,0.2138077436298527,0.3255918549546418
0,0.3457679224074927,0.59587948986262
0,0.3582531700293362,0.1888203313318268
1,0.5987205957931651,0.4821231148065313
1,0.9226139852588924,0.8574287847498517
0,0.8116820404027847,0.5946074258682097
1,0.9230469038614212,0.6774985396935488
1,0.7197379632250478,0.5198936493734005
1,0.7901463000035025,0.7063504815056267
0,0.7865904859767358,0.5382871656213399
1,0.4954891017116892,0.1778624459553568
1,0.3933838941141772,0.2937564682476079
1,0.1346588912888403,0.6496694777686153
1,0.3127721757369212,0.8217740985586391
1,0.1112863865712971,0.5639506886734181
1,0.816102898262574,0.8400315774028313
0,0.8764961157636848,0.2138037358361451
0,0.2011309369287717,0.9156176696640178
1,0.2017450877056439,0.3938865394196468
0,0.5356836111259698,0.7550185169045527
1,0.7256760261699579,0.0345525344242378
0,0.4984763368274904,0.8725327367088501
0,0.1737620932062862,0.2101707897242543
1,0.8058339229835222,0.2548425899673786
0,0.0598696840657606,0.3339398307839553
1,0.1714487128272012,0.3614453412530751
0,0.0283206910650071,0.2628924707833494
0,0.8756444844957666,0.1036124602164557
0,0.2969269470583604,0.0568758058294287
1,0.2658297661950336,0.368462493584072
1,0.3004653887678487,0.8938757594985498
0,0.7055941724656313,0.8481150882903984
1,0.906749308936808,0.3594467516825411
1,0.071541989921941,0.5667105813176633
0,0.2073026704180059,0.1335585546020404
0,0.4706400883721306,0.1662205408832296
0,0.6646096341516752,0.8337130833428446
1,0.1226128815969016,0.2159047274506459
0,0.3588641255181793,0.5337500983890211
1,0.6132263518305017,0.9332474385230592
1,0.5158922453951887,0.4558154390003293
1,0.7717017624091618,0.5645024289052989
0,0.515245083839094,0.7321628856687689
0,0.1717259439484189,0.2167157365751386
0,0.5733002434519622,0.358710972898323
0,0.5667683314871053,0.6829525909415862
1,0.0338858474244062,0.9693859456193914
1,0.5675752221575945,0.6351277264497055
0,0.4045017495790975,0.5442526346522084
1,0.3489560110564406,0.4422727695356129
0,0.8634310873144776,0.1479624880957909
0,0.6228048084743025,0.8772019144144061
0,0.8187850073036399,0.9791411251920438
0,0.8564508089540938,0.498165330163889
0,0.793214030748051,0.4610323535192067
0,0.169913842486574,0.6488947741301939
1,0.2125024403378466,0.395280696929275
1,0.3200048445691574,0.8482789075793428
1,0.8680948423437547,0.2251899818697479
1,0.007655247570763,0.5282756589723779
0,0.5912314875541984,0.3289911588014756
0,0.3761057803577835,0.4661325505145034
0,0.1873894353754484,0.082764654425448
0,0.9222313274489866,0.1590119079915781
1,0.0536568354534776,0.462577474250413
1,0.1316878568003541,0.6525423394089693
0,0.4078085408432156,0.110662571268277
0,0.5045848133534933,0.3724529840665396
0,0.2983849401281457,0.0844350838494619
0,0.886345131114614,0.1807788302647642
0,0.16268363114083,0.1296334271606252
1,0.5146764719580635,0.6027933146344088
0,0.9894347180108496,0.57725075186121
0,0.9168886653187296,0.9184137944131484
1,0.5812296378485327,0.6537596995072508
0,0.7927803099696149,0.1623053770664563
1,0.9738408914145018,0.3253169122435263
1,0.6653944304908086,0.9688918969848104
1,0.4593483582765258,0.7191532171580839
0,0.059343250564089,0.3914078761394999
1,0.3448727335196425,0.3370142834441568
1,0.2861916547553741,0.8046081216727535
0,0.582304587675928,0.745752875856809
1,0.9225749124226504,0.3482771766133175
0,0.636885151878786,0.7004959536319901
1,0.3510510787667417,0.8596977610526916
0,0.4721216509030201,0.4449789131381694
0,0.5650441883766845,0.2280943946394236
0,0.3276591141976315,0.5777919342124429
1,0.0547823650974148,0.4639105345363901
1,0.1656638677442194,0.2544077730803259
0,0.067864763907012,0.7684468769379641
1,0.483995885363977,0.9120785573268304
1,0.6833551094936204,0.971828882272563
0,0.0210147394324712,0.2794926120385261
0,0.927522112582183,0.5996589207957228
0,0.9632804533691408,0.5986181499293214
1,0.0902494190166188,0.1365435904883846
0,0.5056275645633846,0.8391160009126947
0,0.5761100822917931,0.2669177969024775
0,0.5047124824903098,0.2936665614006707
0,0.9894673624930336,0.5715086553199793
0,0.9504319079101824,0.5494904979733144
0,0.2267313973498048,0.4939735008204736
0,0.4425482334127186,0.0481108043330456
1,0.870533332676152,0.79559272119154
1,0.6855848977741379,0.1733459224456717
1,0.9281045042042704,0.3639995353621358
1,0.3049045573851553,0.3172013486780081
1,0.4429392611549696,0.7269668389665216
1,0.9150186031379388,0.8419059408729948
0,0.2678112313357836,0.5430443921559558
0,0.438326927049482,0.6503176741393353
0,0.5257696701120417,0.6808045196719212
1,0.5097268256941958,0.6126781725835998
1,0.2475431024425399,0.754582315169794
1,0.0731918160976553,0.0988524197462797
1,0.9817609476301956,0.7501854191103278
0,0.6625741509788616,0.3589153268671582
1,0.3227032766107536,0.7489788218989657
1,0.1162741813186744,0.6493469998518314
1,0.8028880714258494,0.2417553009099493
1,0.3339188785837469,0.8260570760036257
1,0.3809468770983426,0.3027833864071071
1,0.1968081724126767,0.2789664218417064
1,0.1587699604416574,0.2454774030050465
1,0.4320971904444984,0.7966637380908461
1,0.0501520572021551,0.5800620484950323
0,0.958361074495039,0.5893960814584942
1,0.5343898170405005,0.4921546029810616
0,0.3436729177450253,0.5578107017504651
0,0.5077151138748504,0.8076510264183886
1,0.0821559678343324,0.1263023825877465
1,0.6964692427935032,0.1230730434211024
1,0.2546503737040677,0.3788397750983969
1,0.3146971738169841,0.270965633111571
1,0.6460638173208926,0.5939501905783747
1,0.2839022767291913,0.8142160668828947
0,0.5074847428434522,0.3073236443738505
1,0.4333261720740944,0.4002448394913032
1,0.7012749607210904,0.4796073286734196
0,0.407533350898536,0.1332790035699241
0,0.8663482157709691,0.9012740902487344
0,0.5868014210485617,0.4468552945787666
1,0.2147159564902911,0.3331168929392002
1,0.9231837842989996,0.739750682533613
0,0.5900636468656208,0.2299153163504489
0,0.7323891953267405,0.2961997424799744
1,0.6413884552432609,0.4929914004238207
0,0.2086672625867852,0.5278420361602264
1,0.9456115795705692,0.2256814390242104
1,0.0844938243075358,0.0861500816952154
1,0.3471207531715953,0.7875631408575788
1,0.4009997247985309,0.8826454911848438
0,0.3449294985125579,0.1198273938424728
0,0.1784106441206751,0.0075499776252586
1,0.6919406346435637,0.5720779133372104
1,0.1855680949510429,0.6899125722365327
1,0.1211899168644938,0.0758555300381342
1,0.8663814099448817,0.2626877351730522
1,0.052013943980161,0.2239757947864291
0,0.8705467964543576,0.6079238920741447
0,0.7286536096050319,0.7574307902489591
0,0.3403137970846152,0.1590851629752612
0,0.6507244329174957,0.7211348856384345
0,0.0257231651857566,0.2297797635924737
1,0.4234934463882968,0.4334216526031773
1,0.0699690643784376,0.9712970162174402
1,0.5881544157372633,0.9602681082701466
0,0.6194720389507336,0.393327997153449
0,0.6262564970488332,0.3019430090027278
1,0.2005040629882848,0.2247429116705511
0,0.0616370433769389,0.706300463787963
1,0.4736387456421083,0.5647279201859173
0,0.212348880419546,0.6273401666423141
1,0.4861243860884429,0.5078556177327391
0,0.1151783588580379,0.8515512966464404
0,0.349229755051192,0.955495717928498
0,0.0920209240678132,0.8260007283548614
0,0.8261320437417629,0.5065856045490529
0,0.5076607647501089,0.4267019827955433
0,0.4105607415109763,0.6129926887431909
1,0.5336729030688594,0.5011640194685459
1,0.4721076111305625,0.5849405423992575
1,0.0716463323180457,0.1663180588463237
1,0.6186588499093562,0.0017708065725871
1,0.6261534980333194,0.5761593614924763
0,0.4056119665917054,0.050156246239375
1,0.9028111563170922,0.3517701790619952
0,0.9877436008399864,0.967275484409682
0,0.9410458256675374,0.0492041357259628
0,0.3099821062607309,0.945555432882823
1,0.3228699666623581,0.3344203728685216
0,0.3852032708011006,0.999977246223848
0,0.8497632491749143,0.1981576758902302
1,0.9491340686602938,0.4344982378657213
0,0.5164328187219032,0.3564705073613335
1,0.6784853010641827,0.5730919664871047
0,0.6091826792811683,0.3164042151997255
1,0.4073257765846729,0.8412219434400814
1,0.7554878619625438,0.5226486335134736
0,0.3584476956217406,0.1511211871181342
0,0.5211531681450167,0.3476692694246039
1,0.3404810794122557,0.8403592012852559
1,0.7483873163366247,0.124569678135829
1,0.8637168213892332,0.2391772357646234
0,0.08109024849792,0.3573381021629123
0,0.2345469450940341,0.4774231354006537
1,0.4882247584331829,0.4846347245410189
0,0.1981267615364624,0.2194312888750911
1,0.9747705380667456,0.2614548989678598
0,0.6135716425925388,0.3062531894181338
0,0.1631107802056374,0.8992176998568983
1,0.8363384726555898,0.7637020614569471
0,0.5562131760565259,0.3207665009519886
0,0.4428564922996643,0.653386982926004
1,0.6479297194083772,0.1747406464135705
1,0.9378775545120406,0.373043398691665
1,0.2678173180381387,0.3640615489307355
0,0.9119459486516692,0.0063281046271213
1,0.7308753219600793,0.5250029515589913
1,0.0052028977022626,0.5759394517743126
0,0.7029331821137217,0.2712944557999979
1,0.4638069351471684,0.3663331191227854
1,0.4054082068094244,0.2965248162375965
0,0.6443476614510685,0.255469443427557
0,0.9697565960829088,0.6120516100841612
0,0.9372374251772696,0.2175045629686544
1,0.4075679990660878,0.6976951952204159
1,0.4666184369075674,0.806554615262688
0,0.3097191024533644,0.988190878344734
1,0.1645816855424502,0.2643741537353219
0,0.5935362668386827,0.7637219621673129
1,0.5179866248440674,0.4816966395939757
1,0.804014501370998,0.7857569382702703
0,0.5323978468503474,0.2991478770319127
0,0.5761027232468982,0.3251200985435334
1,0.2855476987021572,0.8236884408424512
1,0.9934958946980617,0.8669163913094395
1,0.6423438376294367,0.0573635128878342
1,0.7963619251240653,0.8885837718773775
0,0.792183613479254,0.5978584713398059
0,0.6264599877328727,0.3022632941830472
0,0.0553246770529985,0.4135732830736656
0,0.8876904438590367,0.0757076057291511
1,0.8508031892834081,0.3791118024229655
1,0.0122348402419244,0.9262288370191468
0,0.6544324344981698,0.8757666443824794
1,0.4834466023818599,0.1578566930828491
0,0.432261970004569,0.4520607159580084
1,0.6042224657223862,0.1165745184358046
0,0.0274561432723288,0.3627926443790338
1,0.2848306343568263,0.34642704173467
1,0.6749568313386706,0.146970517477978
1,0.3043165388929226,0.7963713153732338
1,0.3039606381161741,0.8114406897559722
1,0.2642043086983485,0.2478037852374227
0,0.8445381547801902,0.0804728197881247
0,0.1774219687527048,0.1821201258992857
0,0.7970831299254519,0.0842694897138603
1,0.1736541365599209,0.8878101197460755
1,0.7387129930513054,0.4763031050184384
0,0.0401266625041816,0.4476571428282861
1,0.2906330804051475,0.2620094089615296
0,0.2524996815221645,0.5953208231065745
0,0.2830770959571542,0.912386553370106
0,0.9310928000747738,0.0481390640119971
1,0.6466546157815268,0.1358668795274547
1,0.1728079857684195,0.4170725295588424
0,0.3777662524795219,0.2018148889636106
0,0.94830209637353,0.1457479884777606
1,0.7529580748612488,0.967916523961372
0,0.0907543774789642,0.8949726355389718
0,0.4775705622398536,0.7249553107466228
1,0.0007033156724233,0.484893544779418
1,0.9592171713103884,0.2842536628392741
0,0.9505825504133132,0.2208042150515665
0,0.2815540838145245,0.6542520727186029
1,0.1275139330570488,0.4904286542617146
1,0.0446883349563287,0.9662640600052366
1,0.1165556257836886,0.0249109100371872
0,0.9360472179501088,0.1041220312776955
1,0.0620997706652031,0.067840970257708
0,0.0495477988502475,0.7660689283927478
0,0.4999845963866254,0.895540680971507
0,0.2471528173061029,0.6451320868852058
0,0.6131946092274976,0.2807623696528543
1,0.6487910900690455,0.0290618348079318
0,0.523142554943486,0.4218871609409611
0,0.5013434783689513,0.8884105081742423
0,0.4140131175341208,0.6386244201420646
1,0.2634812441747022,0.3852397870399869
0,0.0056764509613747,0.2703176914644716
1,0.842788388119771,0.4280391915116686
1,0.6238047608528963,0.2102850557627038
1,0.5940177937124722,0.1893877764652664
0,0.8654242271282904,0.4638695702856247
1,0.2885255667861857,0.7997550194289607
1,0.5835257065218428,0.4590366402297245
0,0.5076837972527487,0.7058986763853575
1,0.4087182018739786,0.3027654236156432
1,0.7520172722498598,0.5593232090144625
1,0.5943082428447586,0.5573554746151003
1,0.0982507268122411,0.9539343190765948
0,0.3963161278630036,0.9571248973026906
1,0.5422141074189809,0.1081887596455914
0,0.2111261736515114,0.6252448185592925
0,0.8259116779080948,0.5806294482442018
0,0.8924336700226668,0.5126602243112993
1,0.5435956212169014,0.5980267754817359
0,0.932802033767844,0.5461303527078283
0,0.1987868624415815,0.919108575082147
0,0.1172898109053376,0.3803157194570288
0,0.3996812128517494,0.1450899833176121
1,0.974674063287278,0.2985499633003429
1,0.6317638571105739,0.1788248495603203
0,0.8095998560890674,0.538448161904903
0,0.4896505387814748,0.3491297613544499
0,0.545312560419689,0.2546441868042113
1,0.242539971774638,0.7855754405573682
0,0.3294955811259741,0.0581806992606869
0,0.1062534843117126,0.7373265673682587
0,0.6482222350856601,0.8288288145772211
1,0.4627115477085484,0.2617475467284722
1,0.6370376110835556,0.6421384499522795
1,0.5464823016927216,0.9111878343738288
1,0.6075384652598276,0.0318135314727694
1,0.2661404994620348,0.3427866117387511
0,0.7065746820514307,0.7086506996313279
0,0.2246979032736568,0.5483107343034334
1,0.927953357924767,0.8580339403514091
0,0.4989772859106659,0.2827764036991044
0,0.3060066186941093,0.4626836637654039
1,0.9971977230622514,0.744683591100497
0,0.6438901012150723,0.8773619822262769
0,0.7920808196771184,0.4795818352151535
0,0.4726913751305542,0.8020386275431983
1,0.3265185310495342,0.821290990457879
1,0.4677146614949123,0.8346162285981195
0,0.0738855931796822,0.2255910661134682
0,0.4426769217455535,0.148382724488076
1,0.9591823381761816,0.8714525402564784
0,0.8374960710557527,0.5900813770425194
1,0.1244923680432179,0.2031730121943169
1,0.0717774857734644,0.9495164517237772
0,0.8041425532680471,0.980374925942748
0,0.2360052670921086,0.6308693801517138
0,0.0425364641428956,0.417189744300466
1,0.5199861377210745,0.9860730440324936
0,0.1206979707791787,0.8063639956939631
1,0.9844072239263886,0.3276977082915943
1,0.4605456772496726,0.2568798421886367
0,0.7376097232664338,0.2276396298856947
0,0.066741426645041,0.2309276298413864
1,0.8957511998472655,0.2358387772991764
0,0.6266891560387726,0.8798731872735802
0,0.9007815554739425,0.2092652473924444
0,0.2678421852965879,0.6273280713987628
0,0.5356951072105499,0.2692975081745118
0,0.5920481775761901,0.763120971059165
1,0.0383938442490362,0.1252405151953342
1,0.408588173288768,0.805701280290696
0,0.9159102993137508,0.1981080098522961
0,0.2434845550639848,0.0042397328385958
1,0.3353651417261678,0.6869350289152729
0,0.3171579432771306,0.9820672362674094
0,0.1635284079590828,0.1669469755191222
1,0.6286144067807203,0.0626543941695544
0,0.8624287012941171,0.5845071190906675
1,0.9625924042226676,0.4045052083632988
0,0.1980073905540889,0.9376652929043942
1,0.0277112593191174,0.9411893873269372
0,0.2333918752863849,0.6181369293308909
0,0.7548875274381481,0.2508342085652503
1,0.0604199261066525,0.1879186927152445
0,0.4576812405932401,0.0847994733926443
0,0.2484876633053611,0.964519933499293
0,0.169346220791156,0.94131460124485
0,0.2771956497162509,0.5535064857190299
0,0.7135840597027524,0.88595088115253
0,0.773598002596102,0.8711522680453346
1,0.5282662659901722,0.1552514523599634
0,0.7972077621628051,0.0052979044869905
0,0.5016042753070561,0.2645301275657478
0,0.838049543972619,0.06289975347255
1,0.0429727102249106,0.0819232934994359
1,0.4079929792725457,0.8635108348866821
0,0.0367759590033086,0.3322822895893965
1,0.5296921775957736,0.1138059880515789
1,0.9803300570449364,0.334644061103886
1,0.3442026175141005,0.8495153373174833
1,0.9095467763558016,0.83118875023398
0,0.8875648060128135,0.064527493352226
0,0.8963375129307086,0.976067743668006
1,0.5387047495923809,0.6485623104500369
0,0.0387198383121517,0.7618831104236721
1,0.4295227492165063,0.3842300461498713
0,0.4351871882403066,0.1399660453232578
0,0.6831124304540828,0.8740605653559597
0,0.1527749660546712,0.2298196759003695
0,0.7834584950037177,0.2291990481062495
1,0.1220430715076384,0.5218024929400275
1,0.5328349737451769,0.901748124084774
1,0.8341126379635263,0.2688265551395341
1,0.1877041717919879,0.6826042664552997
0,0.1266134361967111,0.437790442073807
0,0.4378847206620796,0.6216831608621392
1,0.0560873558748347,0.1527289761934654
1,0.0567583823731056,0.9449080907209364
1,0.1716852238954451,0.3323706261680111
1,0.12666650270855,0.5419893360142328
0,0.4188497280885492,0.5940247540428198
0,0.2905127563574881,0.9169723123887032
0,0.9559559601287116,0.9410215524964094
1,0.6561528801774421,0.6080970617952477
1,0.5078364142688159,0.4507304648503039
0,0.4505615851654687,0.562772006234251
0,0.1153458915065034,0.3694898033962202
0,0.8920808265737316,0.5447705382463518
1,0.5811954418107085,0.1057363673995228
0,0.1807891673686877,0.5202970702057604
1,0.5338007314007621,0.0864642367935714
0,0.0081338791691703,0.7866840331354297
1,0.200413698790323,0.4472997673957735
1,0.9434344195537908,0.7419541310601359
1,0.0626875824132369,0.2116760926961405
0,0.0514798988620824,0.8135660863304828
0,0.8145965310887052,0.6326648927848807
1,0.7630370603595392,0.0085147448983602
0,0.2043642920672452,0.944926940201732
1,0.6377923623359181,0.4605257551554536
0,0.2169844151361942,0.456095945543103
1,0.9158303440790496,0.8525261707057238
0,0.6588152053652883,0.3786755106488315
1,0.0174163637587575,0.0977521983866568
0,0.4577713892526102,0.0990987448340768
0,0.7002814390466425,0.4410563118520388
1,0.5620183314936825,0.1452058876615818
0,0.2348340032456616,0.5698225152835771
0,0.8875187911682574,0.1668016351017417
1,0.4685954499539094,0.8576940092681983
1,0.4288586308184677,0.8941525660325391
1,0.1935489287876989,0.7969022374779541
1,0.637262134924193,0.0967897789474319
0,0.6160774337372064,0.3327945610309721
0,0.9917963695987568,0.4522913706664371
1,0.0481419329782717,0.5440405717766787
1,0.8454524568299753,0.3169680531123664
1,0.584843536268698,0.1035541506766597
1,0.7112821836955182,0.0076505414093938
0,0.0904640474842781,0.2474194629232542
0,0.6526705841088613,0.3505134749137489
0,0.9268851118657973,0.924953533562508
1,0.7226542462189134,0.1882734490373928
0,0.975871961328288,0.1476886985770308
0,0.8920228475129756,0.0857763417898109
0,0.8820355372196012,0.4627322988837118
0,0.0673732987184299,0.8748570763826603
1,0.4458745255262317,0.3421750061136069
1,0.2515955918296685,0.3335271396811344
0,0.3731748477308649,0.1349934329306615
1,0.0077479921986884,0.9940854872290102
1,0.9373248405848308,0.3333325430074139
0,0.456895645826722,0.5978276452762604
1,0.4395959290786254,0.8880289478020947
0,0.8860020608313516,0.0786564541595603
0,0.5628112664175468,0.7803162705853137
1,0.3151772028315787,0.3879821872525885
0,0.1358617415847658,0.4002993098328443
1,0.2505296071001205,0.297382198970812
1,0.1119337821792181,0.6055245284750373
1,0.9917673186317066,0.7897666996028319
0,0.8805557001883744,0.9923896592352196
0,0.8235415651530411,0.9068920137569242
1,0.9769565590005176,0.8223075113489792
1,0.2201371579173763,0.2615327372814885
1,0.4095834798930935,0.8109299228547973
0,0.7691209455395739,0.2406227382140997
0,0.793049489271433,0.9657039681036343
0,0.1338662297478616,0.3813624840155029
0,0.9525439983601108,0.1369140701490826
1,0.7389172390144034,0.1624502950874896
0,0.5695152646881176,0.2723893153960599
1,0.1589053393754828,0.7823737267459531
0,0.0261787288013327,0.4139108795027642
1,0.9743392918236664,0.8347467095047972
1,0.041531336811135,0.9470501416254842
0,0.3427446551343998,0.5913433448224223
1,0.6011865414534979,0.108265040953918
0,0.4586852429928315,0.2060717563634704
1,0.5265145815803777,0.5050769083106662
1,0.9554372185520598,0.8604378327925135
0,0.6807717385155955,0.7513660774243764
1,0.4784708216011583,0.6233775187545881
1,0.0262905889850447,0.4668286337809868
1,0.0495376026344857,0.0749011404345991
1,0.6121010520294398,0.9048867327304312
1,0.5280991777092271,0.1153714223185945
1,0.6602335327569676,0.175065992673348
0,0.0962289735681111,0.7586282462772654
1,0.4229781431921788,0.8190568578372133
0,0.3525228913394701,0.5708256296024863
0,0.4072961168090511,0.5249532584832275
0,0.2113166495020861,0.9178458853900252
1,0.6997479868401577,0.5179169551202556
0,0.223369888088415,0.6332267189927973
1,0.7611149167738696,0.1418274048853386
0,0.9436267127453288,0.1384702840861916
0,0.2972700342526789,0.6417716806822796
0,0.1275886522301133,0.4072147387758009
1,0.495290731931158,0.4935112123071435
1,0.1444860523450414,0.5493439417912149
0,0.725801700971593,0.3586351240897091
1,0.3488746455374292,0.3563355519323997
1,0.7380349259296197,0.0820779031797998
1,0.2451977729064736,0.4305296179934225
1,0.960819250416687,0.7391629319184913
0,0.532055663164711,0.4373539976540238
0,0.638202875145652,0.7015277224292504
0,0.3080494744600315,0.118536929208533
1,0.6520109613823519,0.4652850894066741
0,0.2366037874889692,0.9636178269458676
1,0.4183729551247231,0.225480264283489
1,0.6273607572828919,0.0848355226037277
1,0.5794994633869972,0.5550549662128407
1,0.7524984334212299,0.6456493294131115
1,0.9281123444686508,0.6738129396147252
1,0.7722893738899865,0.5128708648861806
1,0.7480395077408722,0.1613326902686678
1,0.9802377996105448,0.2314820107173939
1,0.6198240772333423,0.9256008021077838
0,0.8738956529225594,0.1176448062571411
1,0.785125610748488,0.5394326028484465
1,0.1091802323510163,0.1733357199308083
0,0.7648929292798831,0.810465220655459
0,0.6674380848941205,0.8705797316697659
0,0.1526562695033595,0.7805911363012957
0,0.7051545226153935,0.4451592415757657
1,0.1213882250340495,0.6606801549252121
1,0.4764806521520863,0.1501433485767292
1,0.9603744546372506,0.7336341775967055
0,0.8281074954599065,0.9550745740782244
1,0.210271241966849,0.701672484233227
1,0.8481095312821622,0.4144718740421305
1,0.5294138295735872,0.5791551643156284
0,0.6207520726628831,0.8296803507974914
1,0.6926153495183943,0.981641171597226
0,0.5921922521692742,0.8801310750470476
1,0.2738574262338386,0.2532612993784732
1,0.4635321927876361,0.2495254216856766
1,0.9118991437815592,0.8489076254449673
0,0.9152925377263604,0.0960321757955801
1,0.3011337347954812,0.4258305657901224
1,0.2668380830928076,0.8209205473926854
1,0.6122332427101614,0.9874294176926736
0,0.9141976267133796,0.1783158739523428
0,0.0583044077246179,0.7436113335016725
0,0.2880626470228888,0.5502083245664052
0,0.5704684317990056,0.7179328837953106
0,0.8242182946459643,0.6526548817587312
0,0.0680552131617112,0.7488576965705857
1,0.839813017475368,0.7626246950771602
0,0.0170347393477741,0.7020607302421764
0,0.516553888916482,0.2253801003599365
0,0.1623862668434215,0.0151730638645939
0,0.3452755181118752,0.9713277465153236
0,0.6312085808079981,0.3282426470863712
0,0.3826383292964077,0.0768611668387194
0,0.7476160247041874,0.8066806951545747
0,0.1303332833843355,0.2915690470579924
0,0.6244962230186626,0.2476284636261784
1,0.1170217911518081,0.5179497736536204
1,0.50007355249256,0.9292051147383142
0,0.3372624108866415,0.1675586174893515
0,0.6330941062219116,0.3546895779951554
1,0.6481919877377393,0.9750159295054774
1,0.5686813166697394,0.016940347018421
0,0.295720957832064,0.5871923317696673
1,0.2270665039451598,0.8354662754701673
0,0.7108530309411807,0.2726074243660868
1,0.5827682288011207,0.0159602860181375
0,0.7092155811117136,0.8162236481256734
1,0.6579791755928246,0.902487283010052
0,0.026469156415067,0.8348373066281213
0,0.9203735430513872,0.9866673826313952
0,0.7470641464244838,0.8883906528786935
1,0.773617222759586,0.947842736848388
0,0.5241772185461174,0.3250995370583485
1,0.5155729719265256,0.6475936903855622
1,0.7797921574158607,0.1982158685872528
0,0.0610669388029065,0.4067285004783052
1,0.7698832473234234,0.0204212006094423
1,0.168643445384607,0.2541529684446975
0,0.4644628270899127,0.6710794331221898
1,0.0172976434469671,0.982043153154184
0,0.5903388631753749,0.8716772655834116
1,0.0409173534965713,0.1786199078102456
0,0.0613714524966496,0.4423248722927327
1,0.5695639946423648,0.6708008723520025
0,0.2423120420017767,0.5700839691523457
1,0.8404208314752046,0.2428705180819392
1,0.6996183082884468,0.6539373890691675
1,0.4859533972233976,0.081178121728725
1,0.4904175092061688,0.97313958505522
0,0.2995663531567946,0.1521187647212528
1,0.6594544567211617,0.5252378818570346
0,0.1233213072984781,0.3989355657256825
1,0.7897852946431748,0.7562462516740799
1,0.5538355308674751,0.5479917948043859
0,0.6416165663731062,0.7809152868558398
1,0.8019319531277485,0.8683807874559186
0,0.1805389083018377,0.0856797740199528
0,0.4683011844292876,0.0252111193013077
0,0.6577200314119103,0.2747719369271393
0,0.378031879347305,0.2100956788614103
1,0.2358439379126767,0.4339861312406846
1,0.642445521623755,0.6293576720584343
0,0.5356357743677692,0.7112561774629932
1,0.7460738960145853,0.045531126317488
1,0.6071001384844442,0.6716889825332544
1,0.8145294633669851,0.7955035412362416
1,0.9719072614186934,0.777104053806043
1,0.2303254790226575,0.4135909458297474
0,0.589178345232866,0.4346462868679986
1,0.1317270175155483,0.6245017909773461
0,0.1374486894942461,0.279003401262516
0,0.8343820039083405,0.1703738765316417
1,0.6572678432480321,0.1578792900930254
1,0.6566446961827489,0.0298953424361465
1,0.9340424279990824,0.7910565993987241
0,0.0269769969123168,0.2852892904177342
1,0.67524875931602,0.0689790934483226
1,0.852264321507542,0.2677131671482498
1,0.337325799380248,0.7073711175027929
0,0.6739208305419443,0.3161784877180794
1,0.4212785507372025,0.8584127267049149
0,0.1129723935946639,0.7089445859021611
1,0.973031534048844,0.8969379099339512
1,0.4906779436250615,0.1549095613505684
1,0.7962360646518132,0.7166873945054676
0,0.6221620719447782,0.2516841026959264
1,0.9846920906158032,0.2629502807361158
1,0.0577813324612944,0.9914045553417676
1,0.9088677796155412,0.4387802182930223
1,0.1283501205817404,0.0778826367057182
1,0.0301531013965765,0.5581490304007215
1,0.3740444022907682,0.3896565588767685
1,0.0313811927270933,0.5703666086535825
0,0.6770727776173016,0.408153132702219
0,0.1875988776526085,0.5482944884589896
1,0.5013251338638733,0.2022918157235007
0,0.6151669897020975,0.7006032724593707
0,0.8720366867270458,0.4796986133879193
1,0.2390658986644857,0.3309891574478423
1,0.1061771591675295,0.1972058345359006
0,0.1843979958053676,0.0703014422916885
1,0.3649255704637417,0.6944071435441882
0,0.6913880854573532,0.7049450896779945
1,0.9996598224242303,0.339162261158659
1,0.6666156098888385,0.9415832392647908
0,0.7652898223153818,0.338719266055722
0,0.0202833393064362,0.2270067599318459
0,0.3754358670762034,0.4849403856026587
0,0.832873343095404,0.0077432088873663
0,0.0775461020383001,0.2878543369200682
1,0.3093193657978097,0.4128208804813212
0,0.1756217271861239,0.6264003637642348
1,0.7321179535448253,0.2020270532296443
0,0.1775673080911528,0.1399642301537454
0,0.9556548907875604,0.00082482983879
1,0.057422790221779,0.9711617811245612
1,0.6071906464908094,0.201287786498961
1,0.1278445532801609,0.6234355783424345
0,0.6045561967274491,0.75532798365321
1,0.6090422372216886,0.5965420884119877
0,0.9863379873880892,0.0789782926314879
0,0.9809362924754405,0.2198538478549492
1,0.1991384293419933,0.7378753786393222
1,0.3871112556510658,0.3809366649998955
0,0.8862249173078984,0.5736148064029805
0,0.7895449291940119,0.6467202723272352
1,0.7359311813613112,0.2070620131361524
1,0.1565617934196217,0.6124837159253005
1,0.5214848684389463,0.5267491012476886
1,0.3186739808902479,0.3322057232255593
1,0.2492485567233211,0.7514908052987144
0,0.9896343191432814,0.5035065686455142
1,0.4888620536448976,0.4711336199892977
1,0.6559285759747079,0.0471006846256123
1,0.9297420099667768,0.8216785747550245
1,0.033876257184341,0.5377492040261808
0,0.5019999647543664,0.83537704673425
0,0.701876038274822,0.7542105605850505
1,0.0272127359227811,0.9631600030828044
0,0.8078097334627912,0.9625315912974536
1,0.0818848529337153,0.9425208360642864
1,0.926229901142821,0.7110942999108544
0,0.9743616572356076,0.5194934516231038
1,0.4858337846513799,0.9348950519215296
1,0.11161323222054,0.4749452744855321
0,0.0245700465763831,0.441030887472663
1,0.0208497407349561,0.6326353654952663
0,0.4683978454045131,0.5464622086228148
1,0.5576412972430727,0.4704896061963838
1,0.453818549537791,0.7642596619638692
1,0.005916209802747,0.0998349302407742
0,0.5777636200078958,0.4138941416605819
0,0.2334306868086405,0.9284200172916042
0,0.7957655188389198,0.9475171458802256
0,0.9001395166218168,0.9293957641639252
0,0.4664198294598227,0.9388489164842306
0,0.8395434771524475,0.118143392648115
0,0.6655729315633687,0.8157320673335934
1,0.0736672306892951,0.9919455728244452
1,0.1179841884347159,0.6317658458650172
0,0.8903469151435168,0.6446156435719108
1,0.3737380223431064,0.7731096341394345
0,0.0434811482272557,0.7457245950202396
1,0.2573199436968783,0.687682368478662
1,0.727484786770949,0.4725237016791953
1,0.836746281515607,0.7210756407575176
1,0.5189794026037965,0.0254526746836279
0,0.8925332365013788,0.9968120828796676
1,0.6431626605473951,0.9457773781153804
0,0.2764612312821517,0.5092548380435515
0,0.0081659584048371,0.2576315123753641
0,0.9820414833818876,0.1298805534959
0,0.6304183724810175,0.6827105564373951
1,0.1291194655585862,0.9485420253430046
1,0.0122306072258157,0.1810018055633814
0,0.424410853680456,0.2038324197086973
1,0.2983772452549266,0.4292726898741623
0,0.3628829573842448,0.5386341634262256
1,0.5743290634098988,0.4900727048795095
0,0.1971686546054674,0.4508637379438938
1,0.192427229519466,0.3251486408128091
1,0.9424707028223864,0.7768322499152429
0,0.2430263075714697,0.9623085855027118
1,0.3286189636477126,0.8577688477839336
0,0.1635894883584544,0.6069532516308146
1,0.9926557922807654,0.7390696437480647
1,0.5757426944800204,0.9966714153945267
0,0.1779080664623895,0.942686469007954
1,0.4605354900309908,0.4269311420580256
1,0.0377801493698047,0.6493347862497361
0,0.7931607093414421,0.1075341443858381
0,0.7554815090968067,0.758044222152714
1,0.4874733346151397,0.4921153854829052
1,0.6299352024952662,0.1284246727628425
0,0.1648805879978911,0.1635709759249513
1,0.2108989490036578,0.3073651530955914
0,0.1849501293011822,0.5125201360948489
0,0.3596815676775473,0.1665148747474487
0,0.328334470887425,0.6378410832816526
0,0.8791049505577038,0.5538128182587946
1,0.1788479496643089,0.8167135281615097
1,0.7276190362985538,0.5098313788163953
0,0.3515228888294331,0.1452987729858067
0,0.4555526840963233,0.5882839050679619
1,0.2556242337828414,0.8506912512754798
1,0.0385690960231093,0.0084489825937754
0,0.4949934958142057,0.3021458529411867
0,0.5992660286944782,0.3393120780262924
1,0.5894179774940508,0.6093500353213469
1,0.1017954811177102,0.5139447733698758
1,0.2987627574507181,0.3620112880954772
0,0.7575190596017248,0.7867959809421082
1,0.4932232106128044,0.924637589548704
1,0.2908118254894132,0.840452170501705
1,0.4563237761211484,0.8012097164710607
0,0.0133390754278677,0.8687052964590213
0,0.7944696603273742,0.1706248673605793
1,0.066530732412372,0.9858425902973122
1,0.953926943795665,0.249047943055244
1,0.9755923193187412,0.892816824270318
1,0.647632537881169,0.1644610405155888
1,0.3621278135028067,0.4054687346358135
0,0.520845597194137,0.8047561080810981
1,0.3543546293674645,0.4412773536517272
1,0.0630319187953452,0.5287056155045803
1,0.0866007756495801,0.9302818073365232
0,0.3943412392162965,0.0850200740106876
1,0.2427994450699259,0.6851011005289147
0,0.8242149291564437,0.1798021669746423
1,0.5944137924244652,0.5221169910161592
0,0.9688374357943682,0.4570521368003841
1,0.3193839159763928,0.4034912700765185
1,0.7596030668575332,0.0486260220745489
1,0.8906772253075886,0.3759123158586902
1,0.2715335106223958,0.6747158690229701
0,0.242524822387522,0.2009262140733893
1,0.57038119214005,0.0293541225274482
1,0.4012059557171348,0.3386135173321336
0,0.4266899581189973,0.2062424426407422
0,0.0768555294627153,0.8218977453931964
0,0.6910294307452968,0.6982838907699526
1,0.9735204825455724,0.7271500696988205
0,0.3452278438018561,0.9956376897208044
1,0.075463378566142,0.9451514721571296
1,0.7506508943194036,0.5124314110384803
0,0.2672152103972315,0.9271613131143184
0,0.514630852295561,0.2696478248965434
1,0.4302783800733236,0.6775884096818914
1,0.100609357934063,0.6086526005179792
0,0.0607282353224417,0.2602337764312112
1,0.2624747866748433,0.7450073390393711
0,0.0991138261534931,0.3298716925841576
0,0.7218369557327793,0.8614304952043284
1,0.4531248385637971,0.388135087089182
1,0.0918173772429248,0.9336538890854384
0,0.4372204047685201,0.9298300863887908
1,0.4046243747863079,0.3831069466353812
1,0.4729385617288935,0.1013191531113911
0,0.3238754256955739,0.1788342124106224
1,0.5157717117128197,0.5389853245110023
0,0.165298180551362,0.4662482277063073
1,0.5051412423049116,0.6387860659346867
1,0.8284362172345984,0.3597089116995711
1,0.2838594232644252,0.7098225754978243
1,0.9999924226396892,0.856738816059356
0,0.9850817217330574,0.1731703354865399
0,0.6767076725292287,0.7142339971416415
0,0.9193851742013316,0.6007926520527996
1,0.5292169732040128,0.515596455317286
0,0.9150470328707702,0.9477689723056522
0,0.9812074461998606,0.4492756257772654
1,0.296992768649717,0.7459438149490246
0,0.39880398690145,0.4656548143697241
0,0.4124445926655182,0.1471496197395361
0,0.2600244978580776,0.8985732154964283
1,0.6767966323373701,0.6603605409179352
0,0.9525699068347484,0.1079101450542907
0,0.0117016611075601,0.3727655299985821
0,0.4855417196894029,0.8276864515972375
0,0.9195392794204906,0.0290194616094592
1,0.6722188097935403,0.0973956087435016
0,0.8372619590297992,0.1122629521040607
0,0.2220540929552658,0.1193101254292718
0,0.6534211923541402,0.3900682261067264
1,0.7433240184180344,0.0758134018339175
0,0.7834726585297119,0.3437428615638634
1,0.2351894697218177,0.3946230424536163
1,0.6703828482945254,0.936467089152565
1,0.1127133036277646,0.9617868306753315
1,0.0871444695690113,0.030630143372834
1,0.8804147791277209,0.2639878815615996
0,0.765424058930514,0.7778193042604362
1,0.3203311609910025,0.8336945375865452
0,0.5452885101327242,0.7734035186247349
1,0.5546834620602679,0.5722711595827054
0,0.705802507423999,0.8594929579183783
0,0.4547327511887623,0.628719097990619
1,0.5639478781898806,0.9820799100371151
1,0.553053436991775,0.6498130699979714
0,0.9151621481189536,0.499776654663035
1,0.6476241989697589,0.5411437530504106
1,0.6789056567432667,0.6201050099829863
0,0.564797596627438,0.384448796079434
0,0.3108918123579369,0.1047215198228617
0,0.6501424893621962,0.3281579845423718
0,0.8674859944962371,0.4592067227453871
0,0.6221431574663171,0.3880507109031577
0,0.6900344668675642,0.8096670569435905
0,0.2657654546891057,0.1578161799716663
1,0.4177544720546369,0.7826717926965521
1,0.6182119822578301,0.0743492438812865
0,0.8084842958185467,0.0242705080222412
1,0.4296946192135846,0.3811026382406032
0,0.054024674845123,0.761605504795037
1,0.3959771207385116,0.2975318160120929
0,0.1444496205805999,0.7895495478451567
1,0.8113846164536785,0.6793237280072003
1,0.7637072406828033,0.4689636048247168
1,0.0503963785848929,0.5685540964436164
1,0.4875022703291191,0.0960206443217457
1,0.9293501466327844,0.8297522810253108
0,0.1472607987203336,0.8713721961110686
0,0.1813900080737976,0.985642804058185
1,0.0390882997849904,0.6497683142369782
0,0.7334476079900974,0.8265223730140951
1,0.0141293852801284,0.938711202127684
1,0.66876334855302,0.631385607795539
0,0.2590986063564435,0.49223698931492
0,0.6238153816061143,0.6795455759832588
0,0.3966841735986873,0.0134669521573342
0,0.3554385838979383,0.6439707505988506
0,0.2837243780487991,0.2114830684568449
0,0.4537272553546498,0.621237104479375
1,0.1543059843153728,0.0511378164500712
0,0.954813757646799,0.6011360252804089
1,0.2658425700238331,0.2923702684611424
1,0.3575893290991742,0.7120977735301453
1,0.350184714610654,0.7945273965229858
0,0.696095719962363,0.726562671814755
1,0.6659806095661028,0.010146193737436
0,0.1828934513392007,0.962438146815134
1,0.8119899665930149,0.8795782655819467
1,0.3519624193967978,0.4351585089090451
1,0.5644155367043799,0.6531063825035469
0,0.7899093651137624,0.976489044721611
1,0.8449125814472648,0.4441514484392128
1,0.8556388109240904,0.8744696720408809
0,0.3537802940123056,0.9821947151733276
0,0.1954935626197163,0.0018784229914073
0,0.0554528443398295,0.3774328031883303
1,0.2301061214258943,0.8323198134977475
0,0.7989733007303739,0.026966999477572
0,0.2235528404160522,0.5708244436801357
0,0.9087255720709128,0.0078382070753904
1,0.5603013307187602,0.0679009608256769
1,0.3175506644869788,0.3533258461358408
0,0.3846625874786983,0.5751921779283762
0,0.7583855195522407,0.674331561421895
0,0.7118258302091721,0.7132503629682255
1,0.8385843654744467,0.7758880896708663
0,0.2617078115925466,0.0784938934931083
1,0.1569524427858289,0.2085543734253585
0,0.5900356531700117,0.8240648532889723
1,0.0933583646715695,0.6163540259184873
0,0.7938059329905861,0.033467618205724
0,0.3832842118347058,0.5051148708580654
0,0.9224001737272464,0.5179227618993149
1,0.2277264631840129,0.804220093406976
1,0.6124634031079577,0.650572148145914
1,0.6512081092149746,0.9605491917597974
0,0.3768888038677249,0.0932310710686735
0,0.1284129924863324,0.4248066379949541
0,0.8034708515543804,0.6370327942751113
1,0.3313430910437386,0.3945682729012786
0,0.8986673404492862,0.2047422797193903
1,0.0623015457117058,0.9011461265066438
0,0.2458357562921954,0.482495102379015
0,0.659293509558473,0.7848913614591576
1,0.2483871950892299,0.3189242391958916
1,0.109960863492967,0.2106260557548173
0,0.7574910342772144,0.7817828927089314
1,0.8220756601493588,0.8369352557075961
0,0.7167588815804026,0.6764466085495209
1,0.9883964164721438,0.2466075146951253
1,0.1612872918837059,0.7815806285048361
1,0.2534687489567169,0.3710079043818359
1,0.5272585267866101,0.9344245250667336
0,0.8854065875452142,0.4744358614120327
1,0.7971780469371752,0.4147803631198878
0,0.4452765285865987,0.1390004033560846
1,0.3702617827330784,0.3514232929379334
0,0.8448174268567027,0.9376397550887796
0,0.4852045656750102,0.4370338778261355
0,0.7960966923020821,0.131734378373184
1,0.1393359859654622,0.9270757161361176
0,0.4626863803484012,0.0285614543247246
0,0.1256551898129794,0.8756196669128065
0,0.3279078394423017,0.107783188188243
0,0.1767578057786906,0.1357457000320436
0,0.6845399483152144,0.7161510620083882
1,0.7212921776772944,0.1937930511441411
1,0.7308817072024423,0.485742086646077
1,0.0387292414871034,0.9006138965873602
1,0.1408045179889475,0.4764414257362341
1,0.9057039190116214,0.3669566513402122
1,0.4250664044927317,0.4083861948439352
0,0.6560036146496643,0.681986213377081
1,0.9668163342464128,0.8151492106927299
1,0.662745290465533,0.957634901453332
1,0.7841041217276343,0.1729359995874315
0,0.7040233612026353,0.4361689275397374
0,0.6396643803188036,0.3647599636695966
1,0.9698124558827446,0.892875512015892
1,0.051386683707462,0.216074841505282
1,0.7382799720740413,0.9359537534694604
1,0.9822878661217932,0.2385626010745525
0,0.8575497589174002,0.612769082357612
1,0.8692965025766288,0.711553892978947
0,0.4831186411855149,0.7609977510857302
0,0.8623648388601131,0.9815191092197836
0,0.8033827113049277,0.620911663973358
0,0.6254112289389496,0.7623397709858007
0,0.8669682123399158,0.1560749040359667
0,0.1429310804993191,0.7279076956033251
1,0.4723290008312177,0.9361192912406
1,0.0517178179183824,0.19164380416918
1,0.2352053586412562,0.7139471570253617
0,0.5283628928005302,0.8633814586794423
1,0.131576059652243,0.6550042883622519
1,0.0366073492850557,0.5053930699518676
1,0.7562962019111825,0.6451848024617814
0,0.0518393250285772,0.8208320880663246
1,0.7966679217460939,0.8485512133579353
0,0.8191412240368122,0.6340271194856243
1,0.1463360002366088,0.0331778138474446
1,0.395882098651319,0.2759396873445068
0,0.411616795948285,0.0179603601851786
0,0.6618870624388046,0.7420705777597847
0,0.4334042828218123,0.6196078356235066
1,0.2021707590291374,0.4179406303498441
0,0.4479561319714749,0.1660726850302688
0,0.3295425123192295,0.9273748411977312
0,0.9009183982755176,0.6336112173855634
0,0.1867671930885716,0.0813727092217249
0,0.1275586683593369,0.2312360969948772
1,0.6887102682028635,0.93986492901036
0,0.8339020099737716,0.644775306386702
0,0.0284757387126856,0.3616225603242182
0,0.3274341578399408,0.5352163337690993
0,0.515236541034197,0.3768685070703602
0,0.4771471673734001,0.7552484566746309
0,0.4710700736582153,0.1055709656112627
0,0.1765502282881972,0.9471959116471096
1,0.378001928387045,0.4436979558947784
1,0.9531504407011891,0.2537705996058165
1,0.1966961734795123,0.2430308264142245
1,0.1576016825867806,0.7146950450721156
0,0.4711015914363143,0.0299781349385467
0,0.5548116206518753,0.2820040196880384
0,0.1245670142520403,0.3362221156216449
1,0.0744868913656361,0.5461415223365957
0,0.3257996254193137,0.2041091781785333
1,0.485460422362814,0.1643927629337761
1,0.5031650632332297,0.0782534234395592
0,0.9311453912360752,0.610589067219377
1,0.0300298914631527,0.205439423008515
0,0.8759687649176484,0.4794670947929541
0,0.7688189079586204,0.251729433036762
1,0.2169892634132878,0.3880038407488592
0,0.3074779997899775,0.0446145691263566
0,0.1752848196248305,0.4940064091098241
0,0.3405010521780532,0.0280747090311079
1,0.0299275289396322,0.5584546024106078
0,0.3719334605427739,0.5586171625108065
1,0.7638469502556062,0.1583471097722454
1,0.2951043286073332,0.3846012464436618
1,0.9270053466397468,0.7829812983573498
0,0.8892118559866671,0.1630837375017991
0,0.8109119068549837,0.5486340306485273
0,0.3914310036990591,0.4684486711741317
1,0.3902510491279536,0.8255217445413157
0,0.25141688818169,0.2150972676863399
1,0.5783598528776953,0.6166165963128156
1,0.5634526125834091,0.6702647711125768
0,0.155028471118799,0.4123955143769642
0,0.1790543335350085,0.5364559898501515
0,0.2686869442950103,0.1533499673415781
0,0.4583381806510096,0.4753450754950198
0,0.8939965417404594,0.155384503227126
0,0.5460241967794772,0.8782111930877575
0,0.763362866741939,0.2783531058121526
1,0.359248937088337,0.2512458272645398
0,0.5522236509848791,0.3136030274850231
1,0.7400732271989331,0.9486395694114992
0,0.0180998377947645,0.8667150126535167
0,0.6027919926388037,0.3974788419786819
0,0.8386286479296426,0.6324078415147976
0,0.2604378011299617,0.1291562609865687
0,0.9756824932491646,0.4579739823307991
0,0.3063107489094716,0.0884153091924293
1,0.5607822703635594,0.0990181954469321
1,0.2383045215971561,0.2908599720372528
1,0.2006052631030808,0.8019147723056198
1,0.5959201866328714,0.0947069035241344
1,0.5746471759705166,0.9433740013845672
0,0.1020636825105651,0.3486468555897415
0,0.9672926040179848,0.0234721414640816
1,0.2351008119543756,0.8112087197120802
1,0.7783268994295849,0.9903099054469036
1,0.248561583340601,0.3114483983999774
1,0.228196558564545,0.7825147920075366
1,0.0555209194520508,0.0925301433851006
0,0.1426872843130509,0.2801804552282342
0,0.119310296354521,0.2567960796545515
0,0.653043512500679,0.3457513275834004
1,0.3853365531524128,0.6898332041433557
1,0.5626573996284719,0.9072153021046436
1,0.7317024392944983,0.4601728124620395
1,0.582167193029746,0.5054477016410858
1,0.7669957026552505,0.5418719841094817
0,0.5457331710967378,0.8125040984466279
0,0.3733229587291732,0.6322826043853379
1,0.0827071994047365,0.4914568844024372
1,0.661799356321421,0.207062538991969
1,0.8960059684686176,0.430142860737018
1,0.8595230186144311,0.701187430889046
0,0.8930158220521152,0.997258262399617
1,0.930848986812578,0.2499587124380647
1,0.5129772881079336,0.5200953104802626
0,0.6311930145429869,0.8937623078976451
1,0.1789428827344839,0.7846398221991507
0,0.1637445296302393,0.0874738449553816
1,0.4851165169686212,0.6281998031705537
0,0.0180864986504393,0.3603642610609675
1,0.0229667381445017,0.1001113418408103
1,0.4800867778179981,0.535634704672213
0,0.6871325544515338,0.7340440462788106
0,0.271444564604501,0.1205856376330595
0,0.3266501380861537,0.4677296415363736
0,0.7902311122645215,0.5870038463306072
0,0.712304129692115,0.3489502518048176
1,0.6454812271182169,0.1552399814855548
0,0.8190960553875438,0.5909904547747598
1,0.590239579467919,0.5214385903372001
0,0.1097195135917173,0.8801190739482078
1,0.2600331767381612,0.3718581375498333
1,0.5741267856948444,0.0398346755943616
0,0.8569373028267885,0.4868733795185965
1,0.5811234841161371,0.0206000938019407
1,0.257563336709365,0.4087345063771648
0,0.2454875079023913,0.6489339392649626
0,0.7352596440831624,0.7708345419196355
0,0.95985697516819,0.6709431909009252
1,0.3736457881114867,0.7593275728991329
0,0.6391923103188253,0.6759859077066985
0,0.082558266025796,0.2381564606618194
1,0.3555999909548093,0.6970338526581318
1,0.9664412388735284,0.2414856835921822
0,0.4242881420214807,0.0915990744498645
1,0.5817555838895343,0.0921450739199073
1,0.8770766089421506,0.8181134032156495
0,0.4692364190035066,0.1532149217699023
1,0.2996174079629634,0.7449950047097946
1,0.1331175337013092,0.0048955661911344
0,0.1596866722746059,0.0936611189469212
1,0.8183929234722147,0.2604140332006082
1,0.5530449571282203,0.6202762854213517
1,0.7973148537114467,0.3073328436729609
1,0.8300801216146916,0.3790785676215071
1,0.8026874620196414,0.4353986460394476
0,0.2090377789192254,0.5315259051821852
0,0.1476147377553963,0.7734883299776683
1,0.5882036440353673,0.5154194211917654
0,0.6280100343365488,0.7668831019087397
1,0.8796658020297761,0.4049457795926914
1,0.2394309709371209,0.7653116134186848
0,0.021228488825065,0.3894891635752371
0,0.3182487503825781,0.9156713014449968
0,0.7120485784801666,0.7006878451745505
1,0.2476329303225137,0.3265982118768517
0,0.8450838345562609,0.4630362654912612
0,0.9014527195804074,0.9627835760549384
1,0.1491281912450904,0.0069443014707235
1,0.8302406581391413,0.3633137861866026
0,0.6957835479139426,0.6941990755506952
0,0.3425949711584743,0.9140143255813558
0,0.4631678508690557,0.201571792816404
1,0.2085217210914971,0.4133055179561987
1,0.1341227858491984,0.9032618921836868
1,0.1788568382773763,0.6861258154720954
0,0.8414647266468311,0.2214352218043707
0,0.0404731993509077,0.7792209245755549
0,0.1625420467209485,0.6187596559792997
1,0.4320916008081042,0.2817994635920986
0,0.143383479671269,0.2992543534649106
1,0.1082113643634451,0.961676798276591
1,0.1880282017312649,0.8948563675876213
1,0.5749249402718696,0.0780205055735255
0,0.6207036062075051,0.2713015766985661
1,0.0446375202788427,0.661119502944138
0,0.4785546338885776,0.2418776457938306
0,0.4479783443624783,0.5719888873078811
0,0.3733771618180208,0.1933390127850155
1,0.317300196063238,0.8341787436766993
0,0.1225265760324934,0.8383877298284644
1,0.924400154264869,0.808040427781625
0,0.7440601192478051,0.3923694600037757
1,0.695102275496537,0.486910167830941
0,0.4941104770712289,0.8051449125244255
1,0.7194618780360054,0.9161794066140064
1,0.6237170991829267,0.5877265536136523
0,0.4193410032992595,0.2200449591074971
1,0.7019600869890747,0.5422842762288982
1,0.0119511537926123,0.1119422674253088
1,0.2492034848998676,0.3565437347068692
0,0.1411332868211319,0.8044629445871323
1,0.1486993359542598,0.4849422363071244
1,0.0621226663834169,0.5784713473611928
0,0.610400510669575,0.6955246279651479
0,0.4317283246369593,0.5370672536352256
0,0.9447565294674822,0.1853313794821629
1,0.7063146461801963,0.2124256280596994
1,0.8067409462473505,0.3987973398278022
1,0.7774751902824926,0.9118838336930452
1,0.7572213112206724,0.9319042173782464
0,0.3673231140099344,0.2050301946664723
0,0.7802163194836147,0.2884044994748591
1,0.4912835881425266,0.6151647913954114
0,0.5359201848837172,0.2520212419831849
1,0.4758561191047306,0.135259135463047
1,0.4836698305922984,0.58098516705407
0,0.7515968948691809,0.2822783986145932
0,0.4668895168169746,0.6465932926461344
0,0.5225039854010525,0.6847697581314051
0,0.420546345776441,0.2134088502997518
1,0.1843550177809668,0.3605283454149606
0,0.5951554537082014,0.8520635565161849
1,0.2185219583569854,0.7935054758737238
1,0.6177901461999751,0.1253675576218039
0,0.457446994233891,0.1507997464528867
1,0.0283324152420048,0.9507690386416996
1,0.565594191956238,0.9968105492403844
0,0.3613900671897666,0.0348314425205288
1,0.4336361332638611,0.3676626458471907
1,0.3471277815573157,0.6815371934922353
1,0.4729336943461152,0.5013581442496967
1,0.0765923471325875,0.1446426316356827
0,0.1008140460642449,0.6838749286473492
0,0.5192272598983075,0.3708459312394611
1,0.488078470941004,0.92817908455414
1,0.1840694022016586,0.8190612472248188
0,0.2618231569979449,0.1613938465280461
0,0.5506597810275385,0.8967814603828363
1,0.111003986271235,0.5517898041133692
1,0.4040549278320677,0.4200631272062212
1,0.96351405260004,0.7742253314211338
1,0.8343314442885118,0.7577092742567602
0,0.4639800160919604,0.9516977727451594
1,0.2593996563692916,0.329072193311826
0,0.7911219313333501,0.4970276451265611
1,0.9649842631301476,0.7387754779635212
1,0.9600650143944764,0.4303312385792611
0,0.7249834206058396,0.8744771452067728
0,0.2349333604254225,0.6128131635935832
0,0.6576683622928945,0.3496751746473383
1,0.6793824152087331,0.5902079639669356
1,0.1521326413535031,0.1350341096812002
1,0.0274787721306816,0.6631093510736166
1,0.6104856395768964,0.4969659698010045
0,0.9008375698648746,0.9430570140614608
1,0.0807540181504307,0.000710093831291
0,0.4546680561795626,0.5564357459101819
1,0.6903979573440571,0.1681673037628382
0,0.1858436481152878,0.5835150803876241
0,0.8440338404598697,0.0476595723346947
1,0.9991898144041284,0.8877487023543719
1,0.6303807878728952,0.0195586542342121
0,0.5984754132276652,0.6858756753032675
0,0.2563104240200732,0.1240321372576449
1,0.8626251608640401,0.31143769631172
1,0.2569997660929247,0.831374005246666
1,0.0221318547134133,0.6246760851471005
0,0.4198368382896852,0.9908884014381316
0,0.5577194114819607,0.8815544246379899
1,0.0876658284065761,0.639168912446692
1,0.6443881962872698,0.9135362762887292
1,0.7878517997729627,0.4368454342542169
1,0.2869712149952119,0.2991547495605174
0,0.970360663135376,0.0505803776614243
0,0.6228304017073071,0.3599455900924022
0,0.5459084510962461,0.3279549570617935
0,0.4634621199050902,0.8999816975268731
1,0.9188148167216672,0.3310461089399513
0,0.5455141117086382,0.7547423294072111
1,0.0562166936810574,0.904695639636291
1,0.1794468308141019,0.7781897336605772
1,0.9542580914971734,0.7536346397961118
0,0.4403911017154845,0.1916645672839269
0,0.793264227252408,0.6659239989081377
1,0.7675085153242839,0.1133517846406795
0,0.6353852161366773,0.225807923471922
1,0.3205273881282777,0.2837564982390259
1,0.123091301238947,0.0972655084496243
1,0.5006438144440146,0.1389853997996026
0,0.624840281284585,0.7775877341371664
0,0.7652324221660216,0.6892907623412001
1,0.2890064314683763,0.3575776890384279
1,0.7946108109091877,0.7231256986402347
1,0.8745372686716727,0.2294439249630827
1,0.1526784260344238,0.6425761056328427
1,0.8130500545000313,0.4322001450842156
0,0.2148529037383211,0.5138103049051682
0,0.7249288126021766,0.6849057009939323
1,0.9792153122932502,0.824689868166921
1,0.8927326760528864,0.2767186663603688
0,0.507195307174848,0.8778124768787885
1,0.3018687614130909,0.3016895295021676
1,0.6172760432856509,0.4849447982284169
0,0.5305707449568071,0.2637537407608916
1,0.7484021293773346,0.4728233071842262
0,0.25351979532912,0.1916932077790398
0,0.6570877788178232,0.6743744086564541
0,0.9088153557171532,0.5579294155360747
1,0.4757037801464598,0.2164757765145846
0,0.1558966311155755,0.8838183212475098
0,0.7147572406872663,0.8355531335292611
0,0.0688278497923151,0.2655249074829052
0,0.8799761539842642,0.5357959925468812
0,0.8669409540222245,0.5830721059646975
1,0.0730815063633154,0.0502065593007182
0,0.1583075391691609,0.0586925984749535
0,0.6290218070398895,0.2320375020971249
1,0.7255629248745817,0.6057926603527855
0,0.8327342474607152,0.0429690844443512
0,0.0696882751822294,0.3887323477010723
1,0.6574466294183933,0.1215107922368499
1,0.5985467577988394,0.0246570258194394
0,0.4943649777170402,0.7849771924652362
0,0.7567370610417427,0.8571620994332206
0,0.8378453754782108,0.0375061242213839
0,0.6793535965628843,0.3928909567225181
1,0.6491035210937357,0.2115707809023798
1,0.1172533365389901,0.1301227498425256
0,0.4390144879231957,0.4862757033688691
1,0.1545633657298977,0.0909015449099801
0,0.4684568482159871,0.4496659118926849
1,0.1543709744910784,0.1385807274176391
1,0.8963311029538654,0.4106375883200024
0,0.2385515556595652,0.1866867474161868
1,0.9909970166376642,0.379743489530976
1,0.7363919054976825,0.6654155402337342
0,0.3515058340394601,0.5768304414277997
0,0.5752533258722983,0.2988867816458421
0,0.7479618800789759,0.3353749531655602
1,0.9365243450659904,0.7838156092573803
1,0.3890150329117807,0.8724675522890729
1,0.6801506579271716,0.153809192238721
0,0.0493205883521065,0.2617974401002821
1,0.6928410029771895,0.1821158287589044
0,0.3401827385967325,0.1404326922094849
0,0.8017438932527478,0.9383679572482658
1,0.616225949445536,0.485457086281935
1,0.3071629049187138,0.4451395259264886
1,0.7446230792565041,0.487395648435585
1,0.2907270752059216,0.7886777805337523
1,0.3899055858089481,0.3439560043858071
0,0.3197823791178334,0.5946329318807122
0,0.7036417000493594,0.2367288317215595
1,0.8184575192739614,0.812826070567868
0,0.471747482224146,0.3142783421105203
1,0.7034566664388686,0.9059931167766536
1,0.8995067769085611,0.8094108286567775
0,0.6990066703164876,0.2600278135234672
0,0.1768066655697189,0.0628511905446778
1,0.8780000841953263,0.8537729132474101
1,0.1729343568286615,0.8133195146032577
0,0.0109284534427943,0.6867323811780832
0,0.2459154326878175,0.6404836934587399
1,0.7868902288239344,0.8925136949468818
0,0.3624304782628119,0.0830282620193341
1,0.5265719916950348,0.1164849679698191
1,0.8801670605018306,0.7136165054535386
0,0.0712658156338048,0.8422336254407433
0,0.9522285663590055,0.5457376002083144
1,0.0186993417264504,0.9715771067362716
0,0.5748964738919041,0.7157702264690624
1,0.467773545503981,0.8539806012210075
1,0.8116169324790052,0.6807294419554779
0,0.058897812471255,0.3282635669517776
1,0.003744383745125,0.0379126463169243
0,0.5060525551120383,0.2636328312486371
1,0.0051788667616166,0.6620591315887571
0,0.5062061868330617,0.2258570628243047
1,0.6557303116877145,0.2057366538449035
0,0.4298611745844755,0.6169480122762135
0,0.6362345559412687,0.7665055322512773
0,0.4232300203972937,0.6718497783888349
1,0.5482001059709983,0.073599913650963
0,0.0332767610964392,0.250046170128575
1,0.0701016706897099,0.9790154555513848
0,0.8401702392910352,0.4876093394257912
0,0.7188685520339358,0.375268184265881
1,0.5748359204044751,0.1411453892070814
0,0.931333840178561,0.5741175848740057
0,0.2984965498012755,0.4870218671677629
0,0.379377135401608,0.6496231846706215
0,0.1011181529187781,0.68128108162614
1,0.2051006614242754,0.7016462395201937
1,0.9992857302989868,0.4448420593383415
1,0.9133525235891252,0.2901453249005469
0,0.3821890153941341,0.5595971470468765
1,0.4342258635105164,0.4304873439994336
0,0.3941465477087866,0.941998202744036
1,0.6657649441935202,0.9816312412696466
0,0.6118348843980185,0.8839136708889055
0,0.7387708697497074,0.3273960985950855
1,0.1949709858169228,0.2424651111408711
0,0.5804599134450407,0.8659114720134037
0,0.5452841164738841,0.7645634115299688
1,0.2983922607869991,0.8776010324889939
1,0.1238099490264332,0.4518285013753905
1,0.7072337592299568,0.2191820954427048
0,0.813530788291281,0.5445309630260631
0,0.8322913775423174,0.0765378290653062
0,0.3808526668836987,0.0458873880997394
0,0.1850228975374435,0.2211939454280872
1,0.4822395910476045,0.550225693474812
0,0.204261009723834,0.4672979555838601
0,0.6894721640068884,0.7678029135590121
0,0.5375473528711148,0.2336295324990128
0,0.9389783332715184,0.9112458921361892
0,0.7949673327525267,0.209819815724815
0,0.5075261847078616,0.2666890234872102
1,0.5899970399856321,0.0118939596361501
0,0.1023336295294378,0.4127154550988867
1,0.4863111779847264,0.977976959377054
1,0.1164501425695283,0.1086365773363479
0,0.578401129147361,0.8861899345511204
1,0.989478571991794,0.3066089351781054
1,0.452001608771219,0.8721555813968515
0,0.67832809263493,0.8034170413927617
0,0.7204595801156128,0.8149575367843092
0,0.1249521945905225,0.3347126761820608
1,0.0835935732080712,0.0133920732931605
1,0.95613053597301,0.3095618880290158
0,0.5628974984992906,0.7831293136351584
0,0.2465438760299719,0.4511337590868914
0,0.8935460169057114,0.0020746006342668
1,0.7286157572654822,0.0151192320648981
0,0.3518286036098759,0.5619664937908142
0,0.0178471634164282,0.2753276002887183
1,0.9067364910902032,0.3149582981238972
1,0.9210092010052956,0.7939377957517745
1,0.4480732874406381,0.2485412528978043
1,0.2592487034635711,0.7691618226304013
1,0.3907389904705228,0.3594047612763381
1,0.0353529170378811,0.5122962628722636
0,0.8150617850004673,0.4593399708917708
0,0.6368079750500751,0.8750260824945347
1,0.0049701719144945,0.1432990801424181
0,0.1445165224497893,0.2509751789134543
1,0.3890072316962908,0.8447740367743898
1,0.1510520512432996,0.6578409215753283
1,0.1787307813070919,0.8708559135583192
0,0.0765150145033942,0.2358256404960945
0,0.5593591057257467,0.7853089737857996
0,0.2077600779908357,0.1367408003125901
0,0.2554027687271432,0.9712587668942182
0,0.2952800326966055,0.0845649952681356
1,0.4417066027511213,0.4387844343467586
1,0.6225309585041723,0.6222398733488488
1,0.0220727043696631,0.9838645002675374
0,0.047688831194652,0.6994347711169573
0,0.9119994230177744,0.9334317142320598
1,0.9950157151338928,0.3410484898100068
0,0.510516524073091,0.3537735826305545
0,0.3944542246482477,0.2134626948225373
1,0.8322808744128568,0.400762168638277
0,0.3706764576956828,0.207502410851239
1,0.3938834053669473,0.3120664867368992
0,0.4333248758726761,0.979895585567885
0,0.6208334030594629,0.2306690166404588
1,0.8885050014751561,0.2604937097277103
1,0.1894460864400307,0.2999670712803831
1,0.5330431298998,0.9598251632912306
0,0.9386450641663808,0.4659172261844244
1,0.0630847241166555,0.5394147749169528
0,0.9204885495551464,0.085116297388974
0,0.9356800666436456,0.4737145451427413
0,0.0069520254927568,0.3669248122079122
1,0.5753858897626793,0.5067183193046597
0,0.1851608274145536,0.9580647545919664
1,0.4555819464621901,0.7607536027667744
1,0.6657453567990128,0.1667265084725255
0,0.3955143008883612,0.1743955340636355
0,0.0705104138893166,0.7144999553007385
1,0.0782089048068132,0.9532631844275536
0,0.9883747065911124,0.9743592943023688
0,0.0871950926287468,0.3077881337073462
0,0.6600940858284333,0.3943207096717138
1,0.1245193636579614,0.6460229082909258
1,0.6742323039145426,0.5181962069038321
1,0.4077212365809943,0.2412636524884587
0,0.821298567352435,0.9253843893867456
1,0.4156630173253701,0.7483579860462998
0,0.3916176462831259,0.5080195077923537
0,0.4192715875523787,0.1216231437921069
0,0.6537288907274522,0.8131712834487612
1,0.9962779078202256,0.4114604569941722
1,0.6046439508803892,0.1900753712300452
1,0.3288328080839309,0.7666286857245864
1,0.967361948352564,0.7667356614573395
0,0.6701289983188029,0.4311039911191906
0,0.7340610527272086,0.812104523030897
0,0.0558320958015953,0.7233840630193573
0,0.9623300344737028,0.6451731209691111
0,0.7854205018519201,0.4979555906837268
1,0.8701656730552099,0.4338553531848982
1,0.7944307732523122,0.7263357638638612
0,0.2994119822170565,0.5434049194859829
0,0.8403260228724634,0.6056581342484166
0,0.0103580958449186,0.3744376239370209
0,0.962082637363046,0.0931772424790249
0,0.9058634220688008,0.4720470708717742
0,0.3806488859493258,0.58916129608169
0,0.056445275435731,0.6739099266628572
1,0.2846590286309534,0.7031489634347262
0,0.4191216436097084,0.6372595864096574
0,0.4941419444659309,0.3183085628979665
1,0.6346278170066177,0.1460619765398274
0,0.8473538634306197,0.2190943445266353
1,0.9810679487550754,0.4040700110892486
1,0.8888057188227966,0.3743664269198408
0,0.2678551116408091,0.1275060996151814
0,0.9165116333783472,0.6525495929967939
0,0.0510067570203897,0.7048013762195725
1,0.5212204451941699,0.9802190669807074
1,0.2878534379302794,0.8634554846643749
1,0.0172075811809164,0.6297897137885375
0,0.9491059611728466,0.4650323129866965
0,0.1306137222635222,0.7176356295325911
0,0.3732731070142228,0.2194199941773379
0,0.7322870121685124,0.6809629522423608
0,0.974152609515872,0.5208036985030481
1,0.063988454419496,0.04754228277875
0,0.2957049975401831,0.6306612689653035
0,0.8171902861461809,0.5459469014243843
0,0.2338616573441149,0.6648399758837792
1,0.1381689995096727,0.6578612811664432
0,0.6964213569547868,0.8192562363150498
0,0.8650468345815365,0.9193738831069777
0,0.7870395485727271,0.9220276115012944
1,0.3571054631268543,0.2586569241373114
0,0.6677699065295655,0.4452604224271737
1,0.6675158761358089,0.6203296570386707
1,0.105430586101988,0.956672337856918
1,0.732483576485061,0.0013533814177999
1,0.6663897763377779,0.5055203914588927
1,0.0217475806600916,0.9147638563013571
1,0.5489417763358457,0.4571026828052085
1,0.3167952583091177,0.3660614249345949
1,0.6802795565230562,0.917946394804542
0,0.1011807129164359,0.6815718260121764
1,0.4766609295894398,0.923928492846839
1,0.5303790563785867,0.6185159577731353
1,0.2352485708644246,0.3273495177501477
1,0.5629770011884446,0.6509699848543554
1,0.781054664515988,0.1621879589618456
1,0.6648800151059253,0.2044511435447368
0,0.0703415519675749,0.346774150288599
1,0.5694164591138893,0.0496130327026806
1,0.1694263755817762,0.6768965627583963
1,0.5968847178355835,0.00611122499222
0,0.4762181463017746,0.8503741486004792
1,0.0091565750201717,0.1664291887485186
1,0.2311359561245816,0.3042166217667115
1,0.1739192559149572,0.715861923590853
0,0.9301236031114776,0.1544140786356176
0,0.5063064412279842,0.4484171922838406
0,0.3650285298349193,0.5676097077133407
1,0.4515678629497184,0.8251448798186205
1,0.6363786408591537,0.2012547625735772
0,0.7056901918287626,0.4143249288141978
1,0.1134912225954103,0.052928802391583
0,0.0536367760315518,0.3147295232025197
0,0.8108445958416016,0.4664339055439815
1,0.9314840303575832,0.4258162444611406
1,0.4152760741396173,0.7626032517901185
1,0.2961480268625011,0.2247499720929352
0,0.7074237123840411,0.3468446187058738
0,0.8465076301908827,0.1419060494306375
0,0.8507370143641867,0.9422669722340512
0,0.7922278613333802,0.0387890063314
0,0.5214390209170366,0.262209673663365
0,0.8895700539046442,0.5251940215809249
0,0.310877731139122,0.5242660155192205
0,0.5445966859665542,0.3784980169699911
1,0.7135639676303386,0.0065693606898623
1,0.94931492279064,0.7380977348016031
0,0.7455172270799545,0.8009166267076007
0,0.3074656570932347,0.58152089109701
0,0.9818732137849462,0.9082681539995288
0,0.3569446056332298,0.1709025987907568
0,0.752616276294945,0.2944884578676648
0,0.6754010423067816,0.3531320353114616
1,0.1008750263466622,0.1319170196744008
0,0.5804853407085419,0.8098872508405506
1,0.2931143349515157,0.3943549626252547
0,0.8333976127612875,0.5815163767584917
1,0.2035580871021407,0.8479588078392549
1,0.1418585590859188,0.199527622497226
0,0.58576524707257,0.3868994974146215
1,0.8006432199835012,0.243896808847389
1,0.4898518825183603,0.933300686103331
1,0.733173735256117,0.6530445285157525
1,0.237310164799435,0.8502534120708193
0,0.3352474873491335,0.6702555646852943
1,0.4420743052855204,0.3436617998929513
1,0.0831046632263001,0.9624916518917052
0,0.3772663085575601,0.1481413008524086
0,0.9925496983344372,0.0728664348223854
1,0.7166496772072349,0.0839600873988074
0,0.3688864837244836,0.0112979411994452
0,0.321930408169491,0.0745399630308767
1,0.2473083077285407,0.4116300924761106
1,0.4400499105214084,0.2294412310614733
0,0.0608906380115348,0.2447496275345182
1,0.137208997651052,0.5697008158658984
1,0.5721937089376707,0.6281923090822081
1,0.5730147255561545,0.1571876526555711
1,0.2231075259149829,0.8803777147625046
1,0.1739127782242407,0.6786605915124387
0,0.1134447366912069,0.8031016808311688
0,0.0077717493467749,0.3937452736382105
0,0.6245712531326222,0.8924692038244628
1,0.5209676966478691,0.6258502840564316
0,0.4650690499234251,0.4786777387542777
0,0.1299383410877769,0.2299926660558692
1,0.9046758072035948,0.8948754313969904
0,0.4214480874152048,0.5070564835663682
0,0.3544002815272431,0.5557288792594272
1,0.8141353349116385,0.3218864755939919
0,0.9189925430635774,0.9089512480956486
0,0.0834079031496969,0.8877026100493126
1,0.6648545177188403,0.0007666583907007
1,0.0454706333520006,0.9296800490422116
1,0.2262318648862535,0.2754091157855755
1,0.915779916926926,0.4321821977834913
1,0.2190354289548927,0.4374455793803077
0,0.1088775386469134,0.7196406372806244
0,0.3678162392712278,0.0950750043108816
0,0.9462808512730306,0.0082340523286033
0,0.9557495312618048,0.5815458048897022
1,0.1452733872693099,0.087553407089394
0,0.1726824190329452,0.4914780594954061
1,0.6033008394559867,0.9332646385516752
0,0.8366055266423144,0.5768385319983573
0,0.3016295392895998,0.1845990424307658
1,0.4576674486299303,0.8284701642930213
0,0.9179557375817567,0.545823004708369
0,0.9517141782030536,0.985581291358398
1,0.8397221593090425,0.7163792831759345
0,0.6945746420807517,0.3351413576172503
0,0.106559440592473,0.8615849256045444
0,0.2180002597005813,0.0563088446495538
0,0.8022852844237168,0.5669883561809698
0,0.5244096551140421,0.8459307543138505
1,0.263981001332086,0.2997814010597381
0,0.5293113440803853,0.2352698022603332
0,0.4660035939188766,0.5719278344905133
1,0.5874181282756378,0.568082486280182
1,0.1506495771042681,0.641441714741574
1,0.7652514754471117,0.5822915513367359
0,0.6356339439164197,0.3290363469754792
0,0.922923804505205,0.0201458347365151
1,0.4524841742768137,0.3896216049776427
1,0.9929735209306124,0.7553891090376343
1,0.064431911139933,0.1604741208616067
0,0.8819881416019651,0.5154423065042089
1,0.7819378684909943,0.1105832300732074
1,0.4755181478268324,0.0661219843290485
1,0.8574393321541017,0.7543442835265668
0,0.5753904137758491,0.682214325328194
0,0.5042138895432695,0.783787927258406
0,0.3180922298612566,0.0165483436786284
0,0.5906182095118573,0.3597978666548647
1,0.6922583500349407,0.5050295842529645
1,0.6706754040884578,0.6147872186014263
0,0.2509420813929777,0.5865290353836438
1,0.1755567545045889,0.7926812498577082
0,0.059326041067249,0.8174944543227117
0,0.312011431604962,0.4981793630281131
1,0.2304657341962996,0.8386958606101598
0,0.3537415399564612,0.999520936596614
0,0.1588514115011051,0.9598412748270948
1,0.0884352346126396,0.5437394038533433
0,0.940304206261873,0.5446200656383925
0,0.1987846054690722,0.2172735358151467
1,0.5749922841392364,0.0840065242182505
0,0.9982811772671056,0.467958513887635
1,0.1267167212685831,0.1650708350277461
0,0.0677260239405863,0.2317144945707323
0,0.7631231304459702,0.8226377315227303
1,0.1484563308038302,0.1756314919370531
0,0.2119268307445343,0.5383694103009717
1,0.3874022218215065,0.2933999689339106
0,0.4840852678374049,0.7038199018327951
1,0.5088835267972078,0.5975134273007414
1,0.8273137976267803,0.2506921610660222
0,0.2818638106400217,0.9694725672363208
1,0.2396306469879019,0.8766235804743083
1,0.6867415433491587,0.478812604730557
1,0.9505212527033928,0.3406581950910073
1,0.5374790221333795,0.1354616968022584
0,0.3780660350877461,0.5557086849618863
0,0.3043858018641617,0.0023977299926749
1,0.6261174749966041,0.5799830362776528
1,0.7755320975417537,0.5907307413021522
1,0.1387728873483111,0.9565208753674476
1,0.8697583661069505,0.2525993688788002
1,0.6221965252397778,0.4758951543585675
1,0.4592934618413308,0.7938806190904648
1,0.4525414359202689,0.2745853805054921
1,0.2126731461863211,0.7798851859477226
1,0.9567702644525968,0.3125113962482466
0,0.0510158104411265,0.7944288598896081
0,0.5601109583520755,0.2651437414576522
0,0.4742035340496702,0.7519328029019224
0,0.5808750447719819,0.7108571646019674
1,0.9243841070696412,0.7887157434610439
0,0.3828533374055739,0.0622760327010205
0,0.3544570865105069,0.1558891850016031
0,0.6616649484146943,0.3568934231896693
1,0.6119149278279554,0.2081407545285769
1,0.0491262390599698,0.584779718928874
1,0.5130302896005173,0.4611011911918848
0,0.2178181098406738,0.0799017170628264
1,0.3700981278234135,0.7656467180556128
1,0.0018712043681586,0.1802942194728551
0,0.1788684536720471,0.1503798227612859
0,0.1912159845302334,0.9059169656766526
0,0.982261286412852,0.0488098403280208
0,0.8985816423673332,0.4786879250026277
1,0.9652050920641604,0.7544167022040286
0,0.1983587825775284,0.5542597195415958
0,0.3466503608789192,0.0800526428015154
0,0.5764721222508824,0.822952978125399
0,0.7703693612328678,0.3188459908986742
0,0.4063270998313152,0.6478106000605923
0,0.9474138084278888,0.4653095977883308
0,0.4296974622591033,0.5686243243135306
1,0.8585634279527966,0.8150855088536872
1,0.6637750694204864,0.5545802378828321
0,0.8409229799574134,0.5738966631962403
1,0.9036993445053244,0.3440291965692295
0,0.7676070099080313,0.2580072495934841
1,0.4514077550741733,0.2305255979811987
1,0.3989490391624728,0.8850772312815426
1,0.6520715408091871,0.6125530447242278
0,0.1973041968995413,0.2220260097596421
0,0.4275670244854245,0.0544759407421968
1,0.1254754447549061,0.9454486485762388
1,0.9335465557145576,0.4370322092018008
1,0.4129669152478308,0.4191995664115029
0,0.0884889998767068,0.2443989389261084
0,0.5049683952912039,0.3011014253385971
1,0.1378122535041652,0.5874253638923563
0,0.805509980271421,0.5260372194271087
0,0.3296116764552798,0.0360862591605075
0,0.339496741261972,0.933677135600605
1,0.2394059298219839,0.2996861216382792
1,0.1049139496413227,0.977696543399968
1,0.1177150224478872,0.151724023676956
0,0.2927281360724343,0.609010622032188
1,0.0690798972223899,0.0099636753946966
0,0.2687854061491085,0.2210134399151637
1,0.6128792274248054,0.9316728467913574
1,0.0626791770431389,0.0311947376712228
1,0.0379605540544454,0.6081395343061877
1,0.605051705234794,0.4879306767873157
1,0.0721328951365277,0.9763542301361274
0,0.9593437458992796,0.9498162277751716
0,0.904468878408312,0.919323207123346
1,0.7513414438019481,0.6038492547786034
0,0.4397425800229753,0.0492937005161315
0,0.0492230270363565,0.3290661249360742
1,0.5188013880488193,0.5190340398221536
0,0.041706466031566,0.4242386935869043
0,0.3874944360559089,0.458936241822056
0,0.9955310731258536,0.0644959915656228
0,0.1527928600174263,0.3976812830234945
1,0.5235485160593828,0.0790070382127644
0,0.7824830962603798,0.3826312629004536
1,0.848957835031345,0.8605839916770543
1,0.4740018518398767,0.4557260048547098
1,0.190386408096953,0.3234340154544239
1,0.7904528814816085,0.3637396208800953
1,0.3833808032296286,0.3330261316201367
0,0.5372876720997495,0.7568446765340965
1,0.5989158777966512,0.1201036265233351
1,0.4057497812507696,0.3955212914485976
0,0.2513273315949663,0.1840972056816097
0,0.4458605346109481,0.9530154077433064
1,0.1663734443003601,0.2312458455319744
0,0.8450805864165131,0.984502133307148
0,0.8141193450960752,0.0883155527756701
0,0.4788079334015556,0.2752141883462636
0,0.9114091489861524,0.1438085921631281
1,0.1392941111763197,0.1423944646497952
1,0.3269436019982426,0.4333400914818411
0,0.4012150439677099,0.6135063808094137
1,0.4023998460841104,0.896947276310465
1,0.5533283706749712,0.4797925053316501
0,0.7307987799936038,0.3620880864303217
0,0.407588992465967,0.117192842789932
1,0.5053210871480088,0.9625695838439556
1,0.4377149883116857,0.3682553184156983
0,0.5158072004032074,0.7014605755165093
1,0.0059401510711166,0.6267486283773384
1,0.20621308095285,0.3523495561842498
1,0.2133431298913927,0.7681091728452005
0,0.697717078242023,0.8902223133219224
1,0.1565166203247074,0.597908141294802
1,0.7756942258346824,0.5930316207530044
0,0.7905512394587976,0.9848030443331196
0,0.983292778808024,0.938782005107024
0,0.8970176785131111,0.5411438721735725
0,0.5504219685207516,0.8592923886591367
0,0.691412523034272,0.8067439065299078
1,0.4488791681465681,0.6761949737236875
1,0.1552999169630363,0.6024142444815842
1,0.534265357036328,0.5923432902934771
0,0.1946659965363981,0.1996950840614472
1,0.1169944556823527,0.1954290428528959
1,0.5365060187343281,0.1524262165121707
0,0.9524130320610414,0.9610822385281278
0,0.2525578407265215,0.5406589025075239
0,0.3431035115269331,0.5141745136982677
0,0.134271266134775,0.400542931663728
0,0.2157555332109418,0.4877630334884708
1,0.1805658313716572,0.8972050227334568
0,0.3923085935855482,0.216092584641082
1,0.1363249759801081,0.9512322982531748
1,0.9823092841469618,0.7055008238288748
0,0.8703712036539428,0.9008959580427724
0,0.8193281890141026,0.988569774691196
0,0.117723184759129,0.7070289631424787
1,0.3618512586009191,0.2778923110302151
0,0.6184229915267533,0.3862035785968444
1,0.247976983460236,0.4419025283079092
1,0.6845278125436436,0.4723721327469535
0,0.8987294458128644,0.5127399325188917
0,0.6325311374552564,0.7531788601260389
1,0.706086573656451,0.2003866082046832
0,0.0962854184250004,0.2319387238700715
0,0.2007457967348002,0.6033448772121147
1,0.3239818110299121,0.6971276918964336
0,0.2363482024926435,0.512917180224863
1,0.2035568346689126,0.4002016420534435
1,0.8635990206488288,0.8224474565618449
0,0.5932178763046065,0.3809303044609261
0,0.1851924769829899,0.0780433733520843
0,0.1329664548325496,0.3641031466516971
1,0.7226025899308892,0.9094021256015036
0,0.7719085515101555,0.8071041707556773
1,0.649178881709915,0.6609836820665009
1,0.6594404392094252,0.1469848651813906
0,0.235981539741099,0.4944638253954138
1,0.6250431450887675,0.5567212517365058
0,0.4513578357734169,0.4499390401830067
0,0.8286582361441635,0.924681306297482
1,0.3572411739227905,0.8145016507587792
0,0.5409868527889636,0.2316537222462406
0,0.2885819503278735,0.5855106086866811
1,0.5538837993739611,0.0084606617484295
1,0.3585796947416488,0.3862821711531307
0,0.6159086121383271,0.813882261513239
1,0.4086671245617227,0.7751325498733457
1,0.7092623592001682,0.1223205555491411
0,0.0937194205346642,0.4195335727158144
0,0.4888663465867356,0.2376965910638947
0,0.8709594105620044,0.1480051043872571
1,0.9979379253094964,0.8594298231554572
1,0.6039948511336866,0.6301772717175836
0,0.001676374863517,0.8091166164569731
1,0.321124209839318,0.872801417503903
1,0.1605140592587197,0.356025981137666
1,0.3642879434338869,0.7605043415240273
1,0.5857114654267349,0.6375632626653616
1,0.0333352771726628,0.1518141809773797
1,0.5084576172716369,0.1751183611946806
0,0.7857928680834297,0.0238677557495081
1,0.5373523579758258,0.1824413374825622
0,0.8699018421001853,0.1619813425639056
0,0.4829177794148263,0.8678807171529486
1,0.7240805171234111,0.006519062306612
1,0.8868951905090482,0.3673160638723595
1,0.4102615576234019,0.3751506804924963
0,0.7824278725910971,0.360364694625148
0,0.1715622714801568,0.54396325961303
1,0.0389447659633475,0.6020246450032981
0,0.1484459563464202,0.3633148768611833
0,0.5704540725151768,0.3410391073582874
0,0.528777889596297,0.3624379047771038
0,0.8989609830647123,0.4664711434967054
0,0.4661764683962394,0.921893327158631
0,0.9443127435567462,0.1539313369753785
1,0.7629432662223914,0.4541492360976008
0,0.0135873881307619,0.3446532921820346
1,0.9566626274149896,0.7222639364550183
0,0.4732387815545857,0.4245446109548039
0,0.2879868667285296,0.9078135315290756
0,0.8471443212933436,0.0313515353400343
0,0.8784125019995221,0.535831348330986
0,0.8472872378930602,0.599750581066867
1,0.7185854732371226,0.1311784841813115
0,0.4568138789845258,0.9000585218368167
1,0.5593008034513619,0.5859771619094689
0,0.1350560568847616,0.4237082994457747
0,0.755404406136782,0.2633951144681556
1,0.814862278070574,0.8177928490106774
1,0.6069624355461579,0.6163180281265478
1,0.2220297191189797,0.4477187583822051
1,0.0437785947884267,0.1903680155665449
0,0.3140282654164423,0.2222561631817637
0,0.6067189217003904,0.3641550280117699
0,0.3319971345926786,0.993376321441514
0,0.415445068411614,0.5211464843062947
0,0.8557257013885597,0.4679563735303967
0,0.2479644746548115,0.1068853683801984
0,0.9856146085965728,0.117854232057621
1,0.9375539958092012,0.7748421596861501
1,0.4961843153340886,0.082971612722291
0,0.7870132216597971,0.5819438883155938
0,0.4105362842172481,0.1172466380429632
1,0.0289909307943535,0.9317159285054556
1,0.5780484328485228,0.190926887023949
0,0.2736733060054532,0.1488615239276636
1,0.7665856127371008,0.4661619414624063
1,0.595758532734408,0.961638387209308
0,0.3881848352313007,0.057637754321589
0,0.4040817215727947,0.4908393433501499
0,0.680561546115558,0.6767831977396962
1,0.6247082290085829,0.462135844761625
1,0.1914939235473721,0.2861928531063364
1,0.8697909088909521,0.8192519124591792
0,0.5919900746756631,0.2469378913216072
0,0.8885343545891954,0.6027424026431872
0,0.3236244301788831,0.979965068628253
0,0.2897791078643312,0.5347465731329811
0,0.1713647702726394,0.6422615845618197
1,0.6445728019340141,0.1237252673225778
1,0.1189831459486672,0.063449946402204
1,0.1285755286293319,0.5803705450656046
0,0.73503456819099,0.7575452770478515
1,0.4353948577535088,0.6946206481459217
0,0.5812398054065583,0.4044804964377988
1,0.1524194254873797,0.505313754911685
0,0.8710100064180207,0.4669331987801444
0,0.8186105070491977,0.943473851673165
0,0.6254999601773957,0.3058433949931323
0,0.9533851147332996,0.1669398832590246
0,0.0277793179466133,0.8266157328479586
0,0.9338612962249416,0.5386681188322194
0,0.0532631493164768,0.7516824889870892
1,0.7783474018428875,0.0503962792648556
0,0.3896989479208197,0.4807944306938868
0,0.8391447800209345,0.6129139681557767
0,0.397799082620013,0.1044063661579172
0,0.4437536136384852,0.9639278000220632
0,0.8044066433843798,0.2023369271600855
0,0.6073016909730428,0.7307294602364808
1,0.2691590033987092,0.3281885990406161
1,0.1487306727464052,0.6417251735729684
1,0.8791112230180077,0.2561456281223584
1,0.8397054133684844,0.4413395047413168
0,0.087587257372855,0.753963584569425
1,0.6569039586819101,0.0582124809867592
0,0.3085347662685579,0.5313725653883172
1,0.3228999855941522,0.742141719681615
0,0.7980058990490453,0.2196095785185543
1,0.6000046258343527,0.1559136509717669
1,0.6055131325097196,0.5228565448786998
0,0.3507471023735057,0.0580633689902555
1,0.1924287440374339,0.8788065505095637
1,0.3690169852721419,0.7581096236688368
0,0.3674297491664328,0.0625919453407669
1,0.6941919895684459,0.6586290945721185
1,0.8744550756251538,0.3559690878658295
0,0.9476228373724824,0.9213651667049794
1,0.1866071162727511,0.410025910278129
1,0.4395243546598524,0.7445988224375834
1,0.920834846690929,0.6918264659799642
0,0.0076060228324221,0.7620750565610396
0,0.6288629794742339,0.8252280013884904
0,0.7860088160391159,0.113218845828019
0,0.9343053317628768,0.1447753307816516
0,0.6381484704347189,0.8865716275324231
0,0.0912073646994495,0.2740423731907452
1,0.0867487407988749,0.4497885192673322
0,0.5760853475137894,0.8538950458122248
0,0.3436792522725402,0.9697780233922052
1,0.0587608342329178,0.5937569803192058
0,0.5923580998858966,0.2674910251087337
1,0.6436175180919435,0.5917397637756886
1,0.2516374758622129,0.6786067691620885
1,0.1803195202894545,0.2976873486153091
1,0.5029809060283701,0.6640161177328857
1,0.7364450487231669,0.9156330424583314
1,0.3431315956263893,0.2710398376700372
0,0.1114114844628062,0.4081751413712359
1,0.5503221619522253,0.9740686996184458
1,0.1523494423989557,0.9839744278692866
0,0.961139801384588,0.1544997722940513
1,0.0094785262034537,0.2048579821791882
0,0.1726589999354808,0.1089603657681607
1,0.5128297620636121,0.5443312094140738
1,0.9525539620448856,0.8653376777957602
0,0.5867532911301617,0.8797527787687381
0,0.6138318517897716,0.2538636321876376
1,0.6039688629853066,0.6671596144344252
1,0.5096165716822169,0.6004275875394214
0,0.2607373746178717,0.920006362421637
0,0.6339394509547331,0.8621074882344067
1,0.1400281738940494,0.6225508510504695
0,0.6736794841440434,0.4200470583085851
1,0.9704093872970144,0.3716865288575585
0,0.042065941956938,0.8859452549781477
1,0.4835169294251435,0.5329237640560793
1,0.8092961697039915,0.7755907347658286
1,0.7060374275008745,0.2127403972560529
1,0.2817259914768116,0.7503306081013215
0,0.9146542079083744,0.9030825844928384
0,0.7357907429333451,0.869074140641943
0,0.8295682573934144,0.0161504963535565
0,0.93229264495049,0.44919218212259
1,0.7222441716333958,0.1619161682696356
0,0.4892962309337098,0.6824802705793742
0,0.397832116967952,0.1518330641593543
0,0.7195102939220461,0.8368287066733391
0,0.9678741901002964,0.0746744537665006
1,0.9153293385304924,0.3285688756207058
0,0.0710096440579874,0.8238764041801554
0,0.7271110154637965,0.4229913839634351
1,0.809613509725598,0.8780755025416562
0,0.40451145973603,0.5771167383337412
1,0.0854221219245207,0.985805862119327
1,0.6456968756052733,0.6318120937879327
1,0.4996328580040088,0.0805791841696705
1,0.1806685421241796,0.3309054972045293
0,0.2790662961162176,0.5756342068355089
0,0.9401087437041536,0.0036150881610693
1,0.0097691731414588,0.0984504143599487
1,0.3113547565550014,0.739851409734516
1,0.2284515321774184,0.7953819175492176
0,0.2074012508574352,0.6340480932178865
0,0.2625730409980454,0.489750642660285
0,0.9464331879011466,0.2081461552884619
1,0.8488252389629269,0.8463769773610893
0,0.9717068406178084,0.5461082336671029
1,0.1627752853460301,0.3408610619322311
1,0.0468309061739216,0.084136191865098
1,0.0990601757207557,0.1390192061533165
0,0.9196606874071028,0.6056241749023761
0,0.9054782327674188,0.0694415578366797
1,0.2698177916934073,0.3110975213144079
1,0.7527219587345668,0.0472096238689914
0,0.2118626745201035,0.4503902957518929
0,0.9327316572816444,0.48097088898229
1,0.0661064796702791,0.2020014222901933
0,0.4706322953454984,0.0498931294821847
0,0.7337009424998655,0.253688226853954
0,0.6771129800810686,0.3423059503309849
1,0.7102721048073519,0.2162302928144316
1,0.4674997542268954,0.446848539232459
1,0.3673116995773349,0.8725955346338481
0,0.9935300668483956,0.5432662632319757
1,0.5053638033314024,0.0364050754514322
0,0.3908668361156604,0.0758035721572413
1,0.3826837109209903,0.4324461953498097
1,0.6363072808414175,0.0937858206358167
0,0.8001847210393777,0.9537763024646568
0,0.1098464393562346,0.4480920302731479
0,0.5532708100777383,0.2653887326069392
1,0.7069263649146459,0.9218298084615224
1,0.8562788199087722,0.8179695559696891
0,0.1839259821774718,0.9126064757423772
0,0.2767598531349089,0.1938736716040209
0,0.6309378203082854,0.7364740003412301
0,0.2513272759391414,0.5753606825634431
0,0.2678182982820062,0.0076106190292251
0,0.6096746102260774,0.8617484817734455
1,0.2038368829394456,0.8028259794543913
1,0.6562803715513316,0.9773941906433432
1,0.0621024002841761,0.953309853788835
1,0.6310576694300052,0.0025284542730433
0,0.3571385012958259,0.6365969329308584
0,0.3213316297587685,0.6615400375225121
1,0.691713609024411,0.5015488975468999
1,0.3327319896403988,0.2302912639465858
1,0.53115958052791,0.5579507060509126
1,0.7643173474606952,0.0164069721315306
0,0.3479136829267828,0.6331810308123081
0,0.3390102142823139,0.641440452327535
1,0.12314526556196,0.1289555525015094
0,0.4522472983845351,0.5628176204730252
0,0.1684337349391247,0.5994045779027051
1,0.2141818287887167,0.3654764475929936
1,0.9634616037191712,0.8290030768301164
1,0.7343371494365042,0.1011183412417042
1,0.6840816344462316,0.0692044247870333
0,0.0464401125833042,0.4306109543629421
0,0.1584447696837373,0.5616184303749479
1,0.6381612523852402,0.0713659834621877
1,0.7049811281195147,0.952761808245582
0,0.1010096162491367,0.6806807532875649
0,0.7460158637851534,0.815986959137986
0,0.0616029901940676,0.2678476887461533
1,0.0755873804740103,0.183202209327824
1,0.0937766371202242,0.6077985067131134
0,0.9727003545763674,0.9580603632035504
0,0.051976471348835,0.2671131193016933
1,0.6158566570334577,0.9071301384578286
0,0.8792782154145735,0.9637716829037832
1,0.2945228334687307,0.8173999225226142
1,0.9755576693461728,0.6950851642234224
0,0.9752681088270464,0.6014173459490402
0,0.2189472764461043,0.5479662401159796
1,0.2994647112178181,0.8795684731308703
0,0.4788735247624961,0.2735400087804033
0,0.2968986154896265,0.5965541659395917
0,0.3894252430176823,0.0132205488502693
0,0.0121295197594463,0.7469054890343398
0,0.4025094303095923,0.9748138375529304
0,0.1056822876861163,0.335424570373353
0,0.2884378144478403,0.0892720022844173
0,0.7007642404178612,0.7142951847437918
1,0.8176622661646648,0.3930829662854616
1,0.7229714261766766,0.6106045419143126
1,0.2471933929802501,0.7498160496739608
0,0.4712513118890359,0.2429261947945739
0,0.9447828638286926,0.0143539612657332
0,0.9666292886266254,0.4588403783230041
1,0.3123033905211022,0.4049087868886113
1,0.090510749453763,0.5781948193757476
0,0.2483087180416107,0.9078388075713
1,0.936445818984894,0.72191800296949
1,0.1022648125152566,0.2064338571590397
1,0.9872424991473866,0.4422179314265085
0,0.1598994893734145,0.5151795602183187
0,0.9012647657632894,0.6712814436317015
1,0.529259799340379,0.4755243259644226
1,0.2544863464411304,0.7796637402181661
0,0.9816980027105342,0.2161085693064228
1,0.894647481306025,0.4254624597959037
1,0.3389236280301515,0.8165922763142692
1,0.8644608263891467,0.2776461227980783
1,0.1397440104393688,0.6203505078808305
0,0.3092804122913665,0.4921204153133334
1,0.3672089450148574,0.3294224215773087
1,0.2456777385322609,0.7979426592270488
0,0.8424225164371847,0.0264922082439101
0,0.4708866475843721,0.0895316838689761
0,0.0907485858283959,0.8728250115848841
1,0.2213012955387321,0.866717511434292
1,0.0529600504108855,0.147958901921985
1,0.2128308479408469,0.8930592726319435
0,0.6497047682589696,0.4184239303716983
0,0.1589267099836997,0.5704551003485802
0,0.8430793394579688,0.1881509924069996
1,0.8208598183984182,0.3389836049287756
0,0.1431117715681211,0.7271540628660078
0,0.344112328801514,0.9251975636572054
1,0.1041319600573342,0.1205730992604444
0,0.1633572697847702,0.137600093743055
0,0.373162016531977,0.1580986120479052
1,0.7939981428310025,0.6740932452834966
1,0.5904837412276754,0.9966388950201748
0,0.646292367517727,0.7411689476430748
1,0.1044630753538994,0.6191105377808894
0,0.1935342622508298,0.208074768700569
1,0.3870478678129626,0.7571902244634369
0,0.6594694578857888,0.7459285258382548
1,0.7132473761552327,0.0905457222852705
0,0.2468402684256682,0.0304496658330919
1,0.7039161859897876,0.6559578769877744
0,0.7524672132779558,0.3147882940293709
0,0.2070739609605218,0.0379117820602578
1,0.9867130326064504,0.2323897142007255
1,0.8826901812268033,0.410194767383416
1,0.3690235226027893,0.2663631068164995
1,0.840143050652653,0.3289005076806613
1,0.5323657737931305,0.079071671769093
1,0.6502353047569429,0.5062054293999132
0,0.7167145689338831,0.7105703842252308
0,0.6626272115203464,0.4106267081799475
0,0.7621467846750436,0.3432289360392404
0,0.4491836646943177,0.0915223089118939
1,0.3381316991222219,0.2778972181421261
0,0.4848327804330504,0.4000907357460792
0,0.2371666580204613,0.9447173466432952
0,0.2945323226188741,0.6397772883418388
0,0.7505786383427332,0.4186678896188311
1,0.7163127011992575,0.9565648595599092
1,0.9744871595973776,0.2494189201229486
1,0.8172789600565591,0.6883170291902573
1,0.6492627602358578,0.523954734957053
0,0.6576089431432732,0.2903142080876789
0,0.0520048961951196,0.3993098048640644
0,0.3196264605344309,0.9534128412051804
1,0.970248853401152,0.6757935260156388
0,0.3760160724388952,0.1237531201109843
0,0.943864726992127,0.0357490438931065
1,0.7633230930351025,0.4982250395409137
0,0.9005362773911998,0.2017069586905201
0,0.7541647754547817,0.4215521891072296
0,0.1692225436229031,0.1762859817600959
1,0.1471805486057854,0.4856587088783354
1,0.5863382277619713,0.097456014337123
0,0.1620558626598055,0.4798378132216175
0,0.3941340861030137,0.9551812722662212
1,0.2968178971527196,0.2791713075762189
0,0.9295146157901444,0.9615617761839153
0,0.0389136424763248,0.8423451685796995
0,0.1631785993991509,0.9034261364979924
1,0.4125838850270887,0.7398318004576232
1,0.8432080739693673,0.8296667764477019
0,0.1065391817482453,0.344187207541281
0,0.3909646560859843,0.5239981766657129
1,0.2994995155878153,0.7704502170395041
0,0.281257038120052,0.9972198012576242
0,0.532744094368372,0.8722146934163636
1,0.7092786482781107,0.5898393368534873
0,0.8887591165105172,0.5699314681134953
1,0.491419576563382,0.9682218647572952
0,0.5163691996915886,0.2280879958298671
0,0.9283497305618674,0.1671705193491789
1,0.0853121369571986,0.1347371710474894
1,0.2427034655785498,0.4122829923123278
0,0.3247037292777889,0.9723826000605992
1,0.6425254299905548,0.9095915643385488
1,0.205032412860179,0.401544831339267
0,0.4236814981246878,0.934764841925433
0,0.7711654806831519,0.8297882930732374
0,0.9473904414582464,0.6352203557727383
0,0.4679550682947474,0.0335784293067482
1,0.3127160351923661,0.4222093399861432
1,0.0783217974827998,0.5706479733116989
0,0.0541278201959088,0.2317941317761237
1,0.6609244561470738,0.6301001814436974
0,0.0009916237851911,0.3334749422836169
0,0.6099260546129628,0.6743656689950542
0,0.9429028683300604,0.0058766957279718
1,0.2132444782141113,0.4080688913601921
1,0.3525776151702852,0.3142145947626094
0,0.9068814254335033,0.1494578439259395
0,0.8097701209470006,0.4862119519679471
1,0.1243249677740154,0.6412499573125867
1,0.4791097643134876,0.0271888436855876
1,0.3526949235815272,0.3576668691082597
1,0.5124044304578192,0.975300142333503
1,0.0272186439325839,0.1616322220589514
0,0.4537727429118512,0.5855049528084806
1,0.6706556547950312,0.603645273592109
0,0.3621019924281384,0.1558483841583753
1,0.9049807125320052,0.7412935251794757
0,0.9707351710807126,0.5829180988663166
0,0.6388118642479566,0.8130275298063352
0,0.6934728825363591,0.6933590024155768
0,0.6078131881814255,0.6778204960609914
1,0.9518625333572016,0.3104708537084325
1,0.7071338262685188,0.1717526502393775
1,0.2751140907536052,0.4386273633106399
1,0.709221039373515,0.0774169607384501
0,0.6865259520000119,0.8349034546496005
0,0.968399234698786,0.123576530872867
0,0.1281476795279469,0.3442454244447471
0,0.9567731755452712,0.520199948465161
0,0.9129251668649804,0.9157478145315906
0,0.4978921566235018,0.2961475295108619
0,0.7610905651175645,0.2633710658447588
0,0.8163432751900873,0.597663419914197
1,0.1641804582594066,0.6904113824579662
1,0.6618119732984522,0.9498890141886136
0,0.6117216551808821,0.8827907403557642
0,0.4455052099744041,0.2122534100014206
0,0.6755914402984969,0.2852824990588591
0,0.6956778473331867,0.4023715777224157
0,0.5192871416818822,0.237150988363531
0,0.8705482968068452,0.5037978514565666
1,0.3156164928450796,0.7420014270902927
0,0.7864125941500865,0.1472982349422661
1,0.8973411723525718,0.8155899703785132
1,0.5833196601355389,0.470685497058847
1,0.3789646038977704,0.3682889310747146
0,0.2368564601279839,0.4977205185043175
0,0.4225094498482394,0.0072248421590639
0,0.6199607180943489,0.3940625032231623
1,0.0449194862111137,0.5360406676893341
0,0.388023556230661,0.5908688757037119
1,0.6030680768107541,0.6355284564132456
1,0.0837805182416395,0.9360958064979236
0,0.419676927777076,0.5354474155046817
1,0.7584411835797161,0.6303100711974786
0,0.4997770053300673,0.3048353527554005
0,0.0873947679088619,0.8543331212404301
1,0.7669545670351043,0.0228661980161126
1,0.4098428372349533,0.8704979101734206
1,0.0819152172757137,0.6068080655781081
0,0.3768082116858954,0.951646364468334
0,0.8289276221761986,0.9526074212880108
0,0.0730905545699327,0.7090518129805693
1,0.5245145432038061,0.1257064205807717
0,0.7734286281454839,0.7405989695448688
1,0.096834175653676,0.067688060879459
0,0.1447274928011173,0.3737080535911666
1,0.4821641396198101,0.4537074320090616
1,0.7597073137902264,0.2157295205475989
1,0.8266792406304605,0.4012115021239008
1,0.5326487660448808,0.4949735090810871
1,0.9708070498965774,0.8239713113971834
0,0.333242936473939,0.0283692144575056
0,0.6067315570149069,0.7127281194221239
1,0.0092777458738569,0.0593800273826317
1,0.933437316511582,0.8801827711437014
0,0.8965177692270833,0.0058966525113731
1,0.975041153302118,0.7098568659793963
1,0.6182626652376553,0.5564714879035664
1,0.9609789997532564,0.3838949952415559
0,0.4897839919142788,0.4004703076077166
1,0.5379814357445775,0.0434152019716793
1,0.6039209668491148,0.0003447142564202
0,0.1212172392222268,0.8558276543190356
0,0.835184845249626,0.9218281664869844
0,0.8403242489533262,0.9022725430957306
1,0.0822996670147595,0.0683233342490912
1,0.3637634246742445,0.2776088854056316
0,0.3285259904368708,0.5890087425973312
1,0.4289891952189369,0.3755627237597969
1,0.1156035501060416,0.2055887875989425
1,0.3752183185318598,0.8891082776488898
0,0.0855774105709279,0.3805724621518697
1,0.0165343051757278,0.0072288709976968
0,0.1685255354229746,0.4965724020865409
0,0.5224802614957161,0.8204433694273119
1,0.5978405716378382,0.657766987163392
1,0.6008185240187703,0.1888653348905646
0,0.3783719428097384,0.6251812978681127
1,0.1044357427849983,0.9808233152170246
1,0.0762820590702741,0.1673155219091118
1,0.8145934393924952,0.6934291298255677
0,0.3067685743598654,0.5373626896353114
0,0.3438880753293013,0.0600171298027314
0,0.0868058508703244,0.3637734949173616
1,0.1533271510309484,0.0551143670353055
0,0.4738612051955392,0.3040505518053569
0,0.1422452480593103,0.3309554914352159
1,0.3751956683269422,0.4260538938667573
1,0.5630212082564067,0.6054772128556641
1,0.331318504967794,0.3544928338414655
0,0.7765293356785523,0.2693280106470334
0,0.710237876984382,0.2736394699914453
1,0.6349341945852219,0.1066748920182889
1,0.8655334852615758,0.2455965108636596
1,0.4646531338894136,0.4332856878773053
1,0.887340728067843,0.8939878203668422
0,0.4514040680968797,0.5580981006228349
1,0.4155940912024478,0.2394599289956821
0,0.7851468604849813,0.7904271957306648
0,0.759542619514874,0.3801513446478864
1,0.2080493469038544,0.3343233935659289
1,0.493152385472569,0.0573970669022907
1,0.7034963154962829,0.6670959779934369
0,0.3734884751977504,0.9483443107906292
1,0.2042510034303328,0.8150114137262734
0,0.6469278112763903,0.2951224763637621
1,0.654526103868227,0.549235539539307
0,0.9990951073144556,0.5540238502586632
1,0.7206749809452663,0.9724004909880668
1,0.2439142396843865,0.32581505829616
0,0.8423874347597673,0.0778440940285817
0,0.406905977301864,0.6506911947929094
1,0.7175641675894096,0.2202513734200096
1,0.5765611469930848,0.1823682398988005
1,0.1286316283613864,0.982535959755954
0,0.1322029950006217,0.4248947426086261
0,0.4845169589726427,0.3499815378054169
0,0.6597208981862087,0.8562600729282206
1,0.0528642038358944,0.5642080680105026
0,0.5233489039514486,0.8393218094749031
1,0.2282079366023325,0.7161502978084342
1,0.1709114933081426,0.7213007130756908
0,0.5199263863664673,0.3144984146179389
0,0.2792233455666502,0.5373217342717962
1,0.2823184443380989,0.6888814467662456
0,0.0642953208364603,0.7820550692258043
0,0.9930971990006472,0.1540625957927659
1,0.6964558713145881,0.0175455692960843
1,0.028413414582316,0.0320863693390066
0,0.9941096696623398,0.4548985699371232
1,0.0949734503090129,0.1197846671855881
0,0.3209301160563625,0.0460284896070047
0,0.8766198069008173,0.9285908259657458
0,0.9810615699409014,0.6568556041439743
1,0.0122364916864433,0.457311357705591
0,0.9547704481974258,0.4883339252687068
0,0.4672806624608174,0.9416405360543824
0,0.8665584917424292,0.0394909402732702
1,0.9948898266584144,0.3601026753259329
1,0.3326018443924901,0.317982642689722
0,0.6498405600657049,0.685528634492748
1,0.1394203229159313,0.1396755704634026
0,0.744492080087193,0.7557940765818335
0,0.6805798679068865,0.7075083579071024
1,0.4095015434358962,0.8458116003626804
1,0.1083543981865785,0.5533230648337099
1,0.3111594326070223,0.7800398184883213
0,0.2340433201339925,0.0643640988055336
0,0.9274174843596984,0.0036121851165884
1,0.4493183516572843,0.7273773509417623
1,0.5561601814681603,0.1619194244486177
0,0.9571168391243652,0.1218814056849522
1,0.5665364260258823,0.5429786617984685
0,0.8310886706208158,0.0039074562192807
0,0.8265011560345906,0.1391941720712642
1,0.1330072053402549,0.4662647010051947
0,0.7286259365776855,0.6758476152471478
0,0.013958245637612,0.8175548765546292
0,0.0091552658972585,0.3331606134895472
1,0.1694818700234851,0.3358114481236808
0,0.6879822536044996,0.7630246595174061
1,0.3266596675590214,0.2543002918237779
1,0.0026021620330168,0.1954772387977338
0,0.3452143511551765,0.1877527850364111
0,0.9795479603473838,0.97191254380693
0,0.2258201753398471,0.9241780796432314
1,0.2690298240102299,0.8205631699944652
1,0.5007850493752505,0.9878105817304804
0,0.5834537872903901,0.2418429108772424
0,0.3408635941209275,0.9949249705298197
0,0.7140605909900211,0.3017172057645862
0,0.1839668315112012,0.1229539196489026
0,0.2234125160922326,0.0850279605704178
1,0.7214828030686068,0.4532197155325593
1,0.0376783895218538,0.5882167854547223
0,0.2086832318729173,0.6626665794422187
1,0.8907827890664705,0.2682579483844619
0,0.6447162242484956,0.7033564754798756
0,0.8558978936409992,0.5392024356553828
1,0.1800023418508473,0.3899570030574073
1,0.9355542783205624,0.2254495264015437
0,0.0479126923114225,0.2767344494157117
1,0.3708286646837464,0.7291201398873279
1,0.1305559185919053,0.9413554189991818
1,0.7075984746207951,0.5681117781099972
0,0.2098601762727393,0.6729514347476881
0,0.1651221803174343,0.6160291854092212
1,0.6888427161394653,0.0116617774332841
0,0.669554614015974,0.8575938261696916
0,0.8108295865927375,0.5117494376403121
0,0.0379744198742071,0.7133959647745215
0,0.6736731634388006,0.7890726743239396
0,0.2335411059322142,0.0724349260081328
0,0.4278686663135573,0.9963595674322604
1,0.3884231963127951,0.7841717024280607
1,0.5239177691814809,0.1299511832371286
0,0.7433424283996773,0.7688085770028873
0,0.6357146660921885,0.2985944695807955
1,0.2254236813286821,0.4182923349139494
1,0.0423748197200651,0.5678722620564535
1,0.7613823788393654,0.9104175626470236
0,0.2131283714492076,0.6685835936605408
1,0.6291916189906586,0.9981175128074572
0,0.4688454771423858,0.5207813059547811
1,0.453904839020477,0.8861523209537141
1,0.2536618199489765,0.7576881379232758
0,0.6578925915304685,0.3355907103904898
0,0.5577534103120243,0.2736170487889713
1,0.6042567096163626,0.4656888059370639
0,0.4227363671732913,0.1872280003192629
1,0.7381440706624306,0.5150169374319615
0,0.8843950152803935,0.6441857271448973
0,0.2328910006882254,0.6716363555972952
1,0.5024693242562835,0.9745885131661788
0,0.1417166912860101,0.7531363488671157
1,0.4639505183603444,0.7909998298296552
1,0.9706294118603852,0.2826052945016729
0,0.1288925719777233,0.2371681026580896
0,0.9795922370932114,0.90171664405381
0,0.4881030197348739,0.2739024184625737
0,0.6100221679686051,0.7267020514887823
1,0.4139200576116867,0.3530782309641616
1,0.4856699356433669,0.9977786852149488
0,0.2337467095347247,0.6705718676109915
1,0.3600894030152515,0.2435818373337654
1,0.4331910308681947,0.3719568351069836
1,0.7457147662080954,0.6456628146149546
0,0.3523567048036109,0.9033794348451148
1,0.8644382738558695,0.7483037991222339
0,0.7161824483482129,0.776587831681343
0,0.4836405073257065,0.7215348180216756
1,0.0647747003027718,0.4850286626840588
1,0.3631176607418829,0.4328136679070461
1,0.5707495935606904,0.9135998174166726
1,0.7877273244462969,0.8971450632395253
1,0.0243628081335197,0.9949846137630192
1,0.034188107023923,0.9386549569204672
0,0.2174641733692126,0.1391341609268681
1,0.7896690084673905,0.8775626489607022
0,0.1093351421995738,0.3748337024981928
1,0.9233794149797958,0.3933684549941566
0,0.8528011731443567,0.6419503414029663
1,0.9264646544964856,0.6748041245091098
0,0.1876585488863092,0.0220263763505833
0,0.6479974994517123,0.7354516676296179
1,0.5578718197912662,0.0125690494726996
1,0.7485557899075087,0.1677167200864516
0,0.0268775922120577,0.3411099307083266
1,0.6245426294606807,0.1298737640751313
1,0.531391823851393,0.1055927299337461
1,0.5174565145006557,0.9111023448046532
1,0.1458535102978032,0.0058386503816747
0,0.0837259163089096,0.277752782254176
0,0.4631202653545921,0.9353858470212206
0,0.4453445727633152,0.0533456197889643
1,0.9559749800626284,0.8904826270412346
1,0.1081850633207976,0.1127227880959037
0,0.4179574120102516,0.957292741932439
1,0.0192678343533587,0.1026516001768944
1,0.6141336063996484,0.99865388027778
0,0.2214084532980994,0.1427282222668591
0,0.8790852511903139,0.6019331582129566
0,0.6026180829086861,0.2948382592958765
0,0.2603475088719527,0.1215745864486016
0,0.4922619726539898,0.395037709286518
0,0.6092616740390049,0.6860513277359884
1,0.8892680429573315,0.2906199452864688
1,0.005153124808147,0.0134757532509433
0,0.2421591678772433,0.0861598829068593
0,0.5302705137851724,0.3327345089198618
0,0.6764105282492434,0.438848360724428
1,0.0461531466994485,0.1813564471369595
0,0.5578428249795688,0.4017581832596595
0,0.3023374762345859,0.9145407251811624
1,0.6779541978909039,0.480359881841052
0,0.7842694957400973,0.7345980111635912
0,0.8900487698547126,0.6529450848467618
0,0.6791208879939119,0.7652992941585252
0,0.3291595814004702,0.5721389220286841
0,0.5677021106429851,0.8451369965853684
0,0.2071195186384614,0.1356804744426697
0,0.8005627030966017,0.0570939413663507
0,0.4508746171201221,0.0617226127251918
0,0.2872877698866007,0.2132573597501774
1,0.3148535120003523,0.2541378344644392
1,0.3657170939864197,0.3439454911404734
0,0.2363334869657494,0.1473617579639989
0,0.351480236515127,0.0957237932609922
0,0.8950436805987807,0.9484676577230168
1,0.326596134928427,0.6787042776206441
0,0.1123805025556957,0.699150602222282
1,0.2398733878442244,0.4325308454941823
1,0.6253586503825239,0.6633460775242931
0,0.1751474506210948,0.1930363549100644
1,0.1018715842490182,0.4892125113916915
0,0.1707245961531733,0.1828510861089992
1,0.4990950991249577,0.4688923302732245
0,0.459037698479126,0.5389709365405286
1,0.0111566124187164,0.0508666544709532
1,0.0832454518928176,0.9861219704625525
0,0.1465110920796268,0.431317833529209
0,0.7949592661199765,0.2050316836153736
0,0.4842781067491557,0.6756775385185966
1,0.362022627605674,0.8328951902593846
1,0.2424434702704146,0.2906438121627723
1,0.2438171684969908,0.8134173269541123
1,0.0647811614771262,0.5043997512094813
1,0.6445191039917672,0.0597713334681871
0,0.3276679453042688,0.6230223230463231
0,0.3936348523596887,0.5138651821763267
1,0.6674087924951118,0.6278590320631003
1,0.1439743929111644,0.4662707920574099
1,0.9911057366518516,0.3313016181719594
0,0.1635985416455895,0.6175234395318455
1,0.1745480249816403,0.2802602699819578
1,0.9717900145583817,0.8105155540242559
1,0.0429926563949099,0.5816220459630993
0,0.4766044020310556,0.8137051609937063
0,0.8240986449575991,0.5581215560496768
1,0.0750774588091762,0.5334876678719415
0,0.2408767082104002,0.6566926507237111
0,0.0477072078086109,0.8518855604128258
0,0.3417686954236005,0.0303468977590102
1,0.2973995705649149,0.8722294497850487
0,0.8981823876064143,0.1807538648810986
1,0.4431395667551068,0.3321886520391069
0,0.94418680558838,0.91573597074001
1,0.5485557206188625,0.19655522594877
1,0.4619819226371899,0.399185705943103
0,0.590619305730985,0.73231816011597
0,0.3585850690761364,0.9694625927297308
0,0.2365980492493729,0.1792931302197766
0,0.6731492655902501,0.7225170729817754
0,0.3208387339478794,0.1914258312911613
0,0.2823086354971253,0.5649730339882904
1,0.2501553929693833,0.2518497298270421
1,0.5809613400065122,0.9736917880022944
0,0.5999979027768406,0.7381723608905659
1,0.282636853234914,0.2679882503622658
1,0.5770373064743645,0.586793357071815
1,0.2095866594759338,0.2330649192930906
1,0.8690650284107092,0.3822337547973035
1,0.2786375030551965,0.3797300030204047
0,0.6542101294584778,0.4406203806009521
0,0.9360170024398212,0.5832815474537862
0,0.4804666079955093,0.6961772513571844
0,0.7378181800457143,0.8629615410425772
0,0.3546027981867662,0.6115057025613775
1,0.5461801644212146,0.6514703430197855
0,0.1906181683164584,0.2112274178076754
1,0.8847976325334479,0.277310811269875
1,0.0490804952158273,0.1192960150172008
1,0.7945543029049035,0.8907296438023218
0,0.1153039120106349,0.7901686314416357
0,0.664539201582063,0.7071132775783009
0,0.9424766238895438,0.1860465094383218
1,0.0325782020133734,0.4878273856939429
0,0.2110153069015395,0.5305745124963596
1,0.697949400750728,0.1044544620343929
0,0.2793273083785159,0.9239252437140382
1,0.071938472463012,0.9339591130215514
1,0.1354678411237477,0.0309071856237388
1,0.4884353267591945,0.9519657098695492
1,0.5449645075998196,0.5829082645470665
0,0.5445384784281604,0.6981284632629553
1,0.5455651523694922,0.5479593543957024
0,0.6318900063653996,0.291547418438161
1,0.0641941838045133,0.0004133918904596
1,0.47928733909802,0.6366289625458369
1,0.3862262010920597,0.8299576694283091
1,0.1089292969871328,0.0785578215282191
0,0.0384034918333636,0.7746201551023096
1,0.4505262735391682,0.3466126389977261
0,0.1331330660163943,0.2491972678856018
0,0.8989682100177762,0.8976268342301866
0,0.6404640598269328,0.2276054054393201
0,0.2669490103409504,0.1825000315708809
0,0.4537074558212296,0.9073815848162188
1,0.8195465806969939,0.880487179007009
0,0.9692621093670214,0.9107369210805696
1,0.3316343623476079,0.2655790701114016
1,0.0202053149862333,0.0352576228135422
1,0.6152550155121425,0.5146382495571565
0,0.8570662835882513,0.5347613025151358
1,0.019911199883879,0.2202931936585223
1,0.6815120580676003,0.1356922361841993
0,0.7979326976233165,0.0834490193824581
0,0.8686732193303078,0.0741592691595094
1,0.4447441163170824,0.847923841883187
1,0.6339376048918625,0.2035263312559577
1,0.0217297590317691,0.6009387332987297
0,0.715766200749453,0.3088968059174986
0,0.2479465887032812,0.5081971542211884
0,0.230917307529307,0.9411301845244634
1,0.6725132211954714,0.5820400862008999
1,0.9295898005635208,0.4032367346372022
1,0.0017798274268211,0.0374693383324411
1,0.1753204311332062,0.8141411666790076
1,0.7036823717291382,0.8991766253999559
1,0.2436285773378754,0.3632813540707843
1,0.6369940860048712,0.6545020095692334
0,0.1577495128801129,0.4989167249031226
0,0.4039650544804583,0.1717585763749611
1,0.6417122214178229,0.5363899181518591
0,0.7832458998617349,0.3501319436137049
1,0.1318173613581346,0.9086362292086448
1,0.003732655937946,0.2232827598608496
0,0.0426262457612584,0.8624071645029935
1,0.9512727249458652,0.409398666252872
0,0.0555056920719853,0.2819350432593746
1,0.544516973202106,0.9339764898404702
0,0.9815995610013444,0.210129133359011
1,0.2800484846935066,0.328385079889691
1,0.2009223889463962,0.4021353134947952
0,0.5831073249378388,0.8182909306724755
1,0.7385434562390263,0.0405399481350676
1,0.816072125298182,0.7067016415109953
0,0.9006556049528374,0.1157612884348689
1,0.1852039456862886,0.4444944956322972
1,0.6715834688576541,0.2169148664475495
1,0.4228703070134073,0.8528740654768983
0,0.0357948577149211,0.2627856886620436
1,0.8175090690179327,0.7266973436887726
1,0.5292336140420043,0.0962865327149329
0,0.1849668741122992,0.1007795890628748
0,0.8140543554695349,0.1312474018378463
1,0.5771606610569816,0.5021842566596604
1,0.5628072733991797,0.1078675202601712
0,0.1452972690993497,0.2909866676880778
0,0.9739008492710308,0.4855296980691413
1,0.7559936551390077,0.952988498496006
1,0.8489849370616128,0.6805933273245144
1,0.4823803617197573,0.0529926237421285
0,0.93718337037686,0.0582311463802199
1,0.5065370849016246,0.9315032012087298
1,0.6934590243840397,0.9331742615961384
1,0.0248936664241964,0.5893247393093918
0,0.9118014567204598,0.5843034653870163
1,0.7046731704947394,0.6465304132876378
1,0.2396613522935393,0.2251214359480662
1,0.6104292047731474,0.0949771337363266
0,0.0718497803222609,0.2464547604842512
1,0.5271828127540763,0.0868026184250072
1,0.104304085834154,0.9654669021262482
0,0.950431519513297,0.9703738788802762
0,0.0929002566248198,0.4425213707199761
0,0.4036463718170512,0.6011677870432117
0,0.6404030388918133,0.8610911839571084
1,0.3746332766941707,0.2536321605634863
1,0.1772978624347242,0.2260491774158065
1,0.8201475208349237,0.8312412180298632
0,0.3159247019094051,0.6607470570197018
1,0.5811909676810167,0.2153441841308797
1,0.6901150381086332,0.0827695486524964
0,0.7040519331128319,0.8536952350795255
1,0.1619465654231774,0.352482767207001
0,0.7509356080117815,0.421432300401824
1,0.0579766702767005,0.9784290706684974
0,0.7029611309048865,0.7107162239618364
0,0.4864624109388448,0.2957421994662416
1,0.0417038622457733,0.5414498760642715
1,0.6814561821854307,0.5119063126645546
0,0.3667117372591283,0.944821962221948
0,0.2151474490752837,0.9364119420519992
1,0.8615193473693592,0.8307478429657829
0,0.2453328413283017,0.1911696114312224
0,0.1389261048770695,0.3562679438147493
0,0.8641735128579782,0.9569811077625084
0,0.8555129301101411,0.5510830565900247
0,0.8716625057409954,0.653417380194256
0,0.3251587381462053,0.1025476313696909
1,0.7771270825582856,0.6059593334964138
1,0.6461603369674489,0.0070466467895301
1,0.7403901947179343,0.6358429075110841
1,0.0258732862230108,0.5501916000547903
1,0.4623320553004511,0.7520388565125438
1,0.8441053304943802,0.3533400014975947
1,0.6575433958323926,0.9968199945110162
0,0.0407406001296746,0.3711183413002156
1,0.2092197718366379,0.7323313070077453
0,0.004139934774989,0.3708712697942875
0,0.7545991658322411,0.33296853216102
0,0.9362697316238926,0.0098531999759469
0,0.5562763852680292,0.2346832340303544
1,0.8506540992100088,0.2364242916397348
1,0.0072965111113236,0.1045674994185085
0,0.946321663160838,0.0670633886351637
1,0.0414665405743318,0.4992124336410555
1,0.7750724417732091,0.9373006377616409
1,0.268219976704425,0.2723205807382517
1,0.2750109724250846,0.3101694494611168
1,0.6901227568752256,0.6154229395196399
0,0.9530308245412138,0.4991678158991396
0,0.8662732409509866,0.6407262741137391
0,0.1083804449970018,0.6956374358878424
0,0.5447917279476117,0.8916476612063792
1,0.507791562129733,0.929176296449296
0,0.0320169159739757,0.290454001944202
0,0.9428485459211008,0.9626792506115812
1,0.8106425325633171,0.8030843705689708
1,0.4268454258713511,0.3623202918169436
1,0.4267618020383067,0.3763949676061626
0,0.2204359147789304,0.1164471194860333
1,0.0348688204558051,0.9040256501275006
0,0.3966050064956631,0.907563593093302
1,0.5725579181482491,0.9389416509855464
1,0.1542905493242077,0.4725591711177014
0,0.7532115334677104,0.3990100494927197
0,0.0279363463107696,0.7466289541435776
1,0.1012364719891063,0.6218428685077989
1,0.5833112283574432,0.1247259707372202
0,0.2279651765666253,0.6613986264053823
1,0.2464219642451351,0.7587534877125166
0,0.6938509075204314,0.2726181046236277
0,0.5789467562686877,0.7106625836636367
0,0.9183822428294022,0.0456440959009065
1,0.9062284913548094,0.4255987095178549
0,0.5407734553970284,0.8961936544605487
1,0.6342750459493288,0.6560364100705277
0,0.5423179173417638,0.364360742893018
0,0.8645171157020461,0.448921895001565
0,0.7668408630447828,0.7426988362081369
1,0.7281635266533342,0.5987977966250897
0,0.9905936778548592,0.6353194309913643
1,0.0730851634904015,0.1449320981911395
1,0.9073266813116856,0.7510846832817324
1,0.3501304251303123,0.7955795185844922
0,0.1618305455885369,0.0425287199459706
0,0.1104714317993468,0.3628404932043813
1,0.2356763174933592,0.3987977418719743
1,0.411360451224492,0.4395086873621907
1,0.218677644758727,0.3812120159309291
1,0.6489191781723617,0.9954433146176096
1,0.7357032048936957,0.5705320240391567
0,0.2232337755353964,0.4577095118066013
0,0.792174621779821,0.0182198462948263
0,0.8379181110392431,0.1145290619436073
1,0.7471413388623069,0.1366302039350955
0,0.3965561554386542,0.647175075777574
1,0.5063627203297987,0.4552090311473331
0,0.2950322817171573,0.9009948464143216
0,0.5728954539663046,0.2898065063404217
0,0.8407719504135677,0.6068547061670251
0,0.0620056864703431,0.4095985109176102
1,0.280499497537354,0.2839661755303082
0,0.2868515673443232,0.1786995141824856
1,0.6384742911088332,0.1221464255017352
1,0.8514213614087126,0.8573435802963209
1,0.7358591844502402,0.5573373443973165
1,0.3951369557212693,0.8343160115654034
1,0.7101946096559315,0.4680287465769631
1,0.5993453338080346,0.4991372132748155
0,0.4643480885105543,0.1155355359230776
1,0.9057659964536722,0.8713452081097736
1,0.6719500025469238,0.0218304453087878
1,0.8695745841503209,0.8505502519597883
1,0.771166725211,0.1829890611637449
0,0.081707139224417,0.2897775601792303
0,0.3809089902755869,0.6544454148740173
0,0.9582405606470766,0.5480793713843459
1,0.5757238672273948,0.5818196321685727
1,0.0724236463169248,0.986374841563594
1,0.208829484800431,0.7890377914785355
0,0.2599362193849344,0.9341270742216344
0,0.2927995964246365,0.4495148672443102
0,0.0180664761366082,0.2563339256262388
0,0.6553708393481061,0.2887643543708197
0,0.6062415225207687,0.7837558478664394
0,0.1474184242179292,0.2601174650012964
1,0.4971554958752064,0.5813093390703156
1,0.6562704986622417,0.0570976696397457
0,0.2466665453559713,0.14023966654074
1,0.5317004934196592,0.5163122865746014
0,0.311939252172689,0.9370454840212298
1,0.3562721061043981,0.7599524386414196
1,0.6251859402357189,0.4974211961568506
1,0.5646443428684851,0.4987044411149175
1,0.5087427717757727,0.151938474305708
0,0.6437061864671858,0.8112294796062256
0,0.2891266243288231,0.2032730058109002
1,0.9804070172414184,0.7947900931422051
1,0.902129948896013,0.2735678212046024
1,0.0963462073817803,0.9452508169683308
1,0.5954142436065037,0.1521596913382146
1,0.2820301143349475,0.3043105856604723
0,0.7449373412184006,0.8333664449700254
0,0.0503067065642114,0.8352554041798841
1,0.8192014908466017,0.2997466948177508
1,0.8357509131851482,0.3755118066400443
0,0.6586056201820142,0.332123159511755
1,0.5714263554386465,0.626051412188539
0,0.2075087105422836,0.0840609016033953
1,0.1716758667408224,0.4091189064095349
1,0.963069420147168,0.2518346366931597
1,0.1417225327133853,0.4813222370280343
0,0.2284044870455411,0.0141393811555815
1,0.1334859639644964,0.5129670528468474
1,0.7735654400172535,0.936774508251463
0,0.7380958352194008,0.2528843878601348
1,0.996777496269467,0.3928357887548235
1,0.6182877414649574,0.4610429926463244
0,0.7260505072259315,0.8937236280086124
1,0.2116836460695743,0.4323701256636993
1,0.7717092648019226,0.5770276920315952
0,0.0050823976251423,0.3610271169133491
1,0.1446649254685429,0.5149173227849742
1,0.8190277599050448,0.8220137006391529
1,0.1802037557840582,0.3352613559252096
1,0.8061229961942858,0.3933501142836968
1,0.0603694130607855,0.620284536529558
1,0.2800012086741972,0.7977268871116615
1,0.1231530502790014,0.1721740514173124
0,0.9109426935226528,0.561268331250197
1,0.0978914540894375,0.1663830487890807
1,0.4881596579853809,0.5519376802507707
0,0.7688812588426874,0.7589211032909411
0,0.3560261670963065,0.2159318419649866
1,0.5840448902441633,0.5454041655130546
1,0.043411070336225,0.5855694575145743
0,0.061654018841503,0.8973154368051129
0,0.922127997110496,0.6369549444421797
0,0.4998457030240031,0.7102465076289715
0,0.3213078051043089,0.1280367373678482
0,0.6405944071625183,0.7599551573338849
1,0.0746160713267538,0.526686898697776
0,0.9414968244887484,0.2182597147045016
0,0.2877505600880123,0.6211607909795177
1,0.1005621817687152,0.484097000104154
1,0.6909428801507356,0.6264438963279148
0,0.0759731485435495,0.2994557656336865
0,0.4629916387819347,0.5879971515826612
1,0.4734833453984668,0.5016984901381955
1,0.5590744947607571,0.4562918377189774
1,0.3697003703487931,0.83212515976477
0,0.844102549303462,0.5796728327724948
0,0.227710476343724,0.0497633068795632
1,0.3586811438883533,0.3692530496010689
1,0.2904226310203515,0.265830617345332
1,0.2914905897365634,0.6827180821462893
1,0.1226982914634913,0.4901264256525872
1,0.5163163401574857,0.6313043908976969
0,0.2526193310831428,0.1946075846238084
1,0.2382800388420343,0.6999864616149831
0,0.7735857517511752,0.8936902911830933
0,0.4850858158332115,0.7780897626840152
0,0.7317041988597099,0.3048130281619481
1,0.5088819224094437,0.4715569202986637
1,0.722059425523991,0.0759487629068087
0,0.1364916122146245,0.8972647777922064
1,0.267425064188463,0.8847945663657023
0,0.8261762995868039,0.9619045000806156
0,0.9205780280131391,0.0204535811306829
1,0.3222070078903067,0.7628167450466344
1,0.5868596498016992,0.1272097574292796
0,0.6733957734958832,0.8953645669291448
0,0.9973018271624288,0.0084230954259769
0,0.115715243082867,0.4254071795984778
0,0.7276824730077102,0.7616162266288663
1,0.1613808945389578,0.2866914540478658
0,0.0603739561640972,0.7683686184985069
0,0.9143864192043428,0.9499637808260312
1,0.287616476238607,0.2933372789005907
1,0.009078269425217,0.0830397412192721
0,0.8196066799362912,0.4858247451828394
0,0.3257570277337431,0.1118376473775188
1,0.3078254341269887,0.6911542981672507
1,0.1267199788988642,0.954362042997828
1,0.0319210636943259,0.6365913884857857
1,0.7363053968399706,0.1321758576980729
1,0.7702464267349431,0.2218047860691259
0,0.9625402328437992,0.2085175565908837
0,0.5019677012331418,0.8679291665957677
1,0.9303148271328257,0.4184937849835276
0,0.4563166053391693,0.0823441672232143
0,0.162018775464822,0.5355189874645045
0,0.1981912491037463,0.1017865462874204
1,0.1871819584622926,0.77401887524274
0,0.6696124102578422,0.7272018256011744
0,0.1574033608611993,0.9178379807246142
1,0.875777872975557,0.4056120105822632
1,0.042864518605524,0.9957506623659486
0,0.8435624522470604,0.5993179687573569
1,0.9074240573748692,0.440745519798942
0,0.2389405996066794,0.914870106983174
1,0.4450202656112805,0.226548382845712
1,0.533276449138463,0.14489101814171
1,0.933298545004295,0.8220734471265618
1,0.5793380428012339,0.0822083630376875
0,0.4893658109589369,0.8329681482224521
1,0.140932957539678,0.2150197117961307
0,0.6391987704440866,0.6873096971712394
1,0.9033180886223132,0.3471323690763643
1,0.076568420607809,0.9128268386734614
1,0.4334385914148168,0.2770812349528151
1,0.2269541779262809,0.2300871908605193
1,0.1412776077693561,0.5314550168792076
0,0.0486459627175041,0.7479358938628384
0,0.3500572010329403,0.0507416271006296
0,0.7776502418775791,0.3671658762684411
1,0.4702183760434543,0.7720210995408199
1,0.481949126544158,0.0517155894187749
1,0.7409445672348077,0.6291858848375071
0,0.5683614085305794,0.3806543884593871
0,0.9458324514306822,0.6059859116420744
0,0.6305415815939344,0.4133496100642313
0,0.624665844447131,0.3487025831200308
0,0.2870097563639173,0.1423414146268061
1,0.7952442179466274,0.4129577479332742
0,0.9410613776904234,0.0071645672309398
1,0.9408225219454583,0.8909143469722238
0,0.3686126878645962,0.5415986213043876
0,0.2091372807289162,0.1666057616491812
0,0.0141651853232129,0.8781142496665447
1,0.9655082344572812,0.2539820603645647
0,0.9898534666269831,0.1022498657126352
0,0.771112912751396,0.3653656000444382
0,0.236851697545717,0.9549878983008852
1,0.5226451053995654,0.9620864676967172
0,0.761725999834027,0.7726681752794178
0,0.4051943046643422,0.4743470133091583
0,0.7989494188057648,0.0808932104840829
1,0.9722014051167932,0.2719940180419138
1,0.8113857642955233,0.6777686706208254
0,0.6533543333157769,0.3557770536283263
0,0.2710683442753792,0.5965829693688711
1,0.3662545183841996,0.7396343186196567
0,0.9849087006060862,0.9300133182065544
0,0.3016698230066319,0.4565634918298135
1,0.0325771714010952,0.0393647127751927
0,0.959546180281478,0.0309318176085079
0,0.5529434113173859,0.7128838428064482
0,0.7582724456256932,0.8227133530603122
1,0.1949100633063704,0.8609322942984637
1,0.5007712432940308,0.0680644889873322
0,0.7925120246475347,0.9330743116162058
0,0.2309762909945463,0.9191695042783414
1,0.9006046109675371,0.8210809001039756
1,0.8502034723850971,0.7261898819088121
0,0.792232053598967,0.4758568380750583
1,0.1012815211430231,0.0443764632131746
0,0.190858567710946,0.0548138770079349
1,0.6244066712101113,0.0530502567669178
0,0.4260264122539861,0.6628119592771797
1,0.5714320205642713,0.1982308173964642
0,0.954682765872871,0.6484196255587674
0,0.3135639870619602,0.6442574628723449
0,0.9064678671053832,0.4562379751722183
1,0.2561794944081184,0.7062270902050796
1,0.4000606693546714,0.3955777163770303
0,0.9419866495617156,0.532370173528543
1,0.5380318678620272,0.0076215173659738
0,0.0085688791335831,0.3872667566288186
1,0.4840650949686327,0.6257653365758683
0,0.3072412962477334,0.5158665737479152
0,0.8303655522690337,0.5773884055624199
0,0.4468490559662026,0.5710466000542296
1,0.4934726046521644,0.4818660200199053
0,0.9694618709354654,0.4517712333974398
1,0.3973090830247489,0.7718162441443974
0,0.3077842721766824,0.9178386021257317
1,0.782113981083629,0.0261810656855778
0,0.3976347815755735,0.9269097621056108
0,0.287648629819656,0.6282478042895142
0,0.484484173434243,0.3174752663515017
1,0.0791106278405952,0.5964737096301365
0,0.5002765055927565,0.8267589321724161
0,0.1795913058516159,0.642226786331095
0,0.1235522914010948,0.7877143413129666
1,0.3254323940657611,0.3778594294464956
1,0.0291865332109295,0.6681436003278957
0,0.7835053218874412,0.383940850236541
0,0.9681952266855756,0.1030127893492012
1,0.836221748156496,0.8589280035192469
0,0.6182718198075868,0.77116924995593
1,0.9818900635975346,0.265691172717718
0,0.2452850875109921,0.1177189009874696
1,0.4315629839026556,0.2570194205440084
0,0.951553239245875,0.5063260297731156
0,0.6292503718111285,0.8436285244352063
0,0.9981014837333472,0.6066800005593697
0,0.7714829078212763,0.8608897073353539
1,0.5772890508620514,0.9649916187002728
0,0.2050738108815907,0.5699765305307036
0,0.7461558093448065,0.440365137306991
0,0.4472750120126216,0.6642224374028062
1,0.2954683342616384,0.343144843959641
0,0.1957011908136324,0.5753182118367325
0,0.984098285420318,0.5370249765612888
0,0.2536229562801988,0.1450362373737328
1,0.2148872085467816,0.8959883155490588
0,0.1934756640291086,0.9261816803145893
1,0.2283597359689174,0.8802516253304549
0,0.6848827441901391,0.7698096292036586
1,0.4617904928627714,0.2275458552518764
1,0.097744176847364,0.5642988817824147
0,0.2898679188040016,0.5208728370016121
0,0.8292850223829151,0.5490169021421324
0,0.4149953384913756,0.0018272949209851
0,0.4148032838400775,0.0834704308169865
0,0.537440405080506,0.2851962933282048
0,0.7076496909278791,0.3739357803011922
1,0.9023940040139786,0.8501569525742664
0,0.2093866352680622,0.4930995707899209
1,0.535509304819302,0.8977153616019778
1,0.3332539650550058,0.2817401917830961
1,0.232969124959611,0.369741060705703
1,0.5345350554783675,0.5632200490895266
1,0.6621386486140078,0.5975324432366406
1,0.8739290160383805,0.3266810362291283
0,0.2296924324473273,0.1759452566812084
0,0.4126441311701451,0.667319854910733
0,0.5660045649707705,0.4223564108147853
0,0.357323839970051,0.9231127700771464
0,0.3153307065193158,0.5619150109154516
0,0.764680176906706,0.2472133907686878
0,0.1826093918026385,0.1222177305075495
0,0.5575251195859336,0.2966948998168134
0,0.9832644674452377,0.0749586241548918
1,0.0313974779597793,0.0996347874145493
1,0.305631946723699,0.3957141279669924
1,0.3446179696202065,0.2676077624152777
1,0.6869684241652544,0.0001624393878094
1,0.681837141020804,0.5102628663854282
0,0.8606362355962657,0.0742119078742189
0,0.2068785078585793,0.621096000573128
1,0.5014095137804947,0.1775152143595317
0,0.0912173664678748,0.3241567328006322
0,0.8403644052097433,0.1548356759753308
0,0.12050691252362,0.4379930841584689
1,0.632027597971752,0.160612500535363
1,0.5777209727445856,0.6357699514634262
1,0.3760314227324521,0.3770169954086442
0,0.8949924129901753,0.9113136917607116
0,0.4616455968663517,0.0162848192592377
0,0.5317913974073744,0.4419273478809935
1,0.6327480465550472,0.9759270502567624
0,0.2628529665259621,0.6405107837739735
0,0.7493098510080529,0.8587197963957092
1,0.7215218038158181,0.9400526337765952
1,0.9236777662417884,0.4042426352712972
0,0.2730051814297635,0.0296739371749238
0,0.874592470494612,0.6236362882953838
0,0.467768064354537,0.4816839623726082
0,0.3430555676236497,0.6044098099632181
0,0.5870898268875063,0.7076704589274153
0,0.1942697744200715,0.6307623724107754
1,0.1461283524809713,0.606018016469405
1,0.9414527735856156,0.7823772677326114
0,0.5588472098119384,0.6958364289187363
1,0.6945181293661444,0.0854305018504318
0,0.3815517794489617,0.18324912434387
1,0.2942049990982507,0.2490364311572677
1,0.8391584404225891,0.7031013179591913
0,0.2207026352901946,0.633138440341812
1,0.380366830467945,0.8500159279453958
0,0.7571312509892026,0.8543244091964658
0,0.5412374094063105,0.7453935041154648
1,0.6407185292472256,0.9161721402494554
1,0.2092796277889406,0.715460334118223
0,0.8791083203280096,0.6261192352668982
1,0.8814587848685776,0.7353091184384309
0,0.1919671384347689,0.1162636655905643
1,0.5190205875611505,0.4546448770413346
1,0.5044081600092799,0.8997884685574814
0,0.633784371790893,0.721145070354526
0,0.9710204478258536,0.9571132828764514
1,0.297004179170249,0.2733018282080071
0,0.3813787399316353,0.2040740890453822
1,0.7074267214754436,0.1712310543844089
1,0.5798634894310805,0.5479892813037599
1,0.805668026876581,0.6854931108503017
1,0.1279903095741265,0.4633368400955069
1,0.532266683104834,0.4702361168724684
0,0.328026678572856,0.6085662832113709
0,0.2518480689771962,0.1586911336012578
0,0.5960129714397734,0.8635146691859235
0,0.5505653790092142,0.7122704176781465
0,0.1658755365283195,0.100773436178798
0,0.0665391267918102,0.8091642351126175
1,0.8690671886080833,0.334734695432702
0,0.6352920293388653,0.8169187053262742
1,0.6735313520911174,0.6196848808596562
0,0.7451687027001616,0.3641458223343148
1,0.9094943327670444,0.7380443859579495
0,0.3975856783619679,0.6389884512478612
0,0.0002639939564073,0.2543448463597343
0,0.3236059126427646,0.0851117600009685
0,0.7065275315278521,0.3714255274933689
1,0.8367605494710366,0.8093013205129885
0,0.1481446224779031,0.3603531871087765
1,0.0700568644997228,0.5858182256445655
0,0.6131209033776571,0.7220036736184414
0,0.4233461922712849,0.1437389132181967
0,0.6366583071223253,0.7602303350356729
1,0.7726044584889145,0.5903849179178683
0,0.4082174740550406,0.1263426556996152
1,0.3075524901171118,0.4484694145953597
0,0.3842729354904446,0.9133950964516744
1,0.4347206252269864,0.8377247577856467
0,0.0499232075291711,0.3741232848854237
1,0.4475638786311321,0.3108846454898344
0,0.2095956900138419,0.4998107292041313
0,0.5474106125650815,0.8005208317737198
1,0.5130379059715926,0.2165592552561648
1,0.7472248460525365,0.1391328286490627
1,0.6434707239773877,0.5868157597991553
1,0.4566873081672677,0.2312546425777317
0,0.8688381157238896,0.1674739837990286
1,0.1966771924655741,0.8485901495088701
1,0.4691391945868642,0.4423337461416666
1,0.0886457255868663,0.0337946895578668
1,0.2633771165999826,0.3189060826709025
0,0.4744022869363133,0.4012724919863835
0,0.0264975058089552,0.801955467434656
0,0.7920572787580213,0.451794505511092
0,0.7394620914333112,0.4045906638605254
0,0.5511622235815964,0.2813563488885698
0,0.7999081354335937,0.5271031905845225
0,0.4656054291784407,0.087626219695939
1,0.6861725498241578,0.9301460887781872
1,0.4013588832941515,0.7896109132864776
0,0.0914295220841983,0.3180458705912207
1,0.4005805883921373,0.706905575990716
1,0.5807793389795408,0.5034679301879389
0,0.1470948144381316,0.8271697300808631
0,0.8511069083422438,0.542155886543921
0,0.8771654065161457,0.5972125069356236
1,0.1082177395909947,0.5816788068376436
0,0.0482397379478612,0.8317242513851485
0,0.2394220317584242,0.006868702812831
0,0.3601810891153002,0.5187280244607438
1,0.1300998753311727,0.5955529063409213
1,0.4150231177323348,0.7985295040091728
0,0.6346484520833456,0.6983303676263193
0,0.928277714810698,0.0508454226682136
0,0.8320888258794752,0.1157577241948432
1,0.4133315794802873,0.8372122088102882
1,0.8046163826824334,0.2388027664599969
1,0.3245854698079464,0.3767378148538397
0,0.5686520418542189,0.2938185478225864
0,0.7976748458607721,0.6359202467435899
0,0.8176115403499113,0.9254317435815328
1,0.5142339619761748,0.0310498004454932
0,0.2809282774734529,0.6122037356824693
0,0.3086104164763533,0.1335180010693809
1,0.7804845934710131,0.6352489770580092
1,0.815324390236086,0.730710468938263
0,0.5241371111087033,0.8032500818393724
1,0.8179217855738821,0.357107176427035
0,0.6320236352824434,0.2598244013797379
0,0.1919751516914305,0.937371151914242
0,0.3482439890284324,0.1427879406356859
0,0.830907331970597,0.0521117026242526
0,0.6860335475574662,0.2985468353945446
0,0.0225663605078053,0.2832085963035886
1,0.1923968066816029,0.7914908939065465
1,0.4995347183107145,0.999979022779011
0,0.9309325806265104,0.0841469079779576
1,0.339338838214782,0.8853779821407627
0,0.1879281246175569,0.2103614779925068
1,0.83756104215428,0.8282115367564536
1,0.4931592839072189,0.1353937746257735
0,0.284423001740747,0.1744856695539898
0,0.3594670197787176,0.5016060868320174
0,0.7280997281823148,0.2424983038995857
0,0.0728404105170312,0.7038071394542057
0,0.7705500918665222,0.4234267113005622
1,0.8329285424006688,0.3034634888322217
1,0.5615455744879071,0.5699430591571375
1,0.0186907221487803,0.0613270078571974
0,0.3130661963760901,0.0345837841132411
0,0.5873174458772652,0.3724717315798685
1,0.7186831716852006,0.1238028340705637
1,0.9586312260355117,0.8036944292458684
0,0.2583786582849866,0.0683691511205746
1,0.1693216026588598,0.3915991978652144
0,0.7875782052119396,0.5009845395186342
0,0.2268282393491741,0.0695216243919849
1,0.2556238024545709,0.8897615057868087
0,0.210258378750113,0.1023692976958988
0,0.1251033827259483,0.757950737051976
0,0.2951984931817794,0.9290338840938568
0,0.3806882598228447,0.970422317402625
1,0.1247332567840417,0.5185601645858157
0,0.6826807607671903,0.3205634691814278
1,0.4509517419185056,0.7947220151401618
1,0.3093074965456265,0.8694426394323589
0,0.5907418376556546,0.8089365523049818
0,0.2201151531940069,0.0300873646451905
1,0.5442154044156927,0.9777814105952204
0,0.7656444526256844,0.3417687533959208
1,0.9736130430393312,0.4162816074064217
1,0.4911214464655696,0.0497013022009743
1,0.1445093131975038,0.5557415004606209
1,0.7077852833438428,0.1964606531085854
0,0.3066169760333689,0.5045137563398133
1,0.2762130575567105,0.7938755771849315
1,0.4350843785720875,0.7427213890156136
0,0.8266164648061316,0.2171723243081899
0,0.4186976564329558,0.1567164192804787
0,0.0026625636390735,0.7352391270497485
0,0.6079591476975792,0.3307027463941078
0,0.0103077555472951,0.7572136523179244
1,0.9662557157065652,0.8233935238158895
0,0.9177382599106204,0.9721687889065846
1,0.8921370635088017,0.7135029577682627
1,0.6870774706509263,0.1506286599566018
1,0.0095727000643857,0.9999068962340828
1,0.6177792961282356,0.1380233261908393
0,0.8486419550656141,0.0040641242382063
0,0.9174114041069448,0.481860562914957
0,0.4354621945877257,0.6121960669317497
0,0.6215994675706191,0.7784885975691472
0,0.4789287482913988,0.4036649427840807
1,0.1172525879537632,0.6714849988657492
0,0.4270542063643314,0.1737276883540762
0,0.0645379240510615,0.3993921440652414
0,0.0581105625030307,0.3112491990272839
0,0.2201494464281883,0.9097047931427868
1,0.2721493494998884,0.7921868001230572
0,0.1233672602587356,0.3572842542777672
0,0.4165748660197356,0.5184680158841388
0,0.6722051047471352,0.2301790923846229
0,0.86750468983161,0.0597446567376945
0,0.4511874015969209,0.9667575711588864
0,0.0390149487489972,0.6912288066858399
0,0.2852439945722759,0.9038709842612483
0,0.2156321496653748,0.109373700857563
1,0.3061909169865594,0.2823912847832901
1,0.0664915668722122,0.5705364079715478
0,0.2984248572178761,0.1854718207300626
0,0.8571820330111726,0.4742776655727848
1,0.4045371276761115,0.3760367872622108
1,0.4837254064716653,0.9206374054905034
1,0.0419432818642492,0.4713057443958662
0,0.4679942681765096,0.4822291235135498
1,0.6050476113568409,0.6693349790847495
1,0.2877701084144246,0.3802713318155815
0,0.8251747208116174,0.6206576725744973
0,0.6204637140419752,0.7234933301138231
0,0.495181367799825,0.4181182655812686
0,0.1776734423295767,0.1944741418807029
1,0.3542085333167041,0.8308708562955974
0,0.8040544349803019,0.4751502634663256
0,0.1078790327708727,0.24020004423807
1,0.0708157659570153,0.9740182475475556
1,0.0448567238806537,0.5422863313366206
0,0.4675600337329535,0.529851529352049
1,0.1947544762180305,0.7883359166256133
0,0.6629655098771589,0.3586648827391425
1,0.709551567339253,0.9974937156576892
0,0.8678595510292427,0.5630973830731321
0,0.4986905723949766,0.4293712079329576
0,0.3607833822076906,0.6651572947054502
1,0.0469633122312938,0.9197726324670672
0,0.4410496198460157,0.4554475006594369
1,0.0604483511364336,0.6140706429986083
0,0.5455738382588325,0.8539258870338208
0,0.1365338082042501,0.350487449280622
1,0.6552914159270724,0.6387871919499508
0,0.2803431704483758,0.0799902557692961
0,0.0356937968902597,0.8208089247464836
1,0.1143636363305307,0.4881220177581049
0,0.6340603506798486,0.3438639550460344
0,0.7546389632387066,0.8537091040193802
0,0.5500500958397533,0.7976035136146604
0,0.4339066759944066,0.092538939250617
1,0.1400584371287028,0.5878192176430632
0,0.1426236060855024,0.3284126764776759
0,0.1573146877143372,0.4798970390571684
1,0.7657750577301485,0.5143728204040948
1,0.100802684855631,0.9848783267887156
0,0.9643555147667664,0.6590111753143859
0,0.8025534769450192,0.6252199631275204
0,0.2753321497544692,0.0916437022310724
0,0.9300974895636992,0.6177668306624746
1,0.4064358756849918,0.4273574203135084
1,0.2370794938406735,0.8355488355020622
0,0.2768511473433648,0.6629487678288645
0,0.6059127110366384,0.2802862522103272
1,0.5487076984299601,0.5070836578210975
1,0.2116129155281386,0.3963009378722649
1,0.9554315238184158,0.7945747328524204
1,0.6751140052095882,0.6514207035504914
0,0.4237111957237152,0.6169190007188052
0,0.7405530525242842,0.2992577753411493
1,0.8544723821828195,0.8381853158487946
0,0.573841622207995,0.7906002520802414
0,0.3854968082212457,0.1342709821629567
1,0.0544352677454196,0.6119053352309175
0,0.4405208479152572,0.6511260183583516
1,0.3848021888316041,0.809648247384542
1,0.3945745676133914,0.2965459877226823
1,0.735996394452014,0.6272434156987198
0,0.3685039399988524,0.9136522455123678
1,0.6110815663263524,0.4793239743826599
0,0.6873704583923314,0.3535372971200282
1,0.0102716596715021,0.5270682173349217
1,0.8048214342405374,0.7583470905246257
0,0.969107818839128,0.1718764294010818
0,0.1133829969136748,0.8670717803569707
1,0.312955408684116,0.2561544822285927
1,0.5630325150521204,0.00239465825999
0,0.5422814908354436,0.3683149335132185
1,0.4388104696771647,0.3497989848178664
1,0.2389244020849337,0.7702393904492569
1,0.2996342631158584,0.2453224248075349
0,0.1045543000936013,0.2707634826227869
1,0.1059173435749331,0.5009042072246943
1,0.9267343834655902,0.7627139718802473
0,0.1452447576781212,0.8362841665404726
0,0.7472424699360659,0.7191662724345081
0,0.3521473435151694,0.1239490177950994
0,0.8272949339442021,0.0963779984072601
0,0.6961709898848321,0.7039666803495943
0,0.7443606466368439,0.7076477233854805
1,0.0347623987497212,0.1034822502038665
1,0.2094741839432172,0.804114894233621
1,0.8624726449724268,0.3735978784003368
0,0.6630211825002501,0.2523883771992022
0,0.5589963975203367,0.22928408364423
1,0.4476188563463178,0.7884498881414022
0,0.8311286965236641,0.9002453792543921
0,0.9298679187316868,0.1309660489383226
1,0.4829848492105634,0.0724696329664544
0,0.4300184300857614,0.1173486047126549
0,0.4011341018851726,0.1686708439793994
0,0.5395860897801564,0.8210658525351148
0,0.9568196353737076,0.4687255672460728
0,0.5383651101444994,0.8671074813158002
0,0.4990303279524603,0.7752228449544588
1,0.0642087113109612,0.1098520033343902
0,0.1513397751430371,0.4370313308316389
0,0.9423171214814412,0.1322823338792617
0,0.1785396719797307,0.1981475653071382
1,0.7828701204576863,0.5842440867698616
1,0.5991466149708758,0.0536748012450402
1,0.6191236559149105,0.4604815845514941
1,0.4018383257530362,0.4154928907473798
0,0.8257448535860982,0.6699230946003193
1,0.0770412510929929,0.9541395604804328
1,0.0808275528603219,0.672954711058207
1,0.610324964400057,0.939228833860758
0,0.4688882564042106,0.9648841197802548
1,0.3678550228491414,0.8880769258283027
1,0.5459083388789266,0.1835168238172183
0,0.9185229291173768,0.056263316732001
0,0.2382054261267621,0.6595343505959971
1,0.6950064620762745,0.9962346313157564
1,0.5975860972746181,0.6111989743082266
1,0.906152723870521,0.2368019975847043
0,0.5457928315532985,0.2871242550875996
1,0.2326452644632927,0.394181671992692
0,0.294750543209703,0.9929612452880592
0,0.6111528966796674,0.3080980399566494
1,0.6318514511465381,0.9087940832843872
1,0.723561991720161,0.4800150632240076
0,0.3883867215265525,0.0746158254917829
1,0.7165082636817852,0.6098724293397919
1,0.0526981010376228,0.4920124538619075
1,0.5701570511457231,0.5210092866532429
0,0.8755898834764829,0.5786476414569983
0,0.5239059764068835,0.4415726731951979
1,0.7649905103463011,0.1485180792656141
0,0.0381934893176726,0.4075673479338305
1,0.3246350720907308,0.8858636774958067
0,0.7915310678263646,0.1049617850046511
0,0.1572741483423511,0.0857536280838425
0,0.7698885102810268,0.7248273503817388
0,0.3164361024667494,0.9888859132429062
0,0.978632403873255,0.4678271249207948
0,0.3507772623243242,0.5642054590962731
0,0.4703729843075304,0.4966154663405919
1,0.5035072926693838,0.0578955256287239
1,0.3351944126264047,0.7891457593137244
1,0.1542594785570114,0.6271810632016759
0,0.4908636296159667,0.8852760061630798
0,0.0615001821451335,0.7867132222644988
0,0.9741781158747488,0.0605873773062884
1,0.3903557754209731,0.6735359950178639
0,0.1077887803609365,0.8899433445750992
0,0.0178627308661907,0.3051551603975069
0,0.431458403231304,0.0084212334240498
0,0.5706475522319854,0.6920966164769943
0,0.8654312453082496,0.9608214747960964
1,0.1370567811392075,0.4901486927444793
1,0.0425976236019606,0.634318077834989
1,0.1122334661764482,0.4947929571294773
1,0.1436309212813956,0.1941838877999065
0,0.2256598117332936,0.6623483069611571
0,0.9219042507052306,0.522580428016193
1,0.8451671048148309,0.3292457078779562
0,0.6859306677595509,0.3352637827904012
1,0.8385713718245101,0.4036018567285934
1,0.5009161852297405,0.0435980655760697
1,0.7480325576055477,0.9488779577304328
1,0.6343588333427069,0.6083908122429621
0,0.9968635170039218,0.1078129286627095
0,0.6326109416702368,0.378871301663513
0,0.5659666009023466,0.8970458634273072
1,0.2123702337210314,0.7611803378020419
1,0.2039066362496538,0.8071183550231787
0,0.8773787139973206,0.1551429324004642
0,0.5559620493066024,0.3778681318855367
0,0.0573787111605187,0.2311699943848508
1,0.03488882830488,0.997961644557664
0,0.0977310223289149,0.3149461417289889
0,0.839365389081821,0.6446380696447556
1,0.6900472378087407,0.0511560377156862
0,0.0367044004957926,0.711355219048534
0,0.6793490891055454,0.225342699713447
1,0.439105046790761,0.8935576515709995
1,0.0473514606611003,0.1892107455770518
1,0.0491470028346788,0.1846835561672082
1,0.3962080887389828,0.4360352418980896
1,0.4194226037812658,0.3506014292984346
0,0.6896606390337638,0.4313515646237621
1,0.487316337538077,0.5078212497384196
0,0.3485350084248635,0.9277421821210504
0,0.225130558232067,0.607599446656043
0,0.05630105070488,0.4444270962260572
0,0.4058287210858438,0.9304476000554202
0,0.3163306257115048,0.494483117621889
0,0.9266290138149929,0.5338964432081316
1,0.4929375683952947,0.9214232198514356
1,0.1523518595997722,0.4883424917167344
1,0.7078712449034444,0.181196267999069
0,0.9921356330779022,0.0611510506626978
1,0.0373031083355921,0.4618980361932149
1,0.7858987876371901,0.7178608490243356
0,0.392122939569081,0.0261973644542946
0,0.8138954483693376,0.6165546415350595
0,0.2636436499695471,0.6073475613987299
0,0.3842331369939863,0.2050324952662888
1,0.7102754771556961,0.6498106463206901
1,0.6819999345327098,0.4651565520457036
1,0.7853081111910564,0.1182160290628903
1,0.4706971367427389,0.6785150395480528
0,0.2880611969502059,0.5777553786046865
1,0.332861024970616,0.4273024893541002
1,0.0342017692621374,0.1106775519664441
1,0.0495331664392091,0.9742442867333247
1,0.6258239822359939,0.5424967613946831
0,0.5724108515165279,0.3823816256609609
1,0.0446425398115858,0.994634529660421
1,0.8537256792550487,0.7957794115951116
1,0.6798077762011561,0.0982844960359843
1,0.4055252202713707,0.7398321273963155
1,0.2518995954047184,0.8512521286234829
1,0.7826966941361663,0.1841664038482781
0,0.2182011705371432,0.1590965572737575
0,0.2150866316886859,0.6616407157601462
1,0.9466650401993238,0.4389662014920545
1,0.4916793555172996,0.1312044791233364
0,0.6575219725669857,0.6893620894764145
1,0.9088326668647488,0.7047045387902718
1,0.4566670168472476,0.8062408360413867
1,0.5169068641643779,0.4671808177829953
1,0.607275879777792,0.6463016123769673
1,0.8258472351465738,0.411147886743415
0,0.1385553852812057,0.8653028661791523
1,0.8117906137447797,0.2954113205393373
1,0.2164788223211482,0.3408800805792733
0,0.3823054530552067,0.213327853862556
1,0.9202610699448583,0.7079085383906707
0,0.5199621447855547,0.4407977495422378
0,0.0161290238255938,0.8231139950994749
0,0.957740595501158,0.9574311606854802
0,0.524350011544207,0.8139524970266138
0,0.5436038858671447,0.2972501107775991
0,0.3602504658081289,0.1287706237944892
0,0.9110864337872872,0.6407175363992277
1,0.4579294510971275,0.7477579987676686
0,0.1259514575319615,0.4196142902827257
1,0.6569484163089695,0.4968535521232067
0,0.7550748923940533,0.2382069228499678
1,0.7518015510012948,0.9776929200616112
0,0.0652272370880566,0.7275739280917358
0,0.1818840872256466,0.5214272620381148
1,0.7110611812463213,0.6497654452437563
1,0.9340759781672312,0.7048354349210152
1,0.2757641340814721,0.2339797654441185
1,0.5091561670322653,0.1294777911932941
1,0.8156889496843733,0.8400200141808926
1,0.7624021135825224,0.4862271490818391
1,0.9949364565409768,0.8281094415870558
0,0.1090293573580477,0.406487006946315
0,0.0794987890627602,0.7633976226705026
0,0.2921889589349848,0.6540020278836823
0,0.2836648201282234,0.938311994797468
1,0.8884947598742284,0.6734822419143838
1,0.4501856484736681,0.3733965271621478
1,0.6336036204232565,0.6150229881819106
0,0.9881601519713602,0.1966664286099602
1,0.7016979630036856,0.0199824657637395
1,0.2318341757732914,0.7872885812986756
0,0.9532904662754108,0.1814449415481888
0,0.6009078420588063,0.3127745000824832
0,0.9545189371514204,0.5243299803431466
0,0.3554257630893589,0.6465544468162979
1,0.8838939528698913,0.2739441117321191
0,0.0718188827602186,0.8563471034681882
1,0.9235074913030448,0.8098428994291424
0,0.963942832701073,0.116134732851251
0,0.5782336869496906,0.6787175735673322
1,0.0340003392624707,0.0300494831856107
0,0.584018503196428,0.8606801080288341
1,0.0901647999052468,0.9549926129251288
1,0.1778290864849785,0.4284069353975971
1,0.6232114550846708,0.1465173068232373
0,0.8692126308428139,0.5717707079956021
0,0.0936167942827006,0.8182307007171346
1,0.831155826719884,0.7021885507083172
1,0.2106188115980501,0.4355931973228319
1,0.1587968989833151,0.2377129008064445
0,0.7953969686476224,0.0536185733786057
1,0.2411379879570889,0.3186443893762136
1,0.687009030109968,0.207298802517458
1,0.5546099589294866,0.630765174901108
0,0.56384347663124,0.367794828931635
0,0.9307425573985948,0.9120536215585108
1,0.9134714707413712,0.2994971695223393
1,0.7737575563100172,0.544908074322782
0,0.245772394232454,0.6273554259532839
1,0.8257593929680834,0.8725827979991667
0,0.1536046483843685,0.8341490348603888
1,0.7793915851600745,0.5223390827699783
1,0.0884803066447805,0.1751488853057731
0,0.4872321491061133,0.2759254635486672
1,0.4641698533898961,0.2829175386436999
0,0.1658306090462667,0.0305891896040827
0,0.7526802570236456,0.7928009200719743
0,0.2202576896865379,0.0147672136421319
0,0.9938499387895569,0.030988686917488
1,0.8102653958668488,0.2604954177029827
0,0.1960441052232745,0.2101410938291482
0,0.8614014334351803,0.5045808508390666
0,0.465535549919074,0.5970938333614187
1,0.4152955883989834,0.8324170026036531
1,0.8437777833675039,0.3436519682815101
0,0.4888473575676615,0.2809376634932812
0,0.2304944222595549,0.0378016027652247
1,0.5294047272000013,0.6535092072497256
0,0.4079475794887205,0.532298716243517
0,0.2627023604060603,0.5036122478288628
1,0.111406273570354,0.4982377858906582
0,0.7931881380889865,0.4619372627176192
0,0.7014144649595548,0.764592273209538
0,0.2381857783731644,0.9739316036706838
1,0.0059643412404032,0.0460343329382902
1,0.3981964524352969,0.813004493466662
0,0.8381402906587416,0.5013173676363183
0,0.9445826304901632,0.1529260317582147
1,0.6890759324693398,0.9294206833017716
0,0.4033690948179551,0.5927034807902589
0,0.8543092014679663,0.0406891698379571
1,0.4207627095183872,0.7475344642796731
1,0.5242793174080413,0.5342202891117063
1,0.6340452145165575,0.1712257447251429
0,0.7500340656376481,0.7494575645601022
1,0.2878216437542066,0.8632038350667133
1,0.7368770341599864,0.5816427682956884
1,0.4724765078028544,0.9464081071894176
0,0.1877760017162814,0.5821260971087187
0,0.4383981049881971,0.5709470165413598
1,0.0637176348755287,0.0483501542128782
1,0.824995633742141,0.8727474307012193
1,0.3180940569022125,0.7414647680128426
0,0.2132697975452954,0.1557478352585602
0,0.4916930640648825,0.3284153376601673
1,0.0156098830161932,0.0656530878433152
0,0.3784453698106118,0.5270357192587517
1,0.1497985602020316,0.6352561529471854
1,0.9113303894909992,0.2412373317326595
0,0.8061079214606468,0.4782425960635361
0,0.2422576094017646,0.6624501711938325
0,0.9266988686408196,0.9751651645646848
1,0.7462684642359577,0.5188529207489109
0,0.9525340117911976,0.1501333307717042
1,0.8968112438606376,0.4097093027182701
0,0.2478006669207938,0.0101195124996051
1,0.5752452510347057,0.0686381329187971
1,0.8978818368055806,0.7911007625267841
0,0.4662849062503539,0.6588506428321225
0,0.1304961191281042,0.3135952811045527
1,0.0773960788704258,0.6434046315406263
0,0.012959244155318,0.32979800146791
1,0.889477618395682,0.3390416552976557
1,0.7694345334591577,0.5633253827030248
1,0.7506319124215473,0.0533961966788916
1,0.8069316906740976,0.4040550432304215
0,0.4529811543454908,0.1852322950576987
1,0.2442996054355137,0.8526239784806253
0,0.0816465443270192,0.8727243513069798
1,0.0197902815787107,0.0773418834974259
1,0.3534114058071723,0.8650797724300568
1,0.4783389523304086,0.022985596132993
1,0.6402933724527518,0.9725294719334632
0,0.9000857467664792,0.5289440538400684
0,0.8938718641892202,0.0019715010469222
1,0.2618507636482055,0.3570330896142659
1,0.4222684977099579,0.4385699039022225
1,0.2610973322010876,0.7231975302614303
1,0.2074332850993825,0.3228475945800886
1,0.7920773053197397,0.8689022258553631
0,0.5032246292087468,0.7640774738573863
1,0.5562088170114319,0.4714853111811996
1,0.8956012996384138,0.4047492804413968
0,0.0922327137613494,0.7453659036899575
0,0.7871671728830786,0.993425643740946
1,0.8794460053654435,0.4189587909485315
0,0.945355473170486,0.9883713332026144
1,0.4292987417542372,0.7372129938318557
1,0.6604849052082277,0.2131211441626482
0,0.4034280596860914,0.0595594265740633
1,0.220185561105151,0.3120103346581501
0,0.598629925126224,0.4116569479032332
0,0.8114192492260517,0.0129146127324542
0,0.4114202996115896,0.6304530995521636
1,0.2123245281568774,0.2740978080061094
1,0.2478319611262628,0.8385110089848402
0,0.6897497146885574,0.2850055281307061
1,0.951588888270765,0.7696879156021245
1,0.1953076208068807,0.7334693999790325
1,0.4397959980358227,0.395876322858305
1,0.2737041634233625,0.7639525074819373
0,0.4845892712218616,0.2350466097670704
1,0.2549418752592188,0.6743360741689348
0,0.0535923403713921,0.2507638950544205
1,0.2554879802814511,0.3538392580581235
0,0.9180605375236698,0.6207336349952227
1,0.99184859728703,0.754435191699031
0,0.4701987676624937,0.5879900940220836
0,0.0983572479312594,0.8964811203591346
0,0.4239066140880122,0.4499933251565028
1,0.9885723198716072,0.2429498297169369
0,0.8950195332226728,0.9373158943362028
1,0.7772964011697346,0.0032488926348883
0,0.5709882754140229,0.3264880014297986
1,0.2701946363035076,0.3022853300905994
1,0.8593298064413503,0.6968817288340137
0,0.8869483752505922,0.999715573251246
0,0.1910976402088934,0.1084549077050938
0,0.432676245758403,0.9283657926312012
1,0.5860341713820496,0.172571795388986
1,0.0489713907144161,0.5934717078355929
1,0.8387262460908113,0.8337958938308455
1,0.0594369482774077,0.5610534973114124
0,0.3336665542715984,0.2239349611841165
0,0.4322364714817714,0.4641014451853835
1,0.5401659182698041,0.0073935822174774
0,0.3299301222613494,0.4876282837285672
1,0.1616198383144479,0.2939520363276985
0,0.6150895032932605,0.832888139187109
1,0.748224747870804,0.971112788875674
0,0.9528781343452364,0.6600333206100517
1,0.6104275989001448,0.560659077850667
1,0.13093892919205,0.9135860489385677
0,0.4163524696989255,0.0060745695062681
0,0.6707446001443275,0.3022458534050946
0,0.4082274624681868,0.6324141797671472
0,0.8754563063549444,0.5852804889036762
0,0.793496041110193,0.9043235949462274
0,0.0037081264624072,0.8804081637859488
0,0.4543875862131475,0.1948031196766563
1,0.8529466774052521,0.237845505322044
0,0.0714812701266709,0.2462864280307946
1,0.6413383114783805,0.0917307718613201
0,0.5269349855308615,0.8914954726717467
0,0.2350091903008924,0.0615586535668255
0,0.2865788387716659,0.5232353326284368
0,0.9729888213213131,0.0353334230897998
0,0.7817021565651019,0.8963592695407072
0,0.6873195300991144,0.3541953955639733
0,0.332487619624522,0.921584678664468
0,0.5272381285452,0.2785023899046772
0,0.9618091534420832,0.5306315176218946
0,0.1970998955646207,0.5337842295118855
0,0.9974859375697122,0.5361538214303231
0,0.5302116114792017,0.6794392294579638
0,0.4199104697086279,0.6155981156402504
0,0.7945748628586659,0.9556244963842976
0,0.987301995334352,0.6199586627937254
1,0.7456522438618735,0.6251369358105139
1,0.2433357006463027,0.3519701419186319
1,0.5158201143187158,0.4560355505667745
0,0.1848908108772186,0.084037472266969
1,0.7099871114523992,0.1203344670606605
0,0.1731958933299309,0.2079096460500528
1,0.4172392045379399,0.3880367360102126
0,0.1287498066179255,0.7214382735070088
0,0.2038505436248042,0.1772497638329753
1,0.1665186382527606,0.7509579564091219
0,0.9568580354322932,0.9948798186512738
0,0.4083498837102887,0.1391649367236903
1,0.5244891179817781,0.9569230147132892
0,0.6580749714527996,0.3543188721907827
1,0.161439043341831,0.2333796768553601
0,0.359865499913509,0.4718113341418183
0,0.8985494942943271,0.4988052853445638
0,0.6288116810386238,0.7055692476087367
1,0.3086527981317228,0.4086566937511892
0,0.9982016247467026,0.1505240853170296
1,0.6066311207829079,0.112021681924805
1,0.2728709149967898,0.6865470715811048
1,0.6000375007811064,0.9225628660779196
1,0.6647505065089416,0.95845377001533
0,0.0078938468472853,0.7795106755257537
1,0.7657036406639086,0.9245125203184206
1,0.4885334635619035,0.4702268893292545
1,0.186105387445561,0.2396385740279752
1,0.8091939081068017,0.2261667754778882
1,0.3883698298214758,0.2265343276277872
1,0.671723641536863,0.0091185542710204
0,0.2774207517850339,0.9861454909153656
1,0.3919361491744948,0.2490705789161831
0,0.6505052082752,0.2684300644441967
0,0.9809992973601944,0.0947776813768521
1,0.7062473618787314,0.1315994392310027
0,0.1469865241383633,0.892247046117316
1,0.6270263224928652,0.0714990092134912
1,0.4401536260682268,0.3917948192956179
0,0.91309065051507,0.6115844377265973
0,0.9642256774064236,0.2120848134141136
1,0.8297240469175696,0.3593484232292687
0,0.8680910267267662,0.4585456735624381
1,0.1036578186212848,0.6616329181176335
0,0.3960310219926334,0.1759375287435692
0,0.3812301363944043,0.9175732149716384
1,0.8907733492032167,0.2827110491506155
0,0.2048256959874146,0.0573021396224666
1,0.8849607418536003,0.2765762543476833
1,0.7292126879599186,0.5670373709751159
1,0.0368267499710925,0.0050755740247291
1,0.7610080808589789,0.5940524398658452
1,0.5945313278015487,0.1639424323375549
1,0.0465908206330483,0.9153087608386404
1,0.1301157523740839,0.6533549334647641
1,0.5289330369604182,0.141115107348979
0,0.7253398472552366,0.8825811722408256
0,0.8709222504369784,0.153022161849552
1,0.475429629078219,0.5290986921931226
0,0.7851835036409726,0.7372255835974012
1,0.6540104403417017,0.6400723603466679
0,0.3112650464448182,0.9000944898039343
0,0.9219388496942214,0.5037683870529792
0,0.7563436561084455,0.2874536012793601
1,0.0224746680820721,0.0514222655286408
0,0.0237590680763113,0.3580259683234783
1,0.6104289460547768,0.1605519951769114
0,0.5245679736564711,0.6878814633768467
1,0.4477771720100751,0.8268405638218917
1,0.2680383559208442,0.4350112290980309
1,0.0380609719918263,0.189399362873283
0,0.7963573678038031,0.1863564562561904
0,0.5039348731456913,0.2299109022762845
0,0.6780131835276326,0.3154214069560598
1,0.3318832173710906,0.3397217488968338
1,0.4535314251582718,0.7381577044821839
1,0.9816692103881924,0.6889496150753335
0,0.4688171518340486,0.0026655625184267
1,0.4552106427561297,0.7336203339216579
1,0.8978096719824448,0.3612470370953448
0,0.1449940934848399,0.7421756072508917
1,0.2796567212698539,0.865529840987582
0,0.3067377068015108,0.1562679311091777
1,0.1290418754974387,0.4608178881686703
1,0.4359380161545477,0.3976878018110261
0,0.7396986476651128,0.8389324969945626
1,0.5818884837595671,0.9388649260369688
0,0.8577777277720491,0.2086840187999058
1,0.7734670008616573,0.2213413513456301
0,0.3596660515865649,0.957268152550516
0,0.7717140818607066,0.3425259768610957
0,0.4029005414438856,0.6513748402344804
0,0.3399077047906385,0.9847233872737524
0,0.3879720517119998,0.6351232794759432
0,0.572207676500118,0.2689964716126365
1,0.748677723308811,0.1424836638774103
0,0.7651794303341644,0.3212927012872948
1,0.5932125459294748,0.9715854778603904
0,0.4112755931713848,0.4827973500100274
1,0.1289782485416795,0.5876366547017353
1,0.628092227722226,0.9717475309995608
0,0.8124279905921626,0.6474497743417875
0,0.3752080345550161,0.5996146930222274
0,0.9994760117054494,0.5651795907816848
1,0.8414686184193131,0.3812733487972882
0,0.4783225108444096,0.8328540307666943
1,0.6435444510989723,0.9664943737033492
0,0.2683719831210854,0.1968753955812933
1,0.6359800876425473,0.920045044622082
1,0.4832851069155548,0.6370267229421243
0,0.6170295510317286,0.3937427463058768
0,0.2387752856132621,0.5361362161298009
0,0.7784762453935692,0.7773693525692554
0,0.8502216149606929,0.0492275446262532
1,0.1020429567852765,0.1540714097787916
0,0.4568191293883165,0.9779213934613444
0,0.3425701138732367,0.0918029865481279
0,0.1750080962856807,0.0336655807585153
0,0.5655229166765782,0.3707887233985608
1,0.4487461825217218,0.2272602152978308
1,0.0823033805582861,0.9817766927901111
1,0.5080173706424473,0.5203082007577646
1,0.5138356542267138,0.6038369911631484
1,0.9904575887902688,0.279499222881054
1,0.5220879589895233,0.0427843145311438
0,0.427278291514102,0.1594520999893126
1,0.7402620154048563,0.5612493095385119
0,0.9148717594730964,0.5016660230535442
0,0.0188055693971128,0.3244137923169737
1,0.9500521788283348,0.3567784850715627
1,0.5905646334794007,0.0074973881571392
1,0.3144673251126714,0.6746673636406364
0,0.6381877922048109,0.3807884456586305
0,0.4177004937836923,0.6444952052636367
1,0.7490586637188843,0.1574441346395793
1,0.6996521622877366,0.9029928014558972
0,0.6470263795680289,0.4114294178051849
1,0.9629270995032712,0.798294432621799
0,0.4889094009993251,0.6886338579000996
1,0.4671756543828895,0.8287802673798569
0,0.7256258482859083,0.3159130509103068
0,0.7189777211923555,0.8908552841827626
0,0.8552502166346732,0.5464612936229194
0,0.3585436115840277,0.9364929607403546
0,0.8378160432567335,0.9333256066166352
0,0.6585226148150624,0.6889975805859998
0,0.364199987391985,0.5632311417954602
0,0.1707793614062914,0.912671251506488
0,0.1955985626730375,0.0897801550852018
1,0.6533273306691019,0.007166383661706
0,0.5826939528492335,0.7608207288546445
1,0.0389344935306875,0.1493034417219528
0,0.8348630638527479,0.1667304336305577
1,0.7962293976765583,0.3607314720811388
0,0.5220288758711678,0.356916756996813
0,0.7293204852194358,0.7139362428338908
1,0.3250466249326482,0.3399703475073582
1,0.3977609699942908,0.7883281269421607
1,0.9952319456974374,0.2425036767103822
0,0.0314790362289738,0.3781645817825227
1,0.4236391287162936,0.6908060001451979
1,0.1523191523437025,0.9238582853718416
0,0.9217595071498,0.9194808434542684
0,0.8199256239201161,0.469037693514254
1,0.9860256731163414,0.884747338381831
1,0.520112159423309,0.223248434807266
0,0.4194029007496603,0.1323978447058477
1,0.9600858388060286,0.2367013066130795
0,0.708587362833876,0.6936669943070888
1,0.4907067212720702,0.4857378295605772
1,0.0696244985826743,0.9880801121182972
0,0.4553565228663531,0.968847288137687
0,0.45585411624283,0.1008246362076676
1,0.4994932031390441,0.0575906892677093
0,0.7820384799077965,0.7260928704693822
0,0.6845838378044781,0.4304376013078115
1,0.0348944678642146,0.1890286201311488
1,0.8697179659514866,0.4324805332500243
0,0.6597406962962616,0.7116148329668242
1,0.468602358576248,0.8142331660804943
1,0.2282784062788376,0.4278137504055499
0,0.1810955536735624,0.0637593684247418
1,0.3231173406384817,0.8385625882534724
0,0.7337920717391359,0.8951904099799253
1,0.3128705386039024,0.7238022953878988
1,0.1493013952561395,0.9448495473043838
1,0.4792489753895838,0.929873877750164
1,0.4877034032540974,0.1012729435327777
1,0.686301272437136,0.4796075802798873
1,0.2730516405592408,0.8126232117276064
1,0.9121854408778634,0.7391221748742298
0,0.8599812950751504,0.1724884119053464
0,0.1089972020585616,0.3017246977503626
1,0.6672737596732672,0.5852939945005236
0,0.126708528297873,0.8303430299207871
1,0.1019993332193144,0.541180599076941
0,0.2085314463406787,0.5297033789880524
1,0.5432745709857129,0.5996504801470308
1,0.8364481502297348,0.8312940272336764
0,0.7500366350048728,0.3859020417243594
0,0.7486768018376091,0.8427706644616596
1,0.4902625275279231,0.9456447186994882
1,0.4897229010141273,0.1819849383894033
1,0.8982367219027669,0.7790629072927783
0,0.282323764039679,0.4809988930549848
0,0.1318354158618763,0.6806729448633084
1,0.9773543005503726,0.7299402242671151
1,0.5427696692118904,0.1921243411491351
1,0.9740009350029646,0.8558986302639491
0,0.3076606897219673,0.1286618342752725
1,0.4280581596658136,0.3272368473335882
1,0.3897289595965579,0.3292848700968818
1,0.7626252518721207,0.4737237983394495
1,0.4882774363234985,0.6208519876247656
1,0.0315605162625705,0.5482295813749255
0,0.134538437996681,0.8250913879243146
1,0.3467859599522359,0.2710835082015789
0,0.0670966012698064,0.7304412642036653
0,0.7477929049232567,0.4479913851591253
0,0.6737551047507403,0.8390871471618292
1,0.9622570488213278,0.6790991245594923
1,0.3632358812434691,0.8656877297058644
1,0.4152758926491433,0.8519406560603121
0,0.2814203021687029,0.9725028902757972
1,0.1495846922032027,0.1102628378709884
0,0.2733388014579189,0.146848095378166
1,0.4875286935104576,0.1367640533681682
1,0.2575539985969122,0.6744603018055647
0,0.5740715367559369,0.3128378586068349
0,0.321369891680948,0.9629316348855708
0,0.9762430333056884,0.0819017593064098
0,0.9656027767322448,0.6454740067694573
1,0.958460463341839,0.8577162509767347
0,0.603155047297213,0.3054126305665634
0,0.6790363067534098,0.8321535632799316
0,0.8699987840757226,0.5966867694579078
0,0.7649647334934124,0.4012181537462621
1,0.8860312955600093,0.8100263590490352
1,0.0595812691379008,0.4497159832055826
0,0.9875452572966016,0.6716612338646638
0,0.0070552380611736,0.8197346600699024
1,0.1021296632362956,0.1442227436738657
1,0.9883490224448932,0.3596938630447213
0,0.5536406618931923,0.7437734984326169
1,0.30073046783065,0.7588676045404568
0,0.5311471202242125,0.8738559184378326
0,0.809729755989718,0.1174318839889736
1,0.3878747116932651,0.7962479432646771
0,0.6216348878918825,0.3543203898153736
0,0.0442819545442366,0.359409132105595
1,0.670258912315453,0.0607653119730705
0,0.4251237810473904,0.628473406681339
0,0.4229597695389977,0.9044057348369492
0,0.6037053461231843,0.6870232362403863
1,0.7321014714190613,0.6406727621645866
1,0.7788064740688015,0.6215484392273636
1,0.6108039982628447,0.5169934791144931
1,0.8620652228720421,0.8338187021067841
0,0.7562633217269763,0.3596009577467041
1,0.0767649249448446,0.10511788853461
1,0.4373038142986738,0.4412580552043327
0,0.530066861332935,0.7113331724069851
1,0.8159525049100229,0.3077361962513553
1,0.929500482271228,0.3261544404402243
0,0.3546967424731512,0.9806743837603682
1,0.8765118080580105,0.8344645218754149
0,0.3115990398820426,0.6044080691189395
0,0.6043380156970212,0.400070279153534
0,0.1323447432073135,0.7623933096930455
1,0.7553430922803218,0.6524153047129697
1,0.7978542482513061,0.8931637211346011
0,0.9792326628521896,0.5093000747246048
0,0.562794192946549,0.797442751072814
0,0.5567467847583359,0.3385625256063262
0,0.9156767062695,0.4903035830739668
1,0.066721787787647,0.49555608677111
0,0.6546897918965624,0.3749317390240145
1,0.6384288671293882,0.9690321758685913
1,0.1087285690885696,0.0985982984890813
1,0.9623118430900944,0.8001228821995506
1,0.4971199365388168,0.9461175196960772
1,0.5259643809968139,0.0477750793325376
0,0.2862948882703079,0.1850969676362908
0,0.8353615279255758,0.9615805554578748
0,0.8791715987359985,0.1551859782416773
1,0.7980040176297878,0.8912534999453203
0,0.169388759332777,0.9204286880194984
1,0.7273855327435603,0.5311317666477762
0,0.8890038831603546,0.1644128204661502
1,0.6283682125735555,0.0163265181545436
0,0.3544364360374588,0.915624644105248
0,0.8092463352245134,0.9627048783176878
0,0.4836277221398918,0.7816403499844765
0,0.92279360424583,0.0763934632897118
0,0.6461038905352025,0.4084533323956142
1,0.2550618395804132,0.306445171829753
0,0.3441749862815237,0.0176951113853521
0,0.3337901717498792,0.6112679131324825
0,0.4221139058606969,0.9206109015015222
0,0.953222125415132,0.0853256334028468
1,0.1341848249995618,0.6452432383178016
1,0.1304852727109392,0.9028125196930972
0,0.9068459246957656,0.4983613766716749
0,0.9800901827411038,0.6588657091651802
0,0.6074179043682835,0.7588572485212056
1,0.7867819662281054,0.3262391589021123
1,0.9143473918154428,0.3397187740274633
0,0.981183638696676,0.1736870453825095
1,0.4420664368274416,0.3153829990435304
1,0.7176397341574495,0.0268646502784897
1,0.8835411492891343,0.3200845911692472
1,0.266428479831338,0.6922222117556949
0,0.3502117685811545,0.0114836836052435
1,0.3699016368788237,0.3142450421764161
1,0.3300857962046692,0.3100181750048475
1,0.1020871607562124,0.1093943233391765
1,0.6140853707109761,0.0717964308489429
0,0.0241003220374854,0.3562016367845089
1,0.6426437129991223,0.5350150487112468
1,0.6799329428719671,0.1458548424122342
0,0.0788631468606364,0.8866274264893251
0,0.9189203407780072,0.6506887180886121
1,0.9526051536688984,0.6859831111644216
0,0.9574409824954208,0.1004646676781233
1,0.8132671161451764,0.3333732429784244
1,0.6988450293450789,0.5187821956287679
1,0.4527823768732107,0.4149824514075216
1,0.5233014465676034,0.1031384724022848
0,0.2978557464188729,0.0816984417674785
0,0.3844264427908584,0.203445966395547
0,0.1277934297727964,0.3468727592112388
0,0.8525737162523543,0.2000535881848916
0,0.5330381728881074,0.2618164557889733
1,0.0034168290661626,0.063302854270964
0,0.360390810463808,0.531485116195764
1,0.5146199848336435,0.5596268079845235
0,0.7051664156644235,0.362422184824879
1,0.7857944013620382,0.8137533272072048
1,0.853041396723121,0.7014128623962327
0,0.9802291045132884,0.0178870408191474
1,0.2252078199704928,0.7102147264646701
0,0.1751307089314858,0.1550160734217862
0,0.7693696655910159,0.3853037673535469
1,0.2901202533192564,0.8538001687523088
0,0.0871319398696466,0.3996001463054803
1,0.4088001218802281,0.8455129119146125
1,0.5727921013748536,0.9706527652149882
0,0.3756440764524797,0.1351259410905577
1,0.7708835090326474,0.2150915842936834
0,0.9618726123063286,0.0231244267021344
1,0.3223471842447409,0.6934963384120751
1,0.1027934896107649,0.061369972781052
0,0.5243323535022694,0.3662502678866761
0,0.5408360415548955,0.3553126606730158
1,0.8414229887551076,0.3477810251568566
0,0.4618210011834147,0.4939351306715679
1,0.8550655446847742,0.4013033495402337
1,0.165375436555786,0.3649564468549732
1,0.1687417787725684,0.3699899877838668
0,0.6880236350627223,0.2735394274916217
1,0.4910846858395123,0.1578661127143922
1,0.046341917424591,0.2073937861855198
1,0.9690047013692792,0.7483426107588982
0,0.7828505415541229,0.7751394759630916
0,0.47111616193572,0.6029823150520544
0,0.7522639417698683,0.8424223558093933
1,0.9283359561037584,0.3230824197114843
0,0.9965717691747064,0.1481554319729222
0,0.2527689153400311,0.0848480574764068
0,0.96868245060096,0.9722333736082877
0,0.3473781700147875,0.5849903409633506
1,0.5157865327530625,0.4887018714230049
1,0.1772040044230557,0.3710633950818197
0,0.2658263562143983,0.5678294268210334
1,0.9356346313053256,0.3633114929707853
1,0.5912096194488337,0.1610263579589556
1,0.1502457599792037,0.0239273278043248
0,0.9738169153736608,0.0208623562376767
1,0.3686091896487556,0.8355299681151238
0,0.9237686640720948,0.4823840957441279
0,0.8151094267798518,0.5255352310826135
1,0.8166637218074144,0.7327864577378658
1,0.5180380146437877,0.2207239945454041
1,0.7945085275568268,0.3633443420178587
0,0.313866367291716,0.5408420958223255
0,0.3131222939982583,0.580819983452271
1,0.042171705614377,0.0280483862779535
1,0.0863867036751988,0.9838051040671808
1,0.5744000357064005,0.6348512195139892
1,0.8232706348263422,0.7341524071468855
0,0.7781412816983806,0.8223378065394349
0,0.01320478249654,0.8310489373828129
1,0.5963936841603052,0.9632553374681662
1,0.1997101147116737,0.7878401905821241
0,0.6682133902607575,0.6823188796329709
0,0.0412170442671652,0.4484816910627605
0,0.4394861041345991,0.9091513922548742
1,0.2715988567947459,0.8240904562371285
1,0.9611652830708968,0.7267329737390388
0,0.597686319697029,0.2672681459612563
1,0.1147115923783307,0.6679448943019883
1,0.337552776043187,0.8057675020874052
0,0.513739689430938,0.4187180604339849
0,0.9723233547916004,0.6184293527517297
0,0.8592079963990111,0.6520236819194348
1,0.3562160476701163,0.3813455932157291
0,0.9842396765584558,0.9062520413101708
1,0.5027857307612753,0.1111733388602316
0,0.4499167877584192,0.0259830274650716
1,0.0263329306437646,0.5228640008721817
1,0.8561699131726369,0.3123226207426137
1,0.7607509884039328,0.6024533760877695
0,0.0768971099006836,0.2799702381511212
1,0.7139480674694583,0.932528695378961
0,0.8621368341157224,0.5058277092612646
1,0.0310243598966796,0.1027481820736312
0,0.8692620903198963,0.1115769005441351
0,0.9756104919569618,0.95539050562142
1,0.3633857272436991,0.411276383131854
1,0.6690916595467257,0.5731941665510248
0,0.4400265313738912,0.015283411996053
0,0.3624850046732417,0.4679252217462725
0,0.295687285920064,0.0187118013321945
0,0.7597843135855422,0.2590280710327192
1,0.9366349987421692,0.3982923924514008
0,0.750464348439263,0.8851450254325854
0,0.0865229801528348,0.7767590797099245
0,0.2159098560888219,0.1595481978575431
0,0.2961694052141611,0.1853669466080766
0,0.983016594071532,0.1286206996902194
0,0.0705420851576469,0.7182403195504308
0,0.5643441554452018,0.8810484827064298
1,0.648839681888327,0.1988673382709083
0,0.5759465012006266,0.2305605196549126
1,0.1376477522315908,0.5361972840613789
1,0.4467002773585938,0.2591582052195655
0,0.4669267419673711,0.1600223748064694
1,0.0997333870505499,0.5767812695521386
0,0.5741777514053206,0.3033088644467119
0,0.7191641972692517,0.8432799011436576
0,0.0956986438706838,0.4187931001986782
0,0.8997478088927701,0.9166054078192322
1,0.0956534065551438,0.0334732620415239
1,0.8491192182479569,0.2849322213392761
1,0.960061270499119,0.73191583875778
1,0.5690574304858804,0.0693299076185389
0,0.518483997750483,0.3262472195233952
1,0.6894875980290518,0.0403706175728982
1,0.779318776715708,0.2051208949065252
0,0.9912904116191604,0.0897821968235456
1,0.5825807668455084,0.2225690881529384
0,0.5986366328656333,0.8520247120732184
1,0.0966461614468587,0.5528258081860076
0,0.4305377535690596,0.6715311342319422
0,0.6365059988227457,0.7192011168256394
0,0.7295276745252585,0.7949519318722581
0,0.4287960484101679,0.6553996300369336
1,0.6680088736501072,0.4562377941643887
0,0.7675956727550836,0.2584890698836911
0,0.0838593348663213,0.8106296093056333
1,0.2712019211600994,0.2477550725974786
1,0.0838276217293635,0.5441861212767508
1,0.4331920718238871,0.2729271335215257
1,0.4736404733709453,0.5356259151787082
0,0.2823751417817651,0.9886228278182122
0,0.556975631860731,0.345323997194891
1,0.3827877716385122,0.7310609823917891
0,0.6848113035832087,0.3848086189636757
0,0.7006620827961851,0.4120453191089356
0,0.7894331473910465,0.4943939627716465
1,0.6687140238006363,0.9794031430672242
0,0.944559445741094,0.5691133065673809
0,0.1966990922034209,0.0789783148327462
0,0.7994384695790601,0.9378555760948638
0,0.2464089189671015,0.012904591504953
1,0.3346702888483608,0.4027682720560663
1,0.7305689058199951,0.4704189084010404
1,0.801913916800859,0.379256010511537
1,0.0616548168976799,0.1239963528507981
0,0.9465972525813388,0.0251149556655517
1,0.8941184771284738,0.2315574996743497
0,0.8943576935500387,0.0003863143894146
0,0.4980004778900715,0.8961886040708534
0,0.9896517409018608,0.103498752880175
1,0.0860236915459241,0.4753015561869526
0,0.9797771390111366,0.9488179007836316
1,0.1177941825145203,0.968984721629962
1,0.7755933753964969,0.6277756125479896
1,0.4823750767815193,0.900858570301496
0,0.9467694550228496,0.6266862357200557
1,0.1681381350111439,0.3174628105884884
0,0.3240677758692338,0.547047897945532
0,0.4272495450790953,0.9996162537102647
1,0.927654311003546,0.266244594846197
0,0.2604107395818151,0.5264304122010756
0,0.6051783472393066,0.7491145328547562
0,0.4148997779423564,0.0815579752655558
1,0.1205978409230965,0.073777356998417
1,0.1267673705879095,0.0444581875765436
1,0.5551773175746318,0.6131272294249003
0,0.3968058233766359,0.146747600424496
1,0.6437754121846845,0.0759337365263883
1,0.3720998009709237,0.2803548948233031
1,0.4361003001484367,0.6764150148600049
0,0.9720052507137475,0.640413110879931
1,0.2853056052493447,0.3434449332175155
1,0.020768672799037,0.5985816679786463
0,0.4834467280736215,0.3303903206869806
0,0.2946624343574104,0.2063429132506881
1,0.5725018821090689,0.5521640431313738
0,0.066454258512973,0.8490363963658468
0,0.3829571015147017,0.9204544652360648
0,0.6411105133517694,0.6772353139413164
0,0.2276395766327446,0.0676648972825737
1,0.6572688846470223,0.9642314454209224
1,0.0577372375684368,0.5399426441123498
1,0.9657936741416456,0.3469913808503374
0,0.6321717943004217,0.2568217866225154
0,0.6955646571227292,0.274491337306149
0,0.1717225759603983,0.5416941918295317
0,0.1932530433023883,0.0228055890955093
0,0.9272880849948536,0.4548680586434729
1,0.1155999010171279,0.2196930161294424
1,0.5949121462929287,0.5371733308240141
0,0.2014895265937298,0.1114290042181649
1,0.9734796355771388,0.3341534308457736
1,0.8125291450939678,0.241431342361249
0,0.0419468751754642,0.8140683409606222
1,0.5445224441748668,0.4708853551296524
1,0.8093875163968183,0.6804639467128012
0,0.6622505595868522,0.7536437046782779
0,0.2547318644479523,0.945905917636008
1,0.128626651373653,0.6316494213029151
0,0.8240958322504122,0.563957593998418
0,0.0463214200591294,0.3566835630094952
1,0.90744260756095,0.7436922735842686
0,0.0166017404998327,0.4076108721905918
0,0.7748060525314535,0.787489429402901
1,0.061398427693698,0.1352442271259977
1,0.1965326498843487,0.8956870419188707
1,0.3167269308825725,0.2637184086915809
0,0.1962745680591825,0.1719600794273156
1,0.5753166973556242,0.4624051038732935
0,0.529575410409044,0.726685671786423
1,0.1594042391586583,0.2281025826531809
1,0.7602849577275004,0.9349106960130384
0,0.4470137896559597,0.9618221516171866
1,0.0468789089501335,0.5948742197322138
0,0.8858252797264252,0.9222182525244754
0,0.9708235384404732,0.5341649604470172
1,0.9063140558609374,0.3679703868123667
1,0.2601955697293616,0.8826797865742395
1,0.6955913351710536,0.4846578981215993
0,0.155268115911963,0.849797937623062
1,0.4039571182224457,0.3197164477478594
0,0.2139230221509256,0.6649003519452057
1,0.3819451395476524,0.3494390396245066
0,0.7465351571150716,0.8455584987551699
1,0.6333514178261008,0.0218079617556206
1,0.0988266683026106,0.65737622416636
0,0.5753847876692072,0.7859934262568613
0,0.6427765516285102,0.7717654888328894
1,0.4282051502362005,0.8738455282879972
0,0.4266603228741804,0.027651241336057
1,0.2824221546323339,0.6936048043684031
1,0.2098357541079246,0.3773430139450404
0,0.8730161309219817,0.0269060039315476
1,0.2418898821108053,0.3866479907696675
1,0.8844666115870526,0.4378114241325055
1,0.5223725086163198,0.1444184939851092
0,0.2225659214813691,0.021353742247146
0,0.2550737279717676,0.9170215538597684
1,0.9868496206637885,0.2487155990462607
1,0.3229517375054792,0.2410697893826877
0,0.4336483988950309,0.0404286909018993
0,0.4056633352479057,0.9442947829842284
0,0.8059308685657524,0.9149723657966168
1,0.6540188462246423,0.0857333936585735
0,0.3410044969104822,0.4648838647049269
0,0.7701052917167966,0.6929893611195814
1,0.6572572442374804,0.5677033740014146
0,0.2393253647630232,0.0343780183080384
1,0.6497062124842944,0.5067321974178588
1,0.0815522084450791,0.1915121113157495
1,0.6787018518656136,0.1441717350331968
0,0.1267626154139842,0.7288640564330444
1,0.8080709013637626,0.7237262507818821
0,0.1037873999016562,0.7170667904153754
1,0.0574884468317917,0.6680185085305315
0,0.6035026784496176,0.2878041489362082
0,0.6085566692655834,0.3935785165646868
0,0.2122931374274052,0.9135161307411732
1,0.2563333793259981,0.7092628524674393
1,0.5825611161615568,0.643731466946271
1,0.5767000671521019,0.9486753359430088
1,0.8243055008736961,0.7592699305723618
0,0.0557620900047659,0.2525916524235748
1,0.5716228038620074,0.9702348995859033
1,0.5895256522464286,0.0400847766477608
0,0.0559970157151962,0.4089527978678859
1,0.8839733623011298,0.8138070272876706
0,0.4855106537841915,0.7279290073114716
0,0.9871197996185608,0.0028300788948918
0,0.90179314897191,0.0545854357677357
0,0.2385495582451806,0.2194989178729849
1,0.343898831347049,0.7070366440267376
0,0.932023625075481,0.2240757150105888
1,0.196434076205984,0.2592914650170234
1,0.2706290569171546,0.702951677941437
0,0.1317726889971032,0.4322570333418568
0,0.4602920787279526,0.6522625539427918
1,0.6274736575826527,0.635391879823776
1,0.5373737023307945,0.1983978055672914
0,0.0261838393816341,0.8631628215043579
1,0.6284385592432901,0.1380018776881303
0,0.8228312734133711,0.1434798892704343
0,0.5655477049491328,0.2868367644581445
1,0.0543502579249606,0.4802059895523309
1,0.3157205354904322,0.8252495704061326
1,0.7626927775979266,0.0289627610652121
1,0.0961673116309431,0.5649884741747677
0,0.2723436099981883,0.6489773348029884
1,0.227264044864808,0.7303358064698532
0,0.4800174862583332,0.2840332167044709
0,0.8720181953581192,0.9673531371382345
0,0.5942789665456604,0.699571927108561
1,0.3059719797978879,0.8062972323702738
1,0.0252103959070371,0.9772206308969456
1,0.6754501917589877,0.6720579047822378
1,0.9339056170674472,0.2343240011561576
1,0.1455549233956045,0.5747841707564049
1,0.7241185947808813,0.0004716169513623
1,0.3092547934110794,0.7916027248085109
0,0.445448029423357,0.4541837831288943
1,0.1393622299064577,0.966827155823016
1,0.0420862709697049,0.0680947103329024
0,0.6889992062031696,0.6909495523679897
0,0.9702725360632746,0.5762522445812724
0,0.3027195797530485,0.5299858813683461
1,0.0752229537070647,0.1266150389029448
1,0.9323161789120896,0.7123836540897628
0,0.7810753452773128,0.4294847061823779
0,0.1577990960852452,0.6585999822818837
0,0.6001894334540632,0.7842526181058532
0,0.1959442994328416,0.4697933985249251
0,0.2234599958122857,0.4990121398649197
1,0.3087872773697676,0.3703579349419312
1,0.2089633043792303,0.2786837390336767
0,0.6016016071237557,0.8324404042496192
0,0.9327293329759822,0.5222017498468986
1,0.3870521921191902,0.2304045580520201
0,0.3620614662355826,0.189790198493518
1,0.6609743487271971,0.1821822515837503
0,0.8720810424074016,0.6326313377132422
0,0.812067047465946,0.4981781126457203
1,0.7866528154546634,0.3404130342541546
0,0.5978900844620725,0.3118476760355212
0,0.7324242171577579,0.8024123426096158
1,0.060434079036178,0.637059742699019
0,0.3668102822012746,0.0138781995679552
1,0.9695161245387232,0.8872146515442212
1,0.0493400171871166,0.4606100604365563
0,0.9050450303494304,0.6216140302874146
0,0.1315288084204076,0.3043551065616728
1,0.9133302794320504,0.7024162765162631
0,0.9831115970141456,0.4907562211664139
0,0.6068672401526254,0.3867191639630205
1,0.1416755185898085,0.0220081695493059
1,0.7455863073926883,0.0431287520970232
0,0.0039094419803462,0.8826733707358462
0,0.2826522029384674,0.09669241817972
0,0.3538301327095311,0.1617249599031547
0,0.3088702944450552,0.1584128496110288
1,0.2602976210062374,0.4190587365005351
1,0.6948210687179608,0.6528958388269134
1,0.3133620127324901,0.8835819381954106
0,0.660961959109628,0.401952739719797
1,0.951655508111688,0.7450367235701513
1,0.6597919634369835,0.4526414840121997
1,0.052165369248102,0.9409778880627236
0,0.6869554470623211,0.375512119471597
0,0.0797594562078225,0.4202041418803141
1,0.1493416294410056,0.500965119274507
1,0.8050887331318077,0.7035556492599829
0,0.5283052264932849,0.7564421419177433
0,0.962763242881217,0.5007059276093693
1,0.2616306937123325,0.3700191526780068
1,0.0727534486378673,0.1518808149506338
0,0.9599975040340472,0.133428157982864
1,0.4204963619187931,0.3433697912017999
1,0.8786041068854122,0.7752770545046309
1,0.4706187917332275,0.3723200325650369
0,0.233332086630806,0.97896056344324
1,0.4057280251511921,0.2853312268436674
0,0.8198973278587479,0.9442594582337864
1,0.7616731369442266,0.0610870275492826
1,0.1130022664362443,0.0700025188193766
1,0.7589627629615947,0.0534813040242729
0,0.7701723050548707,0.8943515992234026
0,0.2104205440900742,0.6489533577879181
0,0.1559119596046779,0.2536271916229294
1,0.538393172730838,0.6033348998755363
1,0.6400434382325818,0.2091919365837428
1,0.5720227365750011,0.055182776664985
0,0.7959677084998426,0.1949090663521853
0,0.4311065415084133,0.1323866989766329
1,0.7745792299023195,0.4783681000301916
0,0.0957651350258682,0.7068299852790936
0,0.69406484018579,0.8970271226448869
1,0.7841901880397996,0.6097132857764005
1,0.9883938473582116,0.728133597002947
0,0.3353742123181529,0.9143994817082698
1,0.1890285980696541,0.240610181513466
0,0.1809514839909611,0.4897184880705795
0,0.3291630816394433,0.4502020559997262
1,0.0098755032810696,0.9729494235675072
1,0.6785164206360678,0.0731762414475769
1,0.969418349091586,0.8373779613281487
0,0.6394533543433857,0.3421624783747639
1,0.3360686380892279,0.3964326425678016
1,0.159488084663582,0.2263286004700834
0,0.7148942326298418,0.7983049427940162
1,0.9042844737645344,0.2813408149966028
1,0.8662924029031873,0.6744064190877765
1,0.8088338224506826,0.7557337739711859
0,0.9046836298227467,0.916503300085643
1,0.8823351316467397,0.7727780235232923
1,0.68868820617524,0.533984462934837
0,0.2432725108284537,0.901233430708072
1,0.9113993433588676,0.6863327114368278
0,0.9081474093038174,0.1112763565078265
1,0.4392835664561872,0.3408619802257513
0,0.8995284166737885,0.5290777412615163
0,0.991257266157855,0.0191075183763393
1,0.8823320113995354,0.7940861028295596
0,0.1018100629266137,0.8469319130343034
0,0.3442603839974556,0.9617202746812248
0,0.8196901790709403,0.188654778208997
0,0.3476391011034397,0.1874298917659895
1,0.3123750950128434,0.354867755811617
1,0.969649048593896,0.2971236630843954
0,0.3523254517062005,0.5953370944291798
1,0.1296080406972077,0.197890264923264
1,0.8934940710436367,0.7388364329899989
1,0.0061914877130864,0.451795770798734
1,0.0026054083154437,0.0960640303637404
0,0.2655422047781607,0.9480771090376996
0,0.8218424024119022,0.5852658032597512
0,0.8816586225683577,0.5396970814456575
0,0.3690724433895485,0.5949799545120601
1,0.1576889622917849,0.372932108445673
0,0.9650553739390209,0.9001282552929607
1,0.5356669048397434,0.4868191454912909
1,0.7673953429844126,0.2103888835413553
0,0.0756035283611289,0.4056558874080365
1,0.3078992289591513,0.404303114455719
1,0.8121935962599055,0.4096719441009695
0,0.865816770749168,0.956628041222356
1,0.3542101782881647,0.8915688791894033
0,0.1383916461137193,0.3663241625407508
1,0.5207222397876906,0.587470306696964
1,0.6216557852309228,0.1429882882475278
0,0.2387234925376229,0.0048276167958702
1,0.7938782733025201,0.3968261435803072
1,0.5418247532943857,0.5198216446493712
0,0.7599295169773386,0.7688232637053058
1,0.7854728654808237,0.3291441521017868
1,0.772291092783414,0.0433119493438041
0,0.0984428647707321,0.416859029714506
0,0.1007398013878964,0.4093772424146238
1,0.6033020612478205,0.5397504223142711
0,0.1956145828755574,0.199746389815893
1,0.6726971810417274,0.4505459011894698
0,0.0598975267477347,0.267850988033246
1,0.4907224473197062,0.0241570541035821
0,0.7225549011933116,0.2547205129342376
0,0.146537200242206,0.8601768166157813
0,0.594734237875574,0.7266127362788551
0,0.5211051925120262,0.7540096651540915
0,0.3857426706860123,0.9432728007222018
1,0.7842034516791331,0.5974683810493602
1,0.7536851664201826,0.2000675560467835
1,0.8311806350825628,0.7019836886010835
1,0.6226871209465515,0.51501040754627
0,0.2422660178326245,0.9768267136803788
0,0.8080245185649928,0.1759830914580034
1,0.2881398291014015,0.8699202684052486
0,0.474885620456101,0.3621874641638393
0,0.031972357656401,0.7975056718172117
1,0.3040524256219755,0.3810095748468313
1,0.4521725228103544,0.3674781724817689
1,0.2081102832214837,0.8525291376091395
1,0.2654129481902348,0.829023848041267
1,0.0941285934096624,0.9326765645184544
0,0.213739644644321,0.0441010948828262
0,0.9663692710777352,0.0842424308628879
1,0.2401529324534546,0.7714459149620215
0,0.5063675678228513,0.6957351235542171
0,0.2232597862229121,0.5479188436682669
1,0.9967987847203396,0.2637383991215249
0,0.2965340606261994,0.0463824697595064
0,0.9274657990130004,0.9387544742950632
1,0.0201734201313811,0.0087801000475254
0,0.786471702102983,0.9946365245236908
1,0.5626927390880925,0.0208373385812744
1,0.8941133832071342,0.3490280016749798
0,0.676191813978228,0.3886176606132009
1,0.8204343570660169,0.8717340177958478
0,0.1855985372422811,0.6719426341317924
1,0.0332744557153917,0.4503403044539594
0,0.8141626776043152,0.4980401572244151
0,0.4101158397368676,0.1888877138274286
0,0.5836522216166119,0.8713911351405088
0,0.5874643213523857,0.8440056407550168
0,0.3873006498167219,0.5935349598904432
0,0.6347365010754492,0.7372427765785454
1,0.4934048513175529,0.9111885382786312
0,0.2786008819505893,0.9918419243961556
0,0.8854420201417279,0.9980774255163428
1,0.4143497849905135,0.8084524981120604
1,0.1936452708918933,0.406147911168992
1,0.0524339154608215,0.0035723287691504
0,0.5315871700593705,0.4000296211005069
1,0.8712549066821104,0.7893530844195428
0,0.4993609730079893,0.8194355839246017
0,0.4114900392545968,0.0082666787287416
1,0.6114218992931992,0.116557377945165
0,0.5176385807810244,0.2796680786784673
0,0.7903139403617067,0.9762728893884042
1,0.550779691300394,0.1454293935550138
0,0.9077265915548632,0.9649445763864308
1,0.4249004801544356,0.2458781597293429
1,0.0527956915321519,0.14396480279815
1,0.0054070349324906,0.041470396709578
1,0.8310452859140162,0.7314430700889007
1,0.4153458575555587,0.816624507443631
0,0.1277810204609257,0.2952201927290691
0,0.0967985085195805,0.2646474062613284
0,0.1176441044573297,0.7207260535872663
0,0.9900933293669276,0.6077397300675003
1,0.8316868687992389,0.7174396047445912
0,0.1055406625484699,0.6993554156849386
0,0.7074374749314332,0.403893878721011
0,0.5332399159837987,0.2585959003821291
0,0.9962389381647576,0.0077401296985548
1,0.6785304607451613,0.6009842004727208
0,0.8176925238312929,0.6116945698509836
0,0.4638029190081002,0.0669157924540327
1,0.7220876695711125,0.1242721162340761
1,0.5898807285267089,0.5917815499259818
0,0.6353569733042072,0.7270067257081638
0,0.4097939106327312,0.959579501850838
1,0.0801678143560877,0.980002621501536
0,0.2538908895180771,0.1633592703800065
1,0.6257514491177968,0.1047457626102617
0,0.3769759897516221,0.4495217800720893
1,0.7122761720102551,0.0057055654032788
0,0.8626885058748468,0.5830101797213556
0,0.3613524973696318,0.5683635594657801
1,0.3209504092397555,0.4385377771528447
0,0.9683976001920348,0.088337458001084
0,0.8431923833919003,0.5529931513822373
1,0.2912432612282656,0.7656894468329846
0,0.4398222528375572,0.5406822640497234
0,0.7355186495884468,0.3425834112152932
0,0.2358165986173099,0.5335025550165204
1,0.630201986533305,0.2094808614628637
0,0.0934867404474594,0.4473395338928857
0,0.1947651865121972,0.2028892491684696
1,0.4246149544144326,0.7016779840638876
1,0.9756660392021784,0.8610621361159272
1,0.19226966011812,0.4233559878572098
0,0.1941575992782794,0.0169590080368708
0,0.3329420301345234,0.5475944695921631
1,0.5036185982421125,0.1111145129456603
0,0.5489928848184196,0.3626230665819521
1,0.0128359088445679,0.0468789828817542
1,0.2087250856399324,0.2720653240471359
1,0.1347541067790052,0.9111429553483912
0,0.0147510783521302,0.7443005035453995
0,0.5967131794070537,0.3628907948444598
0,0.3454106777105326,0.1287097343682266
1,0.5463092550339377,0.1462821750141295
0,0.2497792724945857,0.9191711241978378
1,0.9674707298628612,0.7537349389604976
0,0.6611485808791083,0.4092443410785644
1,0.7088050689247589,0.9437738149759805
0,0.2135372840909779,0.1553944608932079
1,0.3226624735324123,0.2732663000857153
0,0.6399726962411828,0.3981802858287366
0,0.134129670299164,0.2733919931197587
1,0.4164560547581961,0.3313574028498562
1,0.3300879813915983,0.3741347581604604
0,0.9399281818957396,0.4905689046594611
0,0.6955070130235618,0.7112111892181081
1,0.9167811197189866,0.7496646336439774
1,0.4665202831310976,0.2966756181868123
0,0.353858196905633,0.1090974798831428
1,0.1420356624565937,0.1243389307164434
1,0.8922382727894212,0.3328272024615254
0,0.4594409361571273,0.9410245335716758
0,0.3144565496461774,0.4680188179029934
0,0.3179563321804682,0.0028119372270897
0,0.3303429178758668,0.5827020053663343
1,0.9399375605958712,0.4101314343547503
0,0.672853737540934,0.4101859966262747
0,0.2032935275368947,0.1456893146373173
0,0.041193282673008,0.284763016852058
1,0.8206131449067001,0.4355194801940787
0,0.5976529090467784,0.2835148313315091
1,0.2272945306420098,0.2549525201469838
1,0.203770237895456,0.7540416953311755
0,0.5130057217201067,0.7849715227490734
0,0.3560210528639662,0.6364280585886697
1,0.5684814496417138,0.9861084306861262
1,0.1327024190560228,0.1007723365620179
1,0.4019460023220806,0.7638184089208493
0,0.8480109391514564,0.5116406720771978
1,0.2883349348763216,0.7044970032670468
1,0.958582578311032,0.4354429211309124
0,0.8035298610624314,0.5454835892081812
0,0.1890722118219459,0.9340580862712308
1,0.806084503882437,0.8559113925990451
1,0.5590848795228286,0.1954363606727036
1,0.3097771257633775,0.3099129551091679
0,0.9743576792660826,0.0401701037364228
1,0.4766290952642085,0.518578498444885
1,0.9855172422806172,0.6853480147670277
0,0.5523283277773238,0.2625253067048776
0,0.7698530543644049,0.842283602238239
0,0.8024444875416955,0.1133164101983292
0,0.0931921692146239,0.4203867271944688
1,0.5318874356014606,0.6081951451034756
1,0.9064623360642328,0.3714234174924608
1,0.3994763300906653,0.7125166679445586
0,0.1755534699263757,0.5326912025603131
0,0.8702536123254964,0.6032058111345473
1,0.2403253706288964,0.7608565778948412
0,0.2328823274570148,0.1220052023298131
0,0.5866573866506571,0.2377068627696206
1,0.5170165692185692,0.9967297337480504
1,0.685830632246255,0.8981935431298922
0,0.3186362089959551,0.0295896134225439
0,0.0771433580400544,0.8437704908910112
1,0.3553913578264035,0.814679123081207
1,0.041738016035258,0.1505139259894929
0,0.8734609248562146,0.948428040948087
0,0.5806707737363098,0.3596689481209734
1,0.4509338871105174,0.6867181824858009
0,0.1625964575643981,0.9347020605005556
0,0.6476346052856523,0.2954922911838575
1,0.2913284832172172,0.2926893387148678
0,0.96166490277178,0.6122510015177699
0,0.1003080554123813,0.3940418064459867
1,0.4446325813035511,0.2929992325325553
0,0.4309983629421207,0.966535193937942
0,0.2423673307561241,0.1121786304863369
0,0.1987461910156581,0.1994753573364053
1,0.2843615528560085,0.8100630390391839
0,0.6456819277509086,0.8177750601627825
0,0.3160495737919746,0.6116018989666815
0,0.9138651547031832,0.9782312473675836
1,0.5117087962426938,0.2013259927774482
1,0.3670317948243723,0.7945092649179593
1,0.31287204470851,0.7476890221890652
0,0.2895922459339192,0.9076111861773986
0,0.2474855795071133,0.6240594353617267
0,0.8331506024099571,0.0755360988717454
1,0.447961188340222,0.4060844750894506
0,0.6003156797419712,0.4328065539561835
1,0.0822638340992687,0.1581001812684729
1,0.5055009665524579,0.9401655798543772
1,0.366233597194545,0.2558884775390836
1,0.9341819725517144,0.8876225602558586
0,0.2472038613319146,0.940540738556062
1,0.5993871004142208,0.522058073202605
1,0.4520987699254937,0.6890654505867625
1,0.8931911823586595,0.8531474851285876
1,0.0787779649726346,0.0620512875004818
1,0.9545988571165884,0.3306146897993226
0,0.5012085999680883,0.7066777473279001
0,0.4738102178199502,0.782339159395717
1,0.1241835765705968,0.4729607759491918
0,0.2998999436057891,0.0528756874250273
0,0.8951704791923205,0.4717931313017945
0,0.995498136430239,0.9899984404871636
1,0.3666783901267688,0.3487036507893736
0,0.6839366102379828,0.8727573554204785
0,0.5087657308593783,0.2544986837063747
0,0.8274735426344735,0.2074718512530151
0,0.012813724872043,0.3950687911947962
1,0.0072474365381449,0.0866003115749283
0,0.0265104330591491,0.7612846104852558
1,0.5994666466895898,0.1509794446647486
1,0.8527270313589442,0.3377132112069098
0,0.42178397236492,0.1363030828070899
0,0.7892348576550892,0.1578662351848467
0,0.2277485823734915,0.1378327924744415
0,0.2606746656432913,0.1488165513169914
1,0.0069169871712569,0.4557190544951084
1,0.3769571713512897,0.2561269410629555
0,0.1538766418891928,0.8921427995033676
0,0.871629059443412,0.029902503089498
0,0.86451362264499,0.9532561673718511
0,0.8035260501214783,0.4658200078728448
0,0.1218037494620521,0.2539561675302764
1,0.8040394170895799,0.2272075411183006
0,0.7996947877624854,0.0965368294794322
0,0.4303962854544784,0.5031043136673601
0,0.1419531588064574,0.7745575079162785
0,0.3822921674783036,0.5439542917195709
1,0.6791737823538317,0.5786310207884271
1,0.2263946922628003,0.4358415450256759
0,0.6574224184850647,0.795187846930583
1,0.8407342130601319,0.2643615515867044
0,0.4849673791110271,0.4049060617193033
0,0.3514578988357915,0.2092205290907001
1,0.4987110732117061,0.0456269748744971
1,0.5149837407515848,0.6434091669874009
1,0.8149443021040526,0.8338688143959976
1,0.5858684695283579,0.9539028715806978
0,0.3373709153883203,0.1615221056214164
1,0.6516570770840783,0.6028498247594274
0,0.8768394153281154,0.4764966643269936
0,0.6856397753687068,0.7810258565116394
1,0.7182536458293545,0.4539867043628823
1,0.5071896773736042,0.1976532130657966
1,0.2834033925383521,0.7068989127159268
1,0.939615679947488,0.24847672408088
1,0.5353894292782051,0.1424579864473105
1,0.1810348807804878,0.8767062740054294
0,0.3154786785372602,0.6114340369109508
1,0.4236362471446129,0.3407906268744276
0,0.8001086055044062,0.4766775545369187
1,0.4205210248539187,0.8877662396558129
0,0.2063552756026199,0.5928032466757835
0,0.4059718310533958,0.0635271883797788
1,0.6241281801781087,0.5836270519777069
1,0.3874485763923199,0.3719612065397232
1,0.4127734570484563,0.6915923589470838
0,0.9342086828393704,0.9319205939391084
0,0.9966556801618428,0.1619918073580606
0,0.2329388788774162,0.922663997506594
1,0.3205899654678777,0.8046619737716132
0,0.2777996667457043,0.939499219994082
1,0.8303034105700947,0.8200361942595545
0,0.8006992561806933,0.6713964478131892
1,0.3780316189524145,0.7808486552670136
0,0.2736826422733227,0.1953327732001321
0,0.2300717271171986,0.1342569923500093
1,0.2095998873590316,0.8861578136157298
0,0.7444702647679241,0.83006983321431
0,0.2206220649503221,0.0795916301718973
0,0.3839281462680197,0.9044128272240516
1,0.2416636894175388,0.2457718327187735
0,0.7425389042025752,0.2905283977550702
1,0.0941506062250843,0.1400461780459604
0,0.9331549968769608,0.1432119894206748
1,0.1754565557920054,0.3988047535724741
0,0.7056811980882368,0.2674298773256689
1,0.8756794739114175,0.2435886904516278
0,0.3094901110269678,0.1881586030478843
1,0.0967517706469054,0.1098980644743836
1,0.3233628901208146,0.8027097157934635
1,0.5865568260173698,0.2062273235821798
0,0.4389861528073902,0.4655598393899741
0,0.2247317449128568,0.556722844771021
1,0.4857056214233275,0.0116540642112715
1,0.5156327126489751,0.061465932093397
0,0.6361350767321781,0.3406902171193225
0,0.7272028293983531,0.279261347441284
1,0.3295416828284963,0.354731738050017
0,0.8735924373889897,0.1447126199581694
1,0.8756231637660136,0.7674296385089039
0,0.0969585161263384,0.6868804980252078
1,0.0249549929750407,0.5726860024218836
0,0.768245206518802,0.38482532137542
0,0.6552212211609578,0.4263391448434048
0,0.0610359359471668,0.7030815713109211
0,0.5944856448169665,0.8950642900658277
0,0.8490381332760522,0.0034201508121296
0,0.7327734152249689,0.8519277471327826
1,0.0944360969733386,0.4604653315032612
1,0.7470302911491473,0.0222480061659832
1,0.1041629864202364,0.4658921123968323
1,0.9212085047514532,0.3281763990284226
1,0.4758939226404455,0.6333099216739178
0,0.2306072455084917,0.5710098854374501
0,0.3587578859312672,0.1716944464438541
1,0.554740960492682,0.543065764299465
1,0.9941399177428534,0.6769862880495804
1,0.8119176816738792,0.3660946342376227
0,0.3462363432750119,0.487236794911092
0,0.8102033177158974,0.2174998171447364
0,0.8808369719571735,0.4554822700131901
1,0.3463429618308549,0.3598478533735268
0,0.6307235735687817,0.8357120670711672
1,0.2173859958902041,0.227797446736781
0,0.4834848031038313,0.2316759788967342
1,0.9725571580202768,0.7938849169177323
1,0.1990661338701952,0.7602652891747365
1,0.6082075069170444,0.1436118284344961
0,0.4965527424268192,0.2244885536047803
1,0.8628860934945684,0.2479836002837355
0,0.176155641968532,0.089646709975525
0,0.4707964872192834,0.935703277208005
1,0.3655494098515809,0.3837150346373595
0,0.6440710275917508,0.8833035208196768
1,0.5616335477071216,0.4784367109217738
1,0.5558067893545594,0.910566434222965
0,0.8541583610799457,0.4541044560047388
0,0.8283483367983504,0.5387052512528439
0,0.5571905396801516,0.863906435782544
0,0.8294739271181887,0.6586145749967615
1,0.1623284937160427,0.2604098305543979
1,0.3290411806782694,0.2819002907817112
1,0.7498959761225373,0.0484599255088938
1,0.3834355715569784,0.2547976482887016
1,0.9634946806946468,0.2881271908241249
0,0.3611550324857956,0.0953787369069824
1,0.4241067223078215,0.774496325134995
0,0.3449070525038062,0.1612703806285955
0,0.572117296544309,0.2328993249558764
1,0.0721583698049376,0.5750019484167347
1,0.0347280897552827,0.1310729805115714
0,0.2260573942459056,0.5012776632730138
1,0.3470979884426948,0.842346653663108
0,0.3633410379076981,0.1653027191974623
1,0.1627287037595446,0.3289768430434036
0,0.9185920160590232,0.0263123181929348
0,0.0853220609221178,0.2627903353376539
0,0.5410641611450384,0.7498711423862435
0,0.955188375450858,0.979956794710722
0,0.3122383069428737,0.0987556295845445
0,0.5889586305618295,0.8162558624299797
1,0.6251132765085952,0.5481511964294832
0,0.2441063880872231,0.1437145043986006
1,0.3804672824771922,0.3905212437863715
1,0.2513284045197356,0.8884293661264621
1,0.8436332144876721,0.3426553292092689
0,0.6284988474240945,0.28766201818084
0,0.3979701516110397,0.0102194350666512
0,0.9239218021267784,0.2043379453792175
0,0.0693717839838395,0.7692058614141931
0,0.8702696339244925,0.4599747756002212
1,0.0469779317897061,0.9779376128877144
0,0.5090030829341808,0.8721982182925276
1,0.338777425048101,0.2841661415394175
1,0.3434976766597648,0.7910675137723979
1,0.9802989008782526,0.8446314517215066
1,0.5921874085227067,0.9477939773667592
1,0.3064356966922507,0.2454083467784996
0,0.4378630836404825,0.0891406783567376
0,0.6755271490725792,0.3169334989069172
1,0.7547643622335095,0.2193900723669198
1,0.7751332840353076,0.5409268839829335
0,0.2095163857893126,0.5044417093251752
1,0.5374005260117138,0.530098184034033
0,0.2982593566483578,0.5682779770932705
1,0.5133192817516095,0.1246375869455124
0,0.7912093066141489,0.6520515987332591
1,0.3370621484254762,0.3205174621178241
0,0.983504357109756,0.042757753062378
1,0.4654951505805272,0.4124638351891887
0,0.0575141939160871,0.7475118063691779
1,0.6634912715109019,0.6404657473269243
1,0.6838990690748342,0.1743165407926882
1,0.7517949721347444,0.5261403096985527
1,0.1497435204350916,0.0525075762147767
1,0.0436745491757111,0.1640088441903723
0,0.6735761614473007,0.2418776811669604
1,0.3822192522760894,0.7362281051421021
1,0.52034734479019,0.9416437572354194
1,0.1588361697497876,0.4158188297178944
1,0.7947646792759899,0.8261089227772199
1,0.6540045706764503,0.5623427798917661
0,0.0465873347831575,0.8637925902983142
0,0.4551487164731014,0.953005321012402
0,0.5450717860002937,0.3189865764568224
1,0.8536519853754226,0.2815707614030729
1,0.9251405628743712,0.3836712334242707
1,0.3853838366925454,0.2428769802385767
0,0.4955331905110546,0.8775716649154847
1,0.8863832975076338,0.7380622997655001
1,0.6645755548190344,0.9756126774788244
0,0.8807338249763135,0.0997388744707482
1,0.2734903271446515,0.3232476347488162
0,0.9321509890601376,0.9566604081429846
1,0.9386935842396148,0.8047371121269263
0,0.9200183312236068,0.6013128593351214
1,0.5213727122845463,0.5971868180728023
0,0.3185783690164202,0.0910836622102002
1,0.5135914241388571,0.0575291873182657
0,0.0100337249029789,0.7770949644104516
0,0.3958032609304595,0.2063374214544042
1,0.4180589596191094,0.2652497712900634
0,0.0928107748845312,0.3318791423115285
0,0.8345639489992337,0.0646010098888489
0,0.3246186596369887,0.6459897178120214
0,0.1582128572221741,0.5754133348343273
1,0.3066306367899848,0.3714336065632386
1,0.8047398562149269,0.8086191111375749
0,0.3597175682129907,0.1654220311493562
1,0.4064070155299054,0.3099968665837138
0,0.9027099392433844,0.1278563733677383
1,0.0829594711207161,0.09413940119823
0,0.7404533285124394,0.8627001492385546
0,0.9524687314319314,0.5206052415931032
1,0.5877675750251514,0.6453024453601143
0,0.740072276570333,0.371455840790468
0,0.208830875017244,0.138017941837644
1,0.6023296329307543,0.0363966675124062
1,0.0705397331503104,0.1731857677374109
0,0.0096578540418109,0.8938445444868242
0,0.3085595541634207,0.5332023762420494
0,0.3306820805213212,0.0789707020123893
1,0.2675376399738067,0.6863077052476527
1,0.1222671030069566,0.4795466506413515
0,0.4005462664904853,0.6311582799159637
1,0.6759527658362636,0.1672531601749721
1,0.7072151496588439,0.5453941415174327
1,0.869895704941734,0.6959845060709134
1,0.0659276420267256,0.9735314739371193
0,0.2826385432997362,0.4826124721473639
1,0.3917275214292759,0.2914931996941675
0,0.8292338946056744,0.1252936066193154
1,0.0505889033573202,0.6003996570144886
0,0.2618715429703675,0.9275447710120746
0,0.7425801603818684,0.2867481891629533
0,0.9423684130914584,0.4735504864556549
1,0.1677993463931554,0.3522222367065646
0,0.4168454081086715,0.615976131673497
0,0.4864241703338523,0.7863135387237323
1,0.6329050773702138,0.1238539261577584
1,0.7549652107455559,0.9997314865571696
0,0.8399416396183637,0.6521932102002141
0,0.9101210908879892,0.5226617094121029
0,0.9671308086069552,0.1895405775180578
0,0.8427886948350113,0.2156528166964946
0,0.6682292894408272,0.2671686226312781
0,0.27069577612468,0.6568995772668886
0,0.8867733751038731,0.526731997140551
1,0.122200617664427,0.6369872742098656
0,0.0443762060484314,0.8476665085234251
0,0.5065253955188451,0.24400915088833
0,0.4345070980940463,0.2087675638504375
1,0.6153895053187363,0.4606494205394013
0,0.4996731310324688,0.7808546469971486
1,0.1488797911967817,0.948101381617275
0,0.2216662129245576,0.6232716374307765
1,0.1930782251789914,0.3769922013396215
0,0.7174649684740313,0.4073728538579496
0,0.953264369985139,0.065506530466781
1,0.6707990463238065,0.9325148280174632
1,0.4102666247038509,0.7588428687645917
0,0.0503768770241028,0.3711228251151869
0,0.2778482679101532,0.5899651265912221
0,0.8430197155288203,0.1912052731817347
0,0.5145952901026779,0.4436738660350818
1,0.4730896242072854,0.9491167123750583
0,0.9440661866054978,0.8985106614888971
1,0.951084957705206,0.6813599967812963
0,0.9727619547624208,0.9305900377782932
0,0.5559292810144763,0.894598882319712
0,0.6150493626817979,0.8119748274201454
0,0.385230138817013,0.1479689710924767
0,0.8406701649966936,0.1505589496222117
0,0.3073410597011863,0.1953650070965995
0,0.5146240999830152,0.276254277506609
1,0.5347824782328106,0.1309997231257033
0,0.7927896371701014,0.9063494328315184
0,0.754690819873956,0.413918065096429
1,0.1937130216269779,0.8396015811568486
1,0.4674445113160279,0.2887161350234444
1,0.7084477353219008,0.613542910211737
0,0.5763607432784572,0.3289950298640502
0,0.3584178669293676,0.1260842766295253
0,0.9417004419221328,0.1356181996641431
1,0.497903303515103,0.0284566195882589
1,0.293001779986573,0.3900267413380565
0,0.5048972799580701,0.3300099376411347
0,0.035919607856366,0.8392051883076513
0,0.1226001607365266,0.3711951464534458
1,0.3768774193778411,0.4108406766617456
1,0.2187020110060633,0.3529150552779122
1,0.5071021241248759,0.5107733002460549
0,0.872307327386655,0.2019715293369673
1,0.8200120805491437,0.3298553915773288
0,0.8552347223093621,0.9321494301926764
1,0.9537556733637148,0.2636622645212096
0,0.7984380255365926,0.0456137976980242
1,0.7777505976991621,0.1681465379383177
0,0.3171919749314639,0.1146075180043824
0,0.5261113000183019,0.2735208205805627
0,0.603952122242605,0.7634271168321539
0,0.2065199875890701,0.6541382385844017
1,0.5509086372723851,0.4938551727093282
0,0.5551767815012559,0.6947856378319224
0,0.2172336407201777,0.0589483750298833
1,0.3392659456485154,0.2478399679034465
1,0.8652095252549897,0.4103979353530727
1,0.5170365732052037,0.9684046539625668
1,0.0138089014821114,0.904233934456493
0,0.3777504954492418,0.5783869441759876
0,0.4245290305187522,0.595616078329673
1,0.4217396587939833,0.4461146237935406
0,0.7739342095826369,0.7244786010094074
1,0.1711268927009079,0.3845687912600318
0,0.7323230584222714,0.3742769608682895
0,0.5281984094765205,0.719588953524807
0,0.8499460463173435,0.0551572946177484
1,0.7243517256813183,0.5089658487609311
1,0.7242565280022367,0.9095391785968512
0,0.6618171154896902,0.419190226267863
0,0.1934088312819568,0.0426364367461022
1,0.1044113809377235,0.1008767309633932
1,0.583890435843003,0.979180643156587
0,0.5413333966359095,0.7374120190148161
0,0.9789288349921168,0.0853606453279952
1,0.2013121804810039,0.4405692436903994
1,0.6117166904565344,0.659014838441699
0,0.2889423135821231,0.0064539261333054
1,0.4770710160339639,0.5352697954183722
1,0.163447081091511,0.821312274181287
1,0.6815573151843168,0.5644017968843278
1,0.494942639710761,0.086042978625249
0,0.5375788792684426,0.3514987641805208
1,0.270529872345808,0.4464416874472019
1,0.1418804971741242,0.5082414676499453
1,0.0882105962581808,0.1976196278901041
0,0.7872243619839279,0.0883405315650591
0,0.6187429445853537,0.3069033871185379
0,0.5713226274716087,0.4229336975404009
0,0.0391760510617679,0.4287758631113694
0,0.2973339551203554,0.9912682838940714
1,0.6719697568918541,0.9990433573891544
1,0.6238498684806089,0.5653845660759983
0,0.7430091684994862,0.7179864266628957
0,0.1913118791601582,0.061418217693417
0,0.7658317823002097,0.8556400211035261
1,0.7340282016036815,0.5221200823313504
0,0.6036875446795182,0.8436800072344599
1,0.8940639129015557,0.2523218077686087
0,0.5947153006970792,0.7630593024543728
1,0.4268216888745589,0.4400919777138364
1,0.7519513035812169,0.1239871355970364
1,0.59516059338172,0.1225755473172239
1,0.9183110783831456,0.2812423332042164
1,0.9697569040015988,0.3060606773096707
0,0.2727734585851578,0.032310078113801
1,0.3699627871761697,0.7259035000551162
0,0.8633425801977803,0.1133849210196759
0,0.1755574977948889,0.1414272212457834
1,0.2761949289199427,0.8532494745904462
1,0.2716796320119838,0.7115073556830538
1,0.1391106104326495,0.1832875029532715
1,0.7511711231763614,0.5531072331968143
0,0.1052001872031008,0.2864099739472009
1,0.1046145481584861,0.978695908077132
1,0.889130206672951,0.3962709024499823
1,0.1879059984565784,0.7501986379188634
0,0.0647364093693072,0.8664589649098575
0,0.1600252738660458,0.4632828520161202
1,0.7656241673965869,0.9990694345470694
1,0.2514664808601143,0.8515897689029029
0,0.360258669683708,0.5155312095550562
1,0.370657183610739,0.261177841107486
0,0.3912268364156748,0.1390183081304382
0,0.4306892853664199,0.1210651705602112
1,0.2401090778428878,0.2625720405011735
0,0.1433488893395029,0.716962098379163
1,0.1611834367599581,0.4460075517993489
0,0.3858487027536769,0.0011641485034081
0,0.989048836445024,0.20966868177177
1,0.8430100879874073,0.303345724699572
1,0.8442438677533061,0.8603983026639291
1,0.3187224840037016,0.8614081187605175
1,0.9661675363688312,0.6768324045902181
0,0.5448052703075231,0.3504138408204327
0,0.8114128278716408,0.6493547343672519
0,0.2501726168739169,0.5249288699914444
0,0.923096092798761,0.511297183348376
1,0.6735357205215929,0.2088782572462429
0,0.9838244951401648,0.5427432199117666
1,0.466512000828307,0.7313363296932472
0,0.9566573792341444,0.5788620979604996
0,0.894758875847672,0.4492520159310773
1,0.6705569816868491,0.0711489616941039
0,0.5576984161163164,0.7353570591361972
0,0.4104978704066826,0.8977920456139977
1,0.2955182229069952,0.8111381830383734
0,0.4233121221004363,0.5933116558250279
1,0.4130540504595839,0.2250854279544577
0,0.5739990520113009,0.8769646598208747
1,0.1284796639746019,0.083970127155897
1,0.0480733185952833,0.5376148017097235
1,0.3118410482547621,0.6732922713123751
0,0.2020307632296631,0.65299914198618
0,0.6191730942654119,0.3704797254799964
0,0.5171465940492762,0.7202602146317306
0,0.5142037338690872,0.7154691603431211
1,0.4042157729740601,0.3662637581307703
0,0.1155821045960714,0.4411520626207933
1,0.3555812111273798,0.4061507592131805
0,0.6819012761773663,0.375432181077264
0,0.9779442203561242,0.1963854682920869
0,0.7418988938815924,0.3606554676549988
0,0.7614586776573931,0.2329397518795705
0,0.770121882797761,0.3489967210940428
0,0.2845320006668204,0.1460696491795503
0,0.5370779530636146,0.344144749412574
1,0.6070128457378737,0.4994352922709648
1,0.3749166765989472,0.762497546027346
0,0.6399417812818815,0.6838010697024354
0,0.8960100712791383,0.6076517099032964
0,0.7713538118264683,0.2522067369433027
0,0.2552269970081671,0.0644804193411602
0,0.7493167276998075,0.2345173721525396
1,0.419070954215788,0.2833558345842053
0,0.0068453853564489,0.3170230754079083
0,0.7045749976444119,0.8329011751938782
1,0.6760985122007839,0.99930292045482
1,0.5386575397307348,0.0170452334912488
0,0.8237545542531028,0.9630899924567046
0,0.0569298582617142,0.8845424137183541
0,0.475155561282836,0.2595110379487582
1,0.9877397178003432,0.3452176155919965
0,0.4522207173412643,0.166141007649086
0,0.339642445365558,0.9412985533160826
1,0.8935604407674773,0.8141320119321563
0,0.7427197185184399,0.8113055192317967
0,0.7305258108410595,0.7237133546234816
0,0.1686881016354282,0.0949831898750332
0,0.9254773590199252,0.1948749960766068
0,0.7253401333391744,0.4226875121095813
1,0.3244346571721282,0.4050750664630014
0,0.4745245668935572,0.3304985457615633
1,0.7943146015196646,0.7700729860485727
0,0.1846135167700118,0.4710914620045699
0,0.4141943995486425,0.941813558246291
1,0.798237980686896,0.3319283389324319
0,0.3203754179727873,0.1572628557263271
0,0.2162051327665145,0.9234521645275604
0,0.1804331796220462,0.1736322358409211
1,0.050268484187757,0.619648764607368
1,0.0483309821039441,0.1171714276127218
1,0.1647179294895958,0.8621140109930464
0,0.0789450439442492,0.3648970808651878
1,0.8384323558853785,0.2333422934378735
1,0.1240182895782673,0.586075623495997
0,0.4780192779030006,0.3679798403184461
1,0.1737842388376499,0.3218882335716443
1,0.307961237822519,0.3754801494949753
0,0.4530854454011008,0.6377384019963296
0,0.1765101991029822,0.1787858373882863
0,0.5721911520142475,0.3739549026730234
0,0.7700756605885557,0.8203313913898044
0,0.0728643650495312,0.8546427338315897
1,0.6673111817261804,0.5056327884065588
1,0.3007793317626154,0.890814597154794
0,0.5292812711479433,0.825170065844982
1,0.1006088302119269,0.6508311049509731
1,0.8914131456495611,0.4249468304735286
1,0.5889983075451027,0.1744771499033764
0,0.1845599512247058,0.2028599207401376
0,0.5014620815197852,0.3223278155818304
0,0.7155391684938842,0.68982327426397
0,0.920925353989816,0.6257824677940603
1,0.9567385111458456,0.7717991218171387
1,0.1729776943627802,0.7731429937333424
0,0.9621020552220442,0.0390936491157074
0,0.4620161643915088,0.0639557061521933
0,0.9449445081655696,0.1760027436618716
0,0.4160161976931235,0.0230128005205886
0,0.5600482448677864,0.8375718675841709
0,0.3610374665338701,0.97691873550687
0,0.4179359409879613,0.9760250039474436
0,0.8292182264689646,0.0558942409313444
0,0.0695682095660287,0.2293937366944608
1,0.540238714169563,0.6286030702545673
1,0.1976449132106766,0.2564720570847447
1,0.930633662534091,0.3064645085903899
0,0.5469689633343104,0.4289331957247969
1,0.9450320270336624,0.710788497951559
0,0.0892416989980722,0.2313204746007032
1,0.1714935669082223,0.3098609157444807
1,0.2436370499354986,0.8013914487628069
0,0.6475617707704123,0.2744579513479477
0,0.8251586768412826,0.5782810522672559
0,0.966413308500154,0.9345971229351864
1,0.5798868717021024,0.0596330373550945
0,0.1603550753204476,0.0692976465839575
1,0.1320936715236904,0.114469505015873
0,0.5331538908260077,0.8217385318045209
1,0.4570079228264757,0.8952718302604012
1,0.2663918837688019,0.8505354015625978
1,0.0826249380394823,0.1222381126623274
0,0.5583826317920155,0.2434735178673648
1,0.1696842530310759,0.7363763078857406
0,0.9211601631165492,0.1084418695727311
0,0.8877755105890831,0.4528274480259014
1,0.1017440778379059,0.6631870922828927
1,0.7409374866660727,0.6620216855916686
0,0.1970986604276373,0.5139969014409391
1,0.0037680847261134,0.1072895783029881
1,0.5481714971842165,0.1149321856235702
1,0.2276540085770139,0.2671558516446083
0,0.4479632152317038,0.5059722948385286
0,0.4549195599186116,0.9321755108445408
0,0.9026601364973766,0.147508298359175
1,0.1483761051430125,0.967790552124421
0,0.3533905427597856,0.1050687878293198
1,0.3085217582659418,0.8322443749483938
1,0.821533561546216,0.4468154589151105
0,0.0697725078619155,0.365157475516257
1,0.5323483190629288,0.9506812159953604
1,0.7112375283795948,0.1856265803932443
0,0.3842165711351327,0.1852415620049042
0,0.7272609094160801,0.3901298743445878
0,0.0285618959441011,0.4061591106505968
0,0.6262771476512831,0.7823130689106795
0,0.6651557900564099,0.4165516227338282
1,0.5228562937301383,0.1460122119661026
0,0.6195140912985578,0.4354460252553547
0,0.3366918589340462,0.6706244814738657
0,0.17977601752195,0.5196818470483271
0,0.2094659378499025,0.4578740502384282
0,0.3078404311401738,0.5151616612470898
0,0.1538867424281076,0.3696927930287994
0,0.9048285453978392,0.9974387778549318
1,0.6957597665701166,0.1404922229103111
0,0.477002406379729,0.7584724673994854
1,0.8163457218266186,0.4048539824159903
1,0.0586966343995166,0.976295421231394
1,0.0641084254169155,0.5118899075751974
0,0.7703456485514883,0.8631967713836883
1,0.2016505963359784,0.4419835885739173
1,0.1178385749639769,0.0837058304379054
1,0.0657208048430527,0.555681469498296
1,0.4960964000670375,0.9967185973803798
0,0.3856726056798113,0.0387448508019871
1,0.1915173045612704,0.2793147490956325
0,0.359952761980728,0.6685506148368476
1,0.5344862067474988,0.0851802716403339
1,0.9785050485637314,0.335660743752449
0,0.8948542846122773,0.1597251569355743
1,0.3372963797783209,0.748195879303829
1,0.2340441175836481,0.407564679695643
1,0.6180886565428189,0.454547923936606
0,0.7473776938581737,0.7683022623711488
1,0.9964826404560214,0.8698599018959646
0,0.1911379986579026,0.993243258787109
0,0.4870387024645821,0.435010209749231
0,0.9707649214246116,0.6698861431649764
1,0.4683365175574429,0.8834799107538613
1,0.6691267807726795,0.6691841908687786
0,0.1718694271013535,0.5454768456665768
1,0.6371366045069315,0.13499735599911
0,0.5152599402618633,0.3448989280345368
0,0.9853149816955352,0.9257719163376048
1,0.9510378484690836,0.7903876965586846
1,0.314804833532542,0.4239771601073351
1,0.3730501565179814,0.850654014353242
0,0.3056653591509675,0.924889425953108
0,0.339026281896616,0.5954116666735846
1,0.04003984718089,0.5925787535928116
1,0.6957494133895227,0.9829561201790934
0,0.1064047625481594,0.2683315045667317
0,0.7306394079146825,0.778569888444666
1,0.6158541101790991,0.4596083770206657
0,0.5755388247763983,0.258590112892997
1,0.9300327160430456,0.279641924478298
0,0.0206166362715352,0.317681466684651
0,0.2005108508363731,0.1146111742966125
1,0.8414400272922861,0.7054769543336195
0,0.9905367266808658,0.0319393874462902
1,0.0095241856702241,0.4790302636110327
0,0.6348717483839681,0.7148764140689827
0,0.9269753121833976,0.1080944287155161
0,0.493371888891582,0.6896377123312429
0,0.9738349793599052,0.1716050645152326
0,0.0685729761344953,0.8844187649998337
0,0.7937901214633246,0.5533588927656798
1,0.7358715009657539,0.9761749115142112
1,0.2156041667086911,0.7678723884366229
0,0.4074170283367102,0.9809954297946176
1,0.7300942046183299,0.1032565059970481
0,0.7076924764919142,0.334002127239877
1,0.7624908992335763,0.5186591049315475
1,0.5019523466960822,0.1332389372897223
0,0.0644969355878549,0.3066304428067029
1,0.8829473803317006,0.3820734180366146
0,0.7526640632871036,0.2330090837397089
0,0.983679507531466,0.993671913986608
1,0.9591736836131628,0.2683590788918411
1,0.6626662990164702,0.0054465686885865
1,0.702592768877217,0.4658838888391269
0,0.2364625295071991,0.4990527403820558
0,0.0553980743485665,0.2536823070373379
1,0.3079316489289967,0.7170329541693418
0,0.9833938932563124,0.1311208530551008
1,0.4047917093336138,0.8250899373676477
1,0.3493891641476224,0.8281695187758582
1,0.9543070147356318,0.8443710452065879
0,0.3024325536296354,0.2180944315431129
0,0.0219289412529885,0.2261594324433429
0,0.2669560692660837,0.958970195937451
1,0.6876413603517288,0.0529130569921744
1,0.8869098973936193,0.3270313058811932
0,0.2767882945710538,0.0223354854199561
0,0.9986349769552956,0.9701901403202012
1,0.1803340337556817,0.3239121562372591
1,0.4968705491000716,0.0030849566132244
0,0.7628239174008293,0.2739728363387341
0,0.6720757249210371,0.6974191219931345
0,0.7141364330738089,0.2588929179645919
1,0.7769250258515336,0.2031643901546205
0,0.93483309856834,0.1977327381348019
0,0.5262928577669823,0.68983898310018
1,0.3799687591038657,0.3897771701219733
1,0.0444063794377699,0.5215151024286689
0,0.7026111002858997,0.704837555226844
0,0.2557221041847919,0.5428527046332202
0,0.4513277522008861,0.0727618736378257
0,0.5313932399875849,0.3806532046434639
0,0.0835205166547636,0.4388789246683715
1,0.6910547057905274,0.5002662308420872
1,0.6349802918253411,0.4908207420179882
0,0.8944281859047017,0.0410910850921931
1,0.3510418904337482,0.7338277327980335
0,0.7615296311068105,0.4400575152935488
0,0.249907438324565,0.1822619096425893
0,0.7459969241599237,0.8045907259996568
0,0.6837771840748615,0.7197214968619744
1,0.7218579895229819,0.9019626142167788
0,0.1217243445159369,0.4479470257449208
1,0.4624095562560935,0.8633385172808196
0,0.8975783615090525,0.1258560158774272
1,0.4796498711236039,0.4913037032949691
1,0.4393805289661644,0.397961098679558
1,0.2872880872700057,0.4205911046883959
0,0.4995173288913149,0.8592530685966762
1,0.3289514057717499,0.2705584416206468
1,0.5084982742134841,0.1133565465464429
1,0.7395700495928382,0.4988864815719269
0,0.4987252410673807,0.7015246023009193
0,0.5179026854710295,0.3006163539236959
0,0.3460673307209012,0.1919874154218248
1,0.8489672333957372,0.6849278810575873
0,0.6817866944345384,0.7790122776656538
0,0.8199903782947032,0.5047367968017807
0,0.6064128679734653,0.7864450819493296
0,0.1710156418517219,0.0227762641886305
0,0.7089074635509794,0.8513996439102854
0,0.1040176157548753,0.3912058440593449
1,0.3253456244313054,0.7760499556439217
0,0.5885485959511114,0.3408826623748887
0,0.2554463516893271,0.068034065309333
1,0.778539982544231,0.1407139460667159
0,0.5424813911705337,0.7570510002402374
0,0.2064446919674908,0.1907773584246413
1,0.5903407600552881,0.0674645980879934
0,0.195936488594224,0.182595785241173
0,0.7178232195766017,0.8736438773452836
0,0.2460543812651168,0.473961130403648
1,0.4589256471569566,0.7565966625096872
1,0.0366534029711244,0.5762900640703428
1,0.0416252682571456,0.6230298225181458
0,0.3912773358679221,0.0150162642574959
1,0.9352183579710088,0.8199236681625903
0,0.9409938282354336,0.5138885006228772
0,0.3000245888008793,0.9841101827623232
0,0.8920660091806213,0.0719507394367638
1,0.1250924422440994,0.5786152395090423
0,0.533804049072048,0.237513679227754
0,0.312726142251596,0.1772534923263277
1,0.6336639485021968,0.9037681805120704
0,0.5824047980867502,0.7637214680255275
0,0.5185061698890637,0.2996684265523353
0,0.1679222152076056,0.9896892417144448
0,0.4646592463024285,0.1105186705644393
1,0.9245013110622502,0.794317128581415
0,0.421868184113369,0.915352617727582
0,0.3944438733005135,0.5226351151150832
0,0.0033817938279473,0.8707555324663958
1,0.0909232246457143,0.5070032400198164
0,0.3167269249694761,0.0149607381446305
1,0.952789361844769,0.7785183591082474
0,0.1555307113458948,0.3232133738760558
0,0.6073489664195396,0.8541162595649053
0,0.3634156689787122,0.1940289120426314
0,0.053827058363184,0.3482167738328218
0,0.0668278008044225,0.3399354472328481
0,0.8085796851003552,0.0029708409845112
0,0.2705930564667257,0.1794260011560123
0,0.2145151511898188,0.2054131284351484
0,0.6190240152048311,0.7385841714798732
1,0.0838693398098399,0.1171782819967274
1,0.671150740872364,0.6247697947002411
0,0.9432131766832595,0.5668775269254404
1,0.077156987125067,0.9753189155371792
1,0.7766599420137387,0.0248449645485524
1,0.8493910968373843,0.3254145986573296
0,0.3983072149911839,0.1517240885027874
1,0.1419532911809199,0.8981229846275646
0,0.8919913966481319,0.5031947310474754
0,0.8386736992064164,0.0434453455563075
1,0.1655959874216783,0.7258306142376421
0,0.0250298599833834,0.3857883772333587
1,0.76304214781177,0.6701058287423108
1,0.0481041395797648,0.20928829906846
0,0.347592693175523,0.0883054980763611
1,0.3220089498788421,0.2529286836367709
0,0.0546462676370468,0.7841454265338095
1,0.2092159261734729,0.6875386339730508
1,0.6525317553362947,0.4623886117900802
1,0.1560534491064732,0.0347808099228612
0,0.7478897218970528,0.3214211973249214
1,0.9909102447466446,0.2348689886954234
1,0.8036996306622683,0.2576562779390386
1,0.0513820504993821,0.1874873626718578
1,0.7016903664069822,0.5934552212748132
0,0.2433009449991401,0.0261993687568931
1,0.0854588259454715,0.4981436239179636
0,0.1513901551568039,0.878420891947175
1,0.0581135159855739,0.5263249131191319
1,0.5303286088213712,0.9150335491080468
1,0.0250880272345954,0.5963479115041516
1,0.2075583106813642,0.6973683256879227
1,0.937884691238039,0.3940038099085253
0,0.9658582095927148,0.5603718361060249
1,0.444333888832146,0.3868541627474857
0,0.4977750438540952,0.8731875719154568
0,0.1745440587293243,0.6628424645076214
1,0.884937712140091,0.7601302468430648
0,0.9241736310013948,0.4548674520387006
1,0.1424307418940379,0.6364879843301317
1,0.33023555652229,0.3528355770443963
1,0.4487026446376039,0.7688336348880556
1,0.122052245471022,0.5173203788304719
1,0.6160245073380923,0.1278024197814634
0,0.0134749023823422,0.7865073392474562
0,0.2522215163598637,0.9781068820936358
0,0.6955822112992333,0.7844554905686354
0,0.2255501455200088,0.5784959456693858
1,0.2746426796947109,0.8324978954950566
1,0.9702714005968428,0.2994002366505428
0,0.637665543069694,0.3602836436498956
1,0.2923969716774534,0.2887542152812052
0,0.941496386144526,0.0813839711752908
0,0.7332663104684444,0.6943285595534485
0,0.1185525291282909,0.281128054531347
0,0.9096818993969792,0.1801781629083491
0,0.4428150949859163,0.9286592419055074
1,0.7011754356406942,0.119593741971236
1,0.3231955435222721,0.2832368227200548
1,0.3557366924265309,0.3126531689778811
1,0.7476685756196548,0.6677107764655109
1,0.5708012691572737,0.4888510919308483
0,0.615843354475418,0.7461840549818739
0,0.0277692098983575,0.2795204787899946
1,0.6330364873027493,0.5707692713064169
0,0.5304908971355029,0.7789161790081459
1,0.1755519187955986,0.4426073734885022
0,0.2599391639547604,0.5591365553856793
0,0.3845852480059175,0.8985654125771667
1,0.0045526670250648,0.1257753941026163
0,0.687319157643601,0.3212019061197598
1,0.4380502118322965,0.8766811014971186
1,0.3398588486826033,0.7344309392438976
0,0.3321580261570499,0.5580350695128025
0,0.0459047888431571,0.3965778868328337
1,0.3800702976154808,0.7707772245500117
0,0.1617708362755585,0.1107972706125257
1,0.4381540614549998,0.7449139011085918
1,0.3630201285213583,0.764496735185248
0,0.3290806325854798,0.542368309542955
0,0.8503068109986279,0.0804840276144187
1,0.7253414735662418,0.1634423495261592
1,0.0723479607123918,0.5200617491996504
1,0.0989643999412474,0.1369243255016273
1,0.6485528364032621,0.0858463713708681
0,0.2713175600877489,0.9940995982355872
1,0.2179549528916152,0.2495829287693177
0,0.4686428873602836,0.5880714716998648
1,0.7457007499555796,0.54210481430076
0,0.1577124214172568,0.5245340073597198
0,0.7172188744137853,0.8380978089171305
0,0.2874418995815407,0.4911039092684357
0,0.2419082010075608,0.5735868826360135
0,0.617003098335057,0.3304682278335263
0,0.7216994062768337,0.8364364798262921
1,0.0245782170149552,0.9510924561460667
0,0.6796770357041899,0.7487729570513226
0,0.9124942688051838,0.0951892982255416
1,0.4118295402249842,0.711010759328261
1,0.5268268754970818,0.0487372250393681
0,0.8652148247769641,0.5991055566793911
1,0.1389969033692627,0.1203008064366656
0,0.665017369655318,0.330558318366235
0,0.091158842776617,0.8478949348727268
1,0.8702630911968176,0.323005789129596
0,0.8673161397560092,0.1768770184652838
0,0.690330614004822,0.8679365454081766
0,0.2376290508679056,0.1965849832098379
0,0.1516295596492556,0.7903451835865061
1,0.3526402058280864,0.7155200352946254
0,0.6654466315036149,0.3932325932448138
1,0.7562269718604275,0.21584206511039
0,0.7067010808086669,0.8899363879413359
0,0.2848312770540928,0.6575754303664002
0,0.8253880421411974,0.1856683884318396
0,0.29496556103183,0.2103074980613142
1,0.739174304117972,0.6167637013613502
0,0.5680619255744704,0.8965109136836804
0,0.6956448403510144,0.8165971046830881
1,0.6757069826245912,0.5702283441510436
1,0.7350661178482016,0.4960399916301321
0,0.7750843974108753,0.32625990013513
1,0.4210226343586783,0.8480445498879903
1,0.5163582201358402,0.0308699671611792
0,0.2965149149909124,0.9656762721146072
0,0.4563920820931255,0.1990458701077683
0,0.0784040610057738,0.4024437077689439
0,0.2766158098018931,0.5837018597868875
0,0.2726508830784752,0.1348993088525415
1,0.0027926892837065,0.1185682878986496
0,0.3511249320632202,0.1682025015612868
1,0.5291262650286896,0.0242302355735832
1,0.7429886699289686,0.1064338609811725
0,0.9740969180448614,0.5428478081920856
0,0.7606867622467952,0.7799298103358165
1,0.3876369205712989,0.286336196388952
1,0.939665762122906,0.391084884272161
0,0.1474303459307275,0.7406230988854259
0,0.6202418296637945,0.706337060767862
1,0.3261883245667768,0.2394607550741061
1,0.718160203414118,0.2015715123570802
0,0.8044318166921287,0.5300715857326459
1,0.2651129891535811,0.6862116571519964
1,0.4498905828862389,0.3570041318374739
0,0.1737237032330543,0.0552463297622969
0,0.4481023973318282,0.0689567926203551
0,0.9884919353153362,0.0613918141593486
1,0.6494128072738883,0.6268774983657808
1,0.9403716028652278,0.7486398570340712
1,0.5592947398413841,0.479072489723606
0,0.2749246302480421,0.946197718597806
0,0.418735421895694,0.6624762718211336
1,0.0800288719221354,0.9933507531870628
0,0.9570307200809176,0.4519627869703044
1,0.9908779676681042,0.7410372508474564
0,0.9496194172533716,0.4899644169095762
1,0.3528659414313733,0.8760214273758206
1,0.0298481093226844,0.4632227424059344
1,0.3844091658195639,0.3315629344971916
0,0.6458630380645737,0.8704106908756224
0,0.2693296103535043,0.5220237436629007
1,0.0040896123154035,0.4608327674251018
0,0.9511760099470986,0.6569429472948286
1,0.6401950712060787,0.0561407524729606
0,0.1106580714201648,0.7905299711517627
0,0.2350583010927756,0.5444432990982234
0,0.6726678637640667,0.8391339763642685
1,0.5350437988027326,0.6105385271240883
0,0.2163643404400584,0.4620818667252501
1,0.001664664014327,0.6358876687246349
1,0.5611785906205385,0.5372778436124782
0,0.4291216809052188,0.0560818119378317
0,0.3785814973521287,0.8980313289174159
0,0.0481737669121457,0.8901868024638676
0,0.1840014641044031,0.6351325119862684
1,0.8231472333935105,0.3368968502483139
1,0.9369739468515904,0.7970619270677733
0,0.5728695584798007,0.4006049176438295
1,0.1579661174211737,0.3877180063196345
0,0.6005846492330368,0.3927724905254156
1,0.4004776676696577,0.6877899486462857
0,0.0138346436595562,0.7974323822305354
1,0.0723664630674689,0.2020045447999988
0,0.7001409373244649,0.7153437063602957
0,0.2046185658804646,0.2012627156291606
0,0.1718467049553859,0.9972914031211624
0,0.2267481908922936,0.6667850257570496
0,0.4076329582463212,0.2018219081549456
1,0.9710777027745932,0.7673160416330365
0,0.0225693540805453,0.7851416517829416
0,0.2540763786834077,0.5288763712732587
0,0.945745160628282,0.6122625402668596
1,0.1767459251671911,0.7648889677414092
1,0.4640584749145676,0.3156087222562245
1,0.7284342064210308,0.4655347093625988
0,0.4026504362911921,0.1886424731656221
1,0.9302987519758692,0.8150436274311448
1,0.2820254323403347,0.8556830328325271
0,0.9493455628810736,0.6466756482308266
0,0.8801015629274489,0.1650918000710697
1,0.1339386059917647,0.9668236344143524
1,0.1107503027583285,0.6180488029551403
1,0.3904808290408875,0.3356731595346705
0,0.9039760665237272,0.4810059756615947
1,0.6322237454769206,0.5251084156706126
1,0.1606404068864054,0.312717982340796
1,0.2799203105583095,0.7898522149587927
0,0.391724943054481,0.658165112531357
0,0.15413710921743,0.8532635897364612
1,0.7429176969061492,0.944191362118469
1,0.4893696999629748,0.5194950176117039
0,0.8453510743707164,0.9999503973565136
0,0.7437932938033112,0.8507701221191019
1,0.4324610183840935,0.3976243830304689
0,0.2951253201774385,0.942563494797564
0,0.8381026048042277,0.6391036159917685
0,0.8339350989458744,0.567178868248095
1,0.0170019340555795,0.450880925471847
0,0.2679541845172981,0.0392207136857047
1,0.1630554434574262,0.2698918085749211
1,0.1075147457990589,0.6678035809340277
1,0.7947290348410152,0.6999448254053093
0,0.0065770404921086,0.6954643933117765
1,0.207182058996052,0.7583429406762199
1,0.6509308297875305,0.1649146772248174
0,0.3574367030479078,0.4651890119954549
0,0.5318559106703757,0.7953412297282785
0,0.5136844154950518,0.8689035453083388
1,0.6632781427783828,0.925666216267127
0,0.0398406315159217,0.8261144444967392
1,0.0939744063681332,0.1131408864746232
0,0.3686810096808336,0.5331463384205648
0,0.3808116534105111,0.9577556650022424
1,0.6984281301730658,0.9787974651691078
0,0.1906962918740343,0.9518273822803112
0,0.1824809951343481,0.5550619877698878
0,0.5543887928751955,0.6975826021666066
1,0.3878026615304887,0.742447529518196
1,0.235096615151557,0.7198130295527152
1,0.9184124321013613,0.3982879927993441
0,0.2222757703935866,0.9005058070844862
0,0.7681609576748687,0.7843797771868172
0,0.9975927123888872,0.9988919752595596
0,0.2037130759189462,0.649259468764388
0,0.8016127613673772,0.0222626925469782
1,0.220966862844042,0.3032656878847164
0,0.2580845236912976,0.989751082700892
0,0.653457539323594,0.7839634522399597
0,0.7910768483563753,0.0688977410741866
0,0.5471903910160367,0.3375178483855591
0,0.4321213785695867,0.9730765283406636
1,0.4885579993261278,0.0069601378912924
0,0.8514752506722421,0.0498937367716271
0,0.9154622428698316,0.1441225238808929
0,0.1343118049581281,0.7485816374786691
1,0.782545378047886,0.9720696392790148
1,0.8196157703386506,0.385402732659006
0,0.2349259279622657,0.6186202472193084
0,0.008616505021934,0.3464740459486911
1,0.0003646090200702,0.1298855271061354
1,0.8717676589031818,0.7940200077058643
0,0.1463033446646374,0.873639952357616
0,0.0477581966511363,0.3062732295576883
1,0.6751182871306117,0.1110129237099003
1,0.0987199545154541,0.2075810833827082
1,0.4400693133309332,0.7890778046983177
0,0.2127971222737718,0.1428131289875662
1,0.5735937557497497,0.6555036881964789
0,0.922333719365203,0.2217227946899906
1,0.1402219301456869,0.5268965802691538
1,0.1251680067267432,0.0975669343435922
1,0.9633063215091844,0.4023517670875801
0,0.213961687566517,0.5828135201906044
1,0.1632024503579295,0.847170832501122
1,0.7173968580177279,0.2199134164153021
0,0.1190044845331259,0.3714385325420738
1,0.1220972630125136,0.6474607011601541
1,0.428349266469917,0.7482252980571527
0,0.7926200913955479,0.0390217117136195
1,0.2057975076484983,0.3633966939580804
0,0.5778997771765623,0.8882484155606308
1,0.6355688661786968,0.1377765730834278
0,0.0694849092064066,0.8502159548209531
1,0.1257128373898296,0.1252077508332393
1,0.5571356932220892,0.5858747969237478
1,0.9498191112521212,0.6906172786518148
1,0.4603910335785087,0.6922219384160544
1,0.3227797371388194,0.8353053431239404
1,0.35415971771701,0.8496794097245645
1,0.3818586235950458,0.6938618319830728
0,0.0001278755153807,0.7156398102203559
0,0.3323940157799193,0.1819836734432176
0,0.4213506348797476,0.9414216319820736
0,0.0727757468166937,0.3687609389977565
1,0.960633201876661,0.2718790115008642
0,0.9840272976153696,0.5386532312981217
1,0.8992842172710883,0.7149778822458679
1,0.8235042677844179,0.3448850348510621
0,0.754631831863669,0.8302870370247671
1,0.1269099064172334,0.0902036568965891
1,0.2957607668100271,0.3911620052757741
1,0.1557629120340803,0.1129910524983872
0,0.388393724975945,0.976792360370451
0,0.8149416236923818,0.4517284171869828
1,0.7662959370812736,0.5790089762572734
1,0.6542948747932861,0.9507934476691712
1,0.0177856722408329,0.0059646580351301
1,0.904313993682666,0.682951263338202
1,0.8961952898858471,0.8959931422123548
0,0.4175781061373421,0.537381900805904
1,0.1675172925058448,0.3756222436653296
1,0.9247049823524868,0.679189566721076
1,0.2741492848695235,0.2471507630081197
0,0.2218063102089517,0.5013489930998724
1,0.7159302294929885,0.911510309136562
1,0.8807388501795389,0.2880951715871571
1,0.9629374775421096,0.8006251986131346
1,0.6216510673583832,0.1727719085853948
1,0.9548456886991796,0.7921616888331892
0,0.3177051482563915,0.9567924861084992
0,0.1372100523864523,0.3854459874230762
0,0.9748804334716,0.2032373653152164
0,0.2604721045927864,0.626339270040809
0,0.3169847590632787,0.1788859257254502
0,0.1585287652743129,0.2122989952600245
1,0.8367195690026251,0.8746957110417375
0,0.0312866397870232,0.2736758174084639
1,0.0117688586278636,0.5144914972446332
1,0.6911311711816153,0.9681509568554804
1,0.5206488685630566,0.1469876932765474
0,0.7749051062000446,0.2914762855073881
1,0.512746754455244,0.9759172035722594
1,0.7636238279453719,0.6532080247445494
1,0.7808541804867957,0.9174989535073246
1,0.2720713687274231,0.3791410396254506
1,0.6148873264966849,0.6628240889473763
1,0.2415981970766798,0.7877420585872926
1,0.7880835608914688,0.2967403270900607
1,0.6995348975515687,0.4620867802447588
1,0.0265272699347622,0.666253981566624
1,0.9084499719543112,0.819891419566246
1,0.3497962003815634,0.7014734681159576
1,0.5273733096657104,0.041032555486986
0,0.6140460650075964,0.7351576690651956
1,0.8983036688190683,0.4187162538992257
1,0.473023109319167,0.9004029020372606
1,0.2871994587973288,0.3217056883683642
0,0.929048929432255,0.9817721170375256
1,0.7441476159496051,0.1183853663496856
0,0.2449841465318607,0.9509203194470762
1,0.9951030256714946,0.3933796670899939
0,0.1656957133447794,0.1518255665379457
0,0.894479960434371,0.6650596083338446
1,0.7629855095863562,0.1512096088203576
1,0.8444839787093716,0.2919181382928274
1,0.0589259900797337,0.6607273238907928
0,0.0835262543620309,0.4400548767351887
0,0.3882887085204948,0.5420620479287608
0,0.8447403805605024,0.5779703995064795
1,0.0799641891692342,0.9560439252832816
1,0.1017358138056198,0.2030399239279193
1,0.9945602905559876,0.2519937593179538
0,0.3243971187602812,0.5738299021486096
1,0.1939681005855021,0.4030946405436216
1,0.9010911929718765,0.8856514001387681
1,0.7906132726330337,0.2647345855898367
1,0.6327661761994849,0.5228705329288283
0,0.5696046553326163,0.8293907922002984
1,0.8961431911558695,0.2496769123925244
1,0.266114126812492,0.2571200613009157
1,0.4577150227138522,0.8701443873888537
0,0.9084770574085992,0.1795752253940807
0,0.1208345833355474,0.3402278801858951
0,0.9607586819742744,0.0022229760515115
1,0.9720612214686132,0.3111611986531862
1,0.4052166628356617,0.391988501083472
1,0.4801487701003141,0.2178177087277357
0,0.9151942478509908,0.9099530166663816
1,0.8388569422247307,0.7565653653088928
0,0.462262443350367,0.1904728133471777
1,0.9810917328878528,0.8866348965295778
0,0.7102415742170968,0.7262310330774004
1,0.757788499682787,0.1828126928179533
0,0.7186886533122762,0.7026454196802735
0,0.0004165464293026,0.8551999227089784
0,0.3346297789402489,0.1979217072884473
0,0.2444522553317358,0.552633203303041
1,0.3579166370371501,0.7330347361158035
1,0.2639827844598212,0.2606342011363695
0,0.99957768862824,0.6022422372097401
1,0.5110011970848798,0.1583235506336505
1,0.72761601023938,0.0338811864902338
1,0.6387155110729908,0.5720401115336691
0,0.5821256281529502,0.3944067019939568
0,0.972641746899881,0.5808841424086074
0,0.0461214035040625,0.270484800314526
0,0.8998231259333732,0.8980147065463611
0,0.0595935636349587,0.8898320365857807
0,0.9038708103232622,0.9413014330992784
1,0.0530168524946568,0.5890552099128544
1,0.9982027808199152,0.6783055994828422
0,0.1686533275626993,0.9334210725901988
0,0.0362134765618958,0.7768772238160605
0,0.3463811477180913,0.9288288258523412
1,0.7504615996294998,0.0710897982568419
0,0.2701874865824295,0.0602482590111645
0,0.6553249645440857,0.6750854456443958
0,0.946473978391533,0.5662355963432018
0,0.5428596324916015,0.2406894930214868
0,0.2944605820846095,0.9339616672606438
1,0.1527531950904394,0.5391910606363715
0,0.4131233886400898,0.095178166356372
0,0.2613405268733304,0.0965113709891313
0,0.346725828914434,0.6021253791581501
1,0.2830723851970174,0.8040732603693
0,0.751293041958612,0.7632954227831357
1,0.5253662275241026,0.992509628503048
1,0.9278820456872344,0.3280208201565822
1,0.4418759002183952,0.3544647439650722
1,0.9341947156569592,0.2881442350547807
1,0.5732652752134618,0.5379859076601384
0,0.7693285311024283,0.7527881007718416
0,0.5507194790734988,0.7783176856238819
0,0.0257064611706603,0.8632029570438909
0,0.2033944098810984,0.0555443097237068
1,0.0474171998185333,0.0335011091619332
1,0.5059365451339919,0.9355783963851784
1,0.428156414824597,0.4229148139516914
0,0.7510183462864403,0.3925100565411239
1,0.3130133927752508,0.3512970168389221
1,0.548606473057747,0.1411613928642724
1,0.7111429696146434,0.1300275481587234
0,0.050655223697384,0.3565329241874431
1,0.9791713300683178,0.8053598998958905
1,0.744540248740171,0.9802599994496992
1,0.8283229890274908,0.8247104931509562
1,0.7215328234647874,0.9432158449891004
1,0.1462183965747525,0.1137063680685248
1,0.4236301829627508,0.2906112611915941
1,0.3627994167452079,0.8899050901292199
0,0.2063711781592013,0.927996313489324
0,0.5648670316227021,0.3041930802485924
1,0.5913199732854748,0.9984453981172884
0,0.8365005204740674,0.2029795968214226
0,0.3715053539825077,0.5514910305885184
0,0.7544779626607485,0.4292135371574885
1,0.4505692102603017,0.7093242437233026
1,0.5677486844125341,0.5920665328972997
1,0.4258380479287945,0.7927847845857776
1,0.5249804172579232,0.6718333179747186
1,0.5640148696182524,0.2219986122306336
0,0.6828351449045188,0.8079294890708472
1,0.5336933878028717,0.1120678433645137
1,0.9795301805470968,0.2874494795505761
1,0.7843973110593203,0.4696151591527592
1,0.1478365045621468,0.5524240798775821
0,0.2648961665475967,0.9737111048475106
1,0.030364659720824,0.1585536101791341
1,0.3534531239498824,0.4292173693159984
0,0.5463992235397854,0.8825609479489388
0,0.9658401662118004,0.4575459950761864
0,0.9427666963654422,0.6105715810581017
0,0.3345546585221569,0.1531645377152554
1,0.0765215878505128,0.5388641118133427
0,0.5614112210159024,0.7375491363988907
0,0.7657676556040288,0.3461359908426964
1,0.1629615182472467,0.4149742034283479
1,0.5757347198646682,0.660011374884887
0,0.1381201188102073,0.3460512092718997
1,0.1699009635720874,0.2732673374274281
0,0.8713917611163378,0.9263725460684684
1,0.732608936152013,0.4702367504036601
1,0.4752834330891443,0.5606403967375035
1,0.5783583975064174,0.1824770715256258
0,0.00153276342814,0.8732789196094204
1,0.1605628482435197,0.3110337909714332
0,0.4980038723271366,0.2768451276355266
0,0.4016357681078814,0.9171184431305331
1,0.0519979854627963,0.1962165418846818
0,0.6684193651067799,0.3839679318440968
1,0.1590173789420477,0.3604233234166957
1,0.8198971087708194,0.4299746399591005
1,0.7014689329009641,0.187132148793637
1,0.843904513348888,0.8625233569308135
1,0.4076025879714241,0.8224709803197031
0,0.4966807667763804,0.7515768438739786
1,0.8335092144811131,0.2407739272496963
1,0.9568013217954592,0.4432304037125771
0,0.2877695657242972,0.933671030323204
0,0.8689216736184898,0.5994214168157036
0,0.9844362117853748,0.1870681645423751
1,0.4682491619586351,0.78794409117037
0,0.1381028928234886,0.8210882225257978
0,0.1730984989483025,0.069307026400461
1,0.763198404527281,0.1683852049909613
1,0.7697673861185299,0.6127472593633364
1,0.6886385554863942,0.4965760079591798
1,0.5527470164003457,0.1772308926655416
1,0.310937289894814,0.7954684371988768
1,0.9446280113573438,0.383290238980766
1,0.9695569845861762,0.3530799611689735
1,0.7256498684108581,0.923550668102494
1,0.0100166039438632,0.6445849078465992
0,0.7813153394888829,0.3020412343597843
0,0.0725380545051719,0.7229215812874625
0,0.5504110438236545,0.3721963182695319
1,0.0472071677422962,0.6560282753853306
0,0.2884204240126085,0.4550774554438559
0,0.6999581053312274,0.7979595081662508
1,0.9371682350588428,0.8340159236993935
1,0.5386334936348884,0.6276584258404225
0,0.9995807125075804,0.0362479776624438
1,0.4750898655775472,0.5511423169173378
1,0.8085833915451155,0.7037332014923589
0,0.4555659205640111,0.960514818592602
1,0.216180676387066,0.3945860114233751
0,0.4080601318083244,0.0473112712566259
0,0.3406194043778088,0.9579314431679342
0,0.3153729952518868,0.1395843144255941
1,0.6465642405081992,0.9181499075274182
1,0.2764481660451683,0.7596837013971715
1,0.0603220130620122,0.1361498573651451
0,0.6484650259803809,0.2384099718968587
0,0.6438543735698337,0.7042420140954044
1,0.9958294470363862,0.4406283600347511
1,0.3997608850464442,0.3830411334114499
1,0.9476617471313264,0.7954904919273263
0,0.2780549153243514,0.4695211028864536
1,0.1285083049428677,0.0445800841595382
1,0.1531534542361358,0.5808995874882087
0,0.2066478824991979,0.0589730158563313
1,0.041726826196431,0.0593012561769943
1,0.8333643856691154,0.2994441035771542
1,0.4793471184123344,0.4700421459923836
1,0.7582513890562849,0.2145333148612888
0,0.6124469220816295,0.3846176857745749
1,0.0307974237863049,0.0852141070292925
1,0.4844407672285827,0.5473996208177707
1,0.0026776003834386,0.1172927508746394
1,0.5383939523160219,0.0651903209156596
0,0.9822480928111345,0.6162063684838774
1,0.5036974855983702,0.4797476678389523
0,0.5523964766525175,0.6820066427012625
0,0.003842177097985,0.2334884585739108
0,0.8188444549784638,0.9264783627237302
0,0.3735870198442702,0.4616736891114802
1,0.2846201200398457,0.8296338994097572
0,0.9436932285265096,0.9049716339214348
1,0.7680051657098244,0.1531152439714102
1,0.9587620257733974,0.293492118831234
1,0.793844314677674,0.8215585136319492
0,0.4456685038506245,0.4636616228530594
1,0.8317104924005562,0.8392297020102665
0,0.2543823643722449,0.1228403922211782
1,0.8899336413424871,0.2751333152476977
0,0.2102879002028029,0.4625594670436569
1,0.4735677523857672,0.6118957738429835
0,0.156968486892595,0.8012683865442715
0,0.66091158324035,0.6957099317299767
0,0.2654127129490362,0.6720042509001124
0,0.1198301545735924,0.8575571524166312
1,0.3782346525426814,0.7908436717178516
1,0.9248290557500256,0.2690303806756441
0,0.433069635182709,0.6145721448619837
0,0.6465740229815363,0.7327221979324219
0,0.7360794331844516,0.3680697866405898
1,0.1370070729900864,0.5232787464581071
0,0.8630156950108686,0.5591932116928935
1,0.8924581288006482,0.6910582295946797
1,0.8097132075843492,0.7040361237148869
1,0.940255993658804,0.7299229014009815
0,0.5562904903913637,0.8055770160182116
1,0.7551647468844285,0.584698159333846
1,0.5675608210015219,0.953756398538309
0,0.3849730514670559,0.9567147111493678
0,0.3754587159117102,0.9149402887475776
1,0.5324738178730996,0.0959950010782939
1,0.7677301804783571,0.2044753441595553
1,0.2408866033638784,0.325270898455547
0,0.987478395532369,0.1217089476572794
0,0.1163835345388912,0.2414093877641863
1,0.6305655809677965,0.027929106280118
0,0.5956945399035125,0.888077063751497
0,0.7651797448141482,0.2655514429181512
0,0.8943032752052976,0.0831796464291749
0,0.9456146171103736,0.1373316062199228
0,0.1411493442496231,0.8513582652100921
0,0.7860492902601041,0.1013842390923098
1,0.1431426115645706,0.0926726556855305
0,0.2882316191083882,0.5088631139701663
0,0.3640112498246677,0.1266183281789317
0,0.7108408158830511,0.4299274203399763
1,0.8429607026278821,0.7001719744461256
0,0.5056281325225956,0.7046520067803173
0,0.3845725192521289,0.009201688467197
0,0.6560991147290394,0.3909196541911073
0,0.5654240853651258,0.3399097959982057
0,0.2603973904470814,0.6096092780247294
1,0.4602557108285259,0.282857097576959
1,0.6806091911619451,0.6430783177075484
0,0.3842373368300917,0.4921316513056154
1,0.9823538510508526,0.400749325291604
0,0.257448283053202,0.5363825725889763
0,0.0764888815157657,0.4262320791043096
1,0.9257318964222684,0.4146830601794958
0,0.5934979863328361,0.3714890453856356
0,0.5086974219549169,0.8324054444984573
1,0.1778260696428781,0.3449219880860893
0,0.3152347527481832,0.2091498288545705
0,0.8136078310300483,0.1086663619270831
0,0.8414013232168317,0.0143737321160973
1,0.4759277850670655,0.0876155079624291
0,0.3011043675107289,0.2206197249471277
0,0.7985168477269338,0.5227175406361891
1,0.5763414716276579,0.1433831321600398
1,0.1559589460720987,0.0313199304944975
1,0.0669262573963401,0.9856405002850974
1,0.4766088937315013,0.6002966746216737
1,0.9024658211002122,0.3219540454245259
0,0.6711439565536917,0.7038634995420654
1,0.4217853983353291,0.8443836507004463
1,0.5592062468660208,0.0693796772722242
1,0.4714894763757586,0.9882165397275214
0,0.0576738985589124,0.7861445288902769
1,0.2629405628578919,0.8253333145999034
1,0.8604200619853779,0.7461145495013394
0,0.8473338000996296,0.0203887473566448
0,0.1127475817128442,0.2515022182870857
0,0.7268094041391676,0.8852241818740532
1,0.8051797654172169,0.251300988147474
0,0.7124091796437334,0.8067283294608726
0,0.861711601462464,0.615519518570534
0,0.602323184462146,0.3807595177475293
0,0.7360960732415617,0.7770724679958122
1,0.8961573307365769,0.7170149611169467
1,0.5950663783028085,0.6676078148929131
1,0.3650696833309599,0.8657367464981148
0,0.454777041488144,0.5673701971367557
0,0.7125831234021898,0.2636472473228113
0,0.1078771599382614,0.3785234631946789
0,0.2366733049721937,0.1982856529713863
0,0.1235614427128652,0.7691316306916364
0,0.811160676055247,0.0512895915146962
0,0.3503932727822276,0.9198068543976236
1,0.9078789144895508,0.8196024893159571
0,0.1261377265477327,0.2462449614237047
1,0.1455574161002323,0.0796074240642642
0,0.6424400150962893,0.8016599723219128
0,0.2200993096852096,0.1961755647821276
0,0.0833636007392396,0.7961128654738315
0,0.1194273312492419,0.7694699965304627
0,0.1515502842709697,0.2777805336608161
1,0.7606829891362907,0.1815461787344418
1,0.9374131550584152,0.2937751475370592
0,0.366967298131812,0.6188058475802457
0,0.1774201121183626,0.0773238717709939
1,0.479163232925148,0.0640266628420689
1,0.8864581586377352,0.429264805284527
0,0.2345735455710557,0.0970114004207853
0,0.8843703144088901,0.003358304790028
1,0.2499028380321695,0.2883623857642815
1,0.2984721640138749,0.8155884871867757
0,0.3351320992443461,0.9072020582548714
0,0.1093643987987803,0.8320098037869257
1,0.0556425034008546,0.0887654138082443
1,0.7506651945959726,0.0050753360875908
1,0.4865251877676544,0.9504962713463774
0,0.8682113781879949,0.5662821772721779
0,0.9082527854321906,0.0046290389308223
1,0.5619474381080034,0.5437305770955492
0,0.8763675519667719,0.5276202402340079
1,0.2655797084491416,0.746880740460784
1,0.8520358429927651,0.8306589590551419
1,0.2558244826382375,0.7477633217197309
0,0.497207958088687,0.2317929258097667
0,0.5431245077327111,0.3064925657352094
0,0.559982835400815,0.3085178544397036
0,0.4004710667849785,0.955926275290589
1,0.8616497036486945,0.8018578561127966
0,0.9827326600740344,0.9203860265991174
1,0.0399869476729196,0.5277231319503297
1,0.4737600838406145,0.6068575429345695
0,0.4065579485263173,0.9202231750938706
0,0.6466561191018139,0.6903435926761071
1,0.6329290979336006,0.106710562594449
0,0.8626197459413798,0.0399370976133002
1,0.0079717130666888,0.9638655271344996
1,0.957855009512794,0.3087784451760104
1,0.5233711471242727,0.0113918320371395
0,0.3977179149083953,0.0330330917401069
1,0.6875276116178443,0.6577992518144159
0,0.9090714002222788,0.4738960602847246
1,0.2641531345128421,0.8937397207889989
0,0.4803255040970688,0.848245939031803
0,0.9029824011014964,0.0510134276973631
0,0.3259339303038429,0.1233157018050726
1,0.8851017591615826,0.3213536181433361
1,0.7140573670973602,0.4936370151377268
1,0.1314283763595928,0.2102503856267884
0,0.6813587419402136,0.3354770534969755
1,0.9875562602519168,0.7305772108608082
1,0.721978975101189,0.4644487676224867
0,0.3456238781904511,0.1875393922567659
0,0.0763541539197913,0.719666115239468
0,0.3054930767265384,0.1903616252968502
1,0.9488369540750236,0.7714615655012882
1,0.9486442371792164,0.7083725724912413
0,0.3160004453296087,0.669288806505154
0,0.2564665214260608,0.0164540417204052
1,0.6732355100833771,0.4798333945432445
1,0.5077652885446957,0.1152131636976084
0,0.7805789567058102,0.3955741476770127
1,0.6445420536248297,0.9073487618558348
0,0.3919874032988385,0.0968731474648521
0,0.8776054246894696,0.9464278827221984
1,0.7405409575155829,0.1963841479327009
0,0.8937520075471836,0.204038547081219
1,0.9837330929636682,0.2476144330018088
1,0.8189089079686055,0.4323090364424026
0,0.2627649463644164,0.4520987369416164
1,0.4536478111280432,0.2412681194489764
1,0.0598734722951844,0.4721037278192835
0,0.4231493648898067,0.0358182044568681
1,0.3302605655895637,0.801209453532161
1,0.8515012005599234,0.841355330560309
0,0.2038169671517463,0.9059456532050923
0,0.1000005534273097,0.2562951316045709
1,0.5668881406680571,0.4489308378253853
0,0.8518596428797331,0.2098512630857543
1,0.3314681241603788,0.4341528983484001
0,0.0924045888619006,0.4153566010682743
1,0.1119850776440208,0.9655635890286292
1,0.9936129668817668,0.8375800363541949
1,0.1861798718548336,0.4386843978536088
0,0.8939842621644851,0.9718291222855986
0,0.8867881539955996,0.5400904279904187
1,0.5888981100861415,0.6439359792816444
1,0.8861599974846373,0.2532509879386343
1,0.0707686339513038,0.6543504941005293
0,0.6737298048944313,0.2697807007098232
0,0.3433151955527597,0.5539749023076052
0,0.0245490419965489,0.3423768665122965
0,0.1879981218087798,0.0427397858609388
1,0.6082305006432691,0.9085581354065844
1,0.8167925068897317,0.3998970576129225
1,0.5212397197133469,0.549469842698034
1,0.6649367200541836,0.5444103318198762
0,0.8756355624401114,0.5938472696310386
1,0.5931838575705041,0.0188869886221936
1,0.416612413561492,0.4461740061781148
1,0.7117414329122891,0.1838925722050243
1,0.6755799735718211,0.6104886725814394
0,0.1781603365793457,0.1580239152012975
0,0.1398443062543064,0.311956983494821
1,0.221361009760963,0.8590621426574654
0,0.550350918260673,0.3192474071350772
1,0.9397480162152576,0.4177334798105792
1,0.0319397655547363,0.5565223201473176
0,0.8729393760763817,0.4935373155571214
1,0.0184061759432903,0.9137013738194938
0,0.72543184256722,0.3269470669944584
1,0.114423861765235,0.9998403907251112
1,0.867993775993477,0.3247644007718698
1,0.0082048777088261,0.5129353309904833
1,0.6197645659955049,0.1133596749330548
1,0.7198528286496356,0.5996866052735141
0,0.2946013852870157,0.5596807722547974
0,0.0205337450859025,0.2430854783673663
0,0.7041718833333828,0.8865227229098986
0,0.7309823582840648,0.7077737351552852
0,0.3129235338159533,0.1387814405814309
0,0.1300955196328629,0.355462119311569
0,0.9844507751015984,0.4868649000021138
0,0.9553594188932136,0.2164374869863071
1,0.740945652176183,0.2162945317152588
0,0.6323485932623294,0.740076909714552
1,0.5297375243721583,0.6648197568785791
0,0.4452052469553443,0.2108494867658229
1,0.0690714929537184,0.5979468722555761
1,0.8178177383745047,0.8395528582972082
0,0.2694766721997583,0.1747109819857641
1,0.6661663635231995,0.961753657747304
0,0.8532266390896733,0.5150240152655972
0,0.9834118817136812,0.9896027998385426
1,0.4903523534172477,0.5620305131326424
1,0.1327179078651091,0.6689190784805226
1,0.8567968891063046,0.3554661894823678
1,0.6375742252284401,0.618925672998787
0,0.8724079443326506,0.4965461691502396
1,0.1081398744304071,0.4532013166739486
0,0.2753541518641406,0.9672519935111892
0,0.8064879488372215,0.4656926888431344
0,0.7951415745475672,0.0564592358286193
0,0.0657721799819491,0.7306666530579207
0,0.8460107457615383,0.0554020861460412
0,0.1726174940912843,0.6016489176646681
0,0.6757187950407052,0.8137326430415119
0,0.4062367607397642,0.5157599735917071
1,0.4307464492391303,0.8820806839458544
0,0.3274185820040241,0.1068560273074156
1,0.279488451519174,0.2857773353139757
1,0.4819520527055539,0.6000934187494282
0,0.2998078101997192,0.9344121272178604
0,0.7632679650426859,0.6902263815844772
0,0.2646069689201781,0.941230033086124
1,0.1000187167799486,0.9703994543052684
1,0.9651600809593048,0.7750432127645255
1,0.7508494090315407,0.1828350941791575
1,0.5556255752873162,0.9781210536930788
1,0.598155246171398,0.1922649481971402
1,0.1689383295613756,0.441403921480363
0,0.9894185525406232,0.4806351279577834
0,0.0391305196038094,0.8156146959998726
1,0.3216996528949605,0.4305842251335983
0,0.3031784372282623,0.6650142639860696
0,0.3569325660113291,0.5055251588756291
1,0.8934084431467229,0.231388599611871
0,0.4984272291920987,0.7613846450792904
0,0.997496461561762,0.9114926683387627
1,0.2500433791923147,0.6940616035149656
1,0.042598808374533,0.1787635800366046
1,0.3301921319372576,0.8326536695093967
0,0.0841688179272843,0.7441878582767159
1,0.3583508152232788,0.2794701440887308
0,0.851960839212935,0.0357546977121184
1,0.2080070653663893,0.3227226146145532
1,0.7076616747623479,0.9271700197502464
1,0.5875646713213607,0.6569139024625378
1,0.7248723283420059,0.210945456133585
0,0.8791870213125462,0.5690146904047524
1,0.335944152989055,0.4403727857801208
0,0.5335678858375835,0.2878938123764692
0,0.1848094625911898,0.5994244597704539
0,0.4988446033958545,0.7832655565427575
0,0.3976082237703903,0.996255336848012
0,0.8411781059312109,0.5003636718660949
0,0.5128336740817865,0.7350492672489107
0,0.2935311804372387,0.1782527251542538
1,0.5195823797350446,0.1367828076155844
0,0.7758595921170466,0.7276609225553964
1,0.2964927116151836,0.8291944684890531
0,0.3660978350031637,0.6696705759056159
1,0.6562695188960262,0.0972424565031461
0,0.1759219827694711,0.9890814348145068
0,0.6554600112092401,0.226467507631084
0,0.8764082515282989,0.1270862782576383
0,0.4476393069506674,0.0218685884613675
0,0.9529252895235086,0.5415953661412118
1,0.3403146583838248,0.2373112748973911
0,0.272773726116968,0.9375813333519069
0,0.9073639507491222,0.9727584935225794
0,0.6970237584884419,0.2489641116058948
0,0.2598934072165093,0.5825468325792516
0,0.6106546965339941,0.8395473294353208
1,0.8323166779019773,0.3491158359486132
1,0.615746207562355,0.9020375059290904
1,0.4525080629635866,0.374929292908279
1,0.1047202983573135,0.2222978613390951
1,0.9194932270627152,0.3196201508724399
0,0.4595175515792107,0.0205775660713107
1,0.5436376773586108,0.9807007385286596
1,0.8081514962096792,0.7813444645243712
0,0.293494340114428,0.0854575252240468
1,0.982181420285373,0.426444919854095
0,0.3105162902007067,0.6131534382191239
1,0.0592198482266861,0.0174305601343118
1,0.4004674011866318,0.3594141590811557
1,0.6542667127565246,0.9349150234041008
1,0.6197547360040728,0.5102740113621808
1,0.4524957112266593,0.7982357824231607
0,0.6811543536498341,0.6933072337973228
0,0.0416720111441886,0.4420514701809196
1,0.0100064088378072,0.0890331298867761
1,0.3846565753403683,0.4269244774809103
0,0.0003942982928877,0.3481295902204708
0,0.8282530213844218,0.0952469957727807
1,0.9791724046226328,0.3852901126991414
0,0.4784649047006001,0.8645559798475109
1,0.8353415279202857,0.7567328970424432
1,0.8008584807768517,0.7510315834250031
0,0.8125325548536769,0.1993408080048205
0,0.0686481177909968,0.2969909821474557
0,0.623382465099045,0.6892887046453101
0,0.1036272396790745,0.419624694777177
1,0.0148356803438427,0.012860665729155
0,0.7409164686735372,0.3035870154633058
1,0.8839318555480806,0.6791565044369523
1,0.3540590971065611,0.3186146164909352
0,0.0857368493487424,0.8103698204438471
0,0.6240635452927797,0.687408986431058
0,0.680562528680257,0.3460990062744706
0,0.3783754847593806,0.598580135589704
0,0.9176070957140128,0.2023434999790548
0,0.3661359873186189,0.0834837358305715
1,0.2486121021304154,0.3447485202936909
0,0.5892753536755689,0.3500171945048186
1,0.8018460382031468,0.8287670860080626
1,0.6137935934339507,0.0419844451568516
1,0.0424949445120869,0.9127742079458327
0,0.9003998993701657,0.1861848990759526
1,0.6432906114152475,0.0296985124024469
1,0.692505982332889,0.597116096865545
0,0.306716030011798,0.1702449760441998
1,0.9268037223514892,0.3048935648472862
0,0.6683429438323836,0.4330999982825715
0,0.7060666476997839,0.3292661881756535
0,0.3547915912222847,0.5390065701096082
1,0.5191251775711961,0.4945278827800088
0,0.7786097393939838,0.8345461193585171
0,0.6425649489790508,0.6812320095866612
1,0.1337645614020738,0.1103091482018749
0,0.992236304311822,0.0940054324794698
0,0.882428774986761,0.586451173185985
0,0.3754436570864712,0.6290845031540071
0,0.8964767530550041,0.1852281533686453
0,0.6346287294499249,0.7046389179662434
0,0.90175785925334,0.6480388611465199
0,0.1710683472899291,0.9205909626881932
1,0.6232622619480526,0.04895788216343
0,0.6179041119723111,0.4220855992854802
1,0.385149473470628,0.341135708085417
1,0.6425029925889455,0.0888680249483692
1,0.2649073436477851,0.4271322101947395
1,0.1865912670961225,0.3739930709646879
1,0.9512571135713548,0.2553598191541407
0,0.914256256654725,0.485426565494702
1,0.7969877947824217,0.402900962773648
0,0.3418345730954626,0.9673040589625148
0,0.883579001371203,0.4622257994814015
1,0.868137731741363,0.2313403174195322
0,0.5383959011603624,0.3236833987749856
0,0.7693945800662855,0.3683672891481432
1,0.4887019325185476,0.9008849647900092
1,0.8966674775084225,0.769574732492577
1,0.9504083009285916,0.702158769997082
0,0.4113782266122554,0.1682220378032194
1,0.7517169424111576,0.6243713505219551
1,0.6492493018240613,0.6284293345349684
1,0.0174557181428839,0.0430056325366183
1,0.6056902000939649,0.9317899781289364
1,0.0007512072172601,0.0821742394870124
1,0.8969013033600436,0.3416176763399919
0,0.0384546320142837,0.4470221015909137
1,0.8985076446137841,0.4173206309895043
0,0.692941704227897,0.7433870992715085
0,0.4440636586624231,0.959063035369824
1,0.1827178056064687,0.8603359007745347
1,0.60429944137847,0.630990799953517
1,0.1125007839960817,0.6043810243221934
0,0.1556799667335672,0.3478096655642728
1,0.8443928162519018,0.8851791424373354
0,0.1038516928005256,0.2970022175442007
0,0.6468612032557769,0.6778306691336953
0,0.2106998310417731,0.5474219813033191
0,0.5604332356174956,0.255414719361843
0,0.463541121089543,0.4856009872843972
1,0.3186066899248321,0.3729105083130382
0,0.5867549694376565,0.3378684996992264
1,0.8244434943662611,0.6811249266184757
1,0.2414984659098732,0.4164501703985908
1,0.4364369717079381,0.7373532985441735
0,0.5667941933991065,0.7951285125388173
1,0.928275929817078,0.391335708470963
0,0.1924402745662121,0.1671315537489039
0,0.6072357741886307,0.8606137242178478
0,0.3656522948972316,0.9678394344024296
0,0.7880593179826562,0.4530217838342315
1,0.4611189398193358,0.8616864339777047
0,0.9999748120627524,0.4997793471847517
0,0.0391701669686551,0.2346855108993447
0,0.7391056606872743,0.2498466112995619
0,0.3271044520074508,0.5807194907894738
1,0.4727278740579261,0.1594775845371511
0,0.7874211494290909,0.4550393586984251
1,0.0422800079509989,0.641538189158492
0,0.9874459466314998,0.487996385202075
1,0.2987101619066407,0.8709757543171953
0,0.8100875486179275,0.1415420339461163
0,0.3658195642905189,0.0682353336765303
1,0.3323431667191229,0.2791639456906807
1,0.7408940878372421,0.5392177648158871
0,0.8621697333957001,0.6037994876151911
1,0.3055440246625129,0.6842688902874129
1,0.4538753048344088,0.8619597923078074
0,0.4501949962346619,0.5314605396377914
1,0.5967968938777068,0.135246735676871
1,0.4259645437395699,0.3439912882825948
0,0.0842346005937734,0.2399565221431349
1,0.2283943674335837,0.2636621996649063
0,0.918835493907638,0.130206676012676
1,0.1115864335513314,0.1473873535618541
0,0.5749703144595286,0.4443128704818075
0,0.9003038473558865,0.1920808995092612
1,0.6264654804034884,0.4834605815873669
0,0.065841701310023,0.7126209146009027
1,0.0849688776113885,0.0804816008520862
1,0.7906524134915989,0.4326888916042377
1,0.9657204691122626,0.8820635433979171
1,0.103586894461207,0.2226137493234405
1,0.6904301953842797,0.4582141816822752
1,0.8490759466971469,0.8259163209053866
0,0.8444469599782366,0.9005214064272155
1,0.7777306711236827,0.5374988473845894
0,0.3421192529829278,0.9572554916182489
0,0.2118894272358357,0.1717196709895521
0,0.1895536097602821,0.1791540316353532
1,0.3317430206286754,0.3248872776880551
0,0.0936927895237901,0.6979818994390714
0,0.2354809309599732,0.9271261434092506
0,0.9662116936614924,0.0650284952641038
1,0.5134351716427237,0.6255513990653778
1,0.7928640952541898,0.3016914480521158
0,0.0869290463233432,0.3275796146769939
0,0.8601704280572267,0.5908893275931746
0,0.5743723091992518,0.7799529918332961
1,0.3246257351288554,0.3652509836531641
0,0.3741343286798101,0.1373151141001035
0,0.757592568177643,0.419067013626302
1,0.0784694473136641,0.4784576137545721
1,0.1031187154010531,0.665959207458939
0,0.4565722761033317,0.5731073368110905
0,0.2461582425787232,0.4554849742406017
0,0.9851592175624888,0.0795758106258156
1,0.6008482151552673,0.9993312606436828
1,0.9392715243664695,0.2976269976145357
0,0.558584860834277,0.3908882343666688
1,0.9971373050877288,0.6896164186335407
0,0.7797579319327332,0.2687915164868305
1,0.3268795080673569,0.7110470975078717
0,0.6579331719582753,0.2432728130053122
0,0.2610293867832849,0.9196574265703256
1,0.6334979584210584,0.1540335883056373
1,0.0665854803824008,0.1312506134801853
1,0.8669785741140041,0.8409373933226761
0,0.5508235237124129,0.2827346280705533
0,0.9635847103764272,0.1355570982155184
0,0.6977878965133288,0.8612488128944094
0,0.9795861172125384,0.642126344542861
1,0.4976488928943325,0.2083121922383299
1,0.702762645227313,0.6032628155732723
0,0.9987733551753474,0.449386391379735
1,0.5483564064564149,0.9693660457532212
0,0.6863965457657984,0.3685213937391874
0,0.0519958252615938,0.7048498428250637
1,0.4501651567651358,0.2673245370360655
1,0.9228254543908534,0.7477896791375822
1,0.6055269824795885,0.624223300523654
0,0.3815175840170099,0.6044234071792343
0,0.9166962160511672,0.6298544608296894
1,0.836005683200846,0.8008562038072699
0,0.4244093883208634,0.900974843653044
1,0.5316796440262276,0.169972959319558
1,0.2941777025715786,0.7160666442060551
0,0.1183616138074529,0.4120264504940651
0,0.2253481646601906,0.5518974744885582
1,0.755046261239544,0.9799322909689668
0,0.1154898528760814,0.7541452170110059
1,0.5325616966950222,0.9011937897147244
1,0.347858219882035,0.3132678864623565
1,0.790934873616869,0.7570998216435996
1,0.0743047327467884,0.5307515909913322
1,0.0852493690478525,0.5152095837660057
1,0.815193968868769,0.8631014699817113
1,0.0373364454435921,0.5010078527835925
0,0.6761296988668198,0.4293171951096103
0,0.7305217717871635,0.3320812195319519
0,0.3777843603001554,0.0401626669959566
1,0.1331364405152763,0.5431482717080386
0,0.1680712529696671,0.0678739085070943
0,0.025925547913116,0.3979350616901539
0,0.1967630477571844,0.6691056089284922
1,0.8937132022574269,0.3246179053640802
0,0.9134150476816342,0.95821828664848
0,0.3512086010058183,0.6354731932860315
0,0.6355367160654132,0.7334830716710838
1,0.031765632826571,0.6691836978555117
0,0.7056674979863979,0.4461110275174889
0,0.7722674329770175,0.2840400858987152
0,0.8592782163338013,0.4946142704003123
0,0.5416546562920916,0.3188372275561865
0,0.0506781698162122,0.7181011680448475
0,0.5002748729747716,0.8533583902869494
1,0.829849197603866,0.4464907384662049
1,0.0001863347116449,0.1975602088642434
1,0.3452858308172694,0.2357301967149304
0,0.9258047340466344,0.5744207158501725
1,0.4497006741651681,0.8959813510269552
1,0.06130780486376,0.6171008053777511
1,0.0146602278685266,0.4886602246725335
0,0.6900314072290931,0.8843737109432538
0,0.975967970959414,0.1768251467263198
0,0.7592354423303115,0.7805631066076233
0,0.5825391949845984,0.3908477233752254
1,0.6610394152990549,0.4661231645454466
1,0.219340797380512,0.229120767097223
1,0.671949963250076,0.1710910152946276
0,0.4046786616976729,0.1378065730532958
1,0.6184994043421507,0.4884779086328905
1,0.1637930185361724,0.7729793546698432
1,0.8542409677957503,0.2697843342384839
1,0.9616524746927138,0.3192020472440263
1,0.3105053800339733,0.4237895301211671
1,0.2405568586495139,0.4110303583070464
0,0.6039347970305986,0.8094381892187139
0,0.1508597851718758,0.6789180182391278
0,0.4059761723344139,0.1607390897388948
1,0.3385812813585429,0.856577452075846
0,0.6384665277866776,0.86848149487625
1,0.0119180008752297,0.9671583611153252
0,0.8088219878498702,0.5073318431599031
0,0.1575846205630054,0.6211592141941075
0,0.9000835397894846,0.4514631683205156
1,0.4939966069822631,0.92795957847293
0,0.8446589359327367,0.489589465234252
0,0.8998520050865934,0.9992374512068702
1,0.2369783641423387,0.2858690040304178
0,0.7131629187650856,0.4393741295536807
1,0.5751019914876763,0.5801344077612217
1,0.981422393463422,0.7573676965664219
0,0.631289928953876,0.4275095675851103
1,0.7989145940193986,0.7418645730836833
0,0.5395923180249493,0.2729724656751561
1,0.1792095966970732,0.8418586909754402
1,0.1099017783568249,0.5982780010466658
0,0.5438645325231848,0.7696344297212203
0,0.3048289378004849,0.1156191496968539
1,0.5698390835713857,0.5551623592604644
1,0.5710383299240501,0.4651172079647141
0,0.3111618377948365,0.5288681110393603
1,0.8097603968207765,0.7502075866854748
0,0.963238788124729,0.6130358834965248
0,0.1524296234358035,0.261973211017719
1,0.9631729774508656,0.3604297856491639
1,0.4798091440286919,0.5443704195943533
1,0.4218458296621884,0.6773214256439269
0,0.1301531504205136,0.2966965382860276
0,0.533370112288896,0.2757436035115678
1,0.7094844696637121,0.1215810801780222
1,0.0627529280226151,0.6325162629630998
0,0.9833268254787304,0.5181874637974212
0,0.1287564923460733,0.8064677749478655
1,0.7692461483421121,0.098898148684122
0,0.198098506166833,0.6709389745527488
1,0.0499787246824852,0.5520825620875184
1,0.4190733109531179,0.8051984271412493
1,0.6891718130293525,0.9801506440973408
0,0.1198887436095483,0.7155308457429558
0,0.3174238529798291,0.1346919552122459
0,0.3376360091856334,0.1343373100509629
1,0.6368841697665811,0.9842748640149084
0,0.3352695892422344,0.4651248292717638
0,0.7712787402700303,0.4292917065329041
0,0.6808214845675974,0.8041716167222384
1,0.0299637842159745,0.6068050024304248
1,0.6408340158260842,0.5308916195852303
0,0.1505916476345927,0.2414437510722221
1,0.3517165252527775,0.8243743200298105
1,0.1427704479186647,0.626616096883145
1,0.5955516110871817,0.5248030942560539
0,0.0602823830059224,0.3235948961966831
0,0.6868264117100231,0.8446061349173337
1,0.0652091038534606,0.9338723926358676
0,0.2512002666311198,0.4748094425882342
0,0.380043343527113,0.9718471683915092
0,0.8645772944037069,0.9005853859101288
1,0.2418439374861438,0.7965153415333381
1,0.8629816066464028,0.7748065699653617
1,0.6464775183070776,0.1252800058822748
0,0.4776819441962797,0.3017371152574929
0,0.0387203675308287,0.674887195464947
0,0.1270553397816819,0.2900535305179613
0,0.1945977031041634,0.9331845388563296
0,0.5989678718992143,0.3867764362462591
0,0.3968271543839896,0.2081744103911394
0,0.792064610597956,0.1849501594905015
1,0.4811891474954939,0.4495937524242259
0,0.6098262816443016,0.4083394062959323
0,0.3723330204500991,0.9056977863101224
1,0.5705626277191036,0.5303943124261896
1,0.0306386775793651,0.146349136733777
0,0.5943520198334877,0.4025317735536889
0,0.5082477792402442,0.695898052005921
0,0.9525752555866523,0.5298266477342297
1,0.0404708270441278,0.115913167676625
1,0.2297189456100984,0.8062477507109268
1,0.4935085524201936,0.9192908999581464
0,0.4182508127822411,0.1173061420666161
0,0.9881528669468316,0.1795256803846288
1,0.55891937155798,0.0604539691005147
0,0.1568010715829588,0.3336051622941953
0,0.3764239835528825,0.4962913461768955
1,0.0624344678004955,0.1696863519510449
0,0.2118070918426278,0.0382801148555868
1,0.9932632800404856,0.6901586755179069
1,0.7541181859245994,0.0534054621234103
0,0.41455723470427,0.0629658473668359
0,0.974913990796315,0.137586225733267
1,0.8933115798820622,0.8650453292786312
0,0.4249459063070369,0.6676974869036946
1,0.4995098379348907,0.5804025778598684
0,0.2610836470525802,0.0842039519014126
0,0.0002821840125132,0.8909142435181376
0,0.81084154885031,0.9060878844138291
0,0.7129435299244075,0.412634229660641
0,0.4228255603148858,0.6316307157380472
1,0.292596362783995,0.2547218337617752
0,0.6062429466897682,0.3887781600510692
0,0.4703163881244471,0.6556390579234003
0,0.6240697873448203,0.3259389034766899
0,0.7990064191073181,0.9515772393804762
0,0.2349889596492995,0.9709437331423666
1,0.0462887275191006,0.1964704596826816
1,0.4319858174925199,0.7274341357094788
1,0.5833138137585384,0.9270689525689072
1,0.0737910083047476,0.0883152121044867
1,0.8847769070965383,0.7098642923680579
1,0.0228881772656859,0.4909356655281766
0,0.1859628392719849,0.0977037615403318
1,0.288580839037466,0.8961626727795332
1,0.1796254478615365,0.2410989550890416
0,0.5887886318095995,0.848573001052182
1,0.4255026710269275,0.8230885291561635
0,0.7232686541035516,0.7469847709562388
0,0.8937231505515311,0.4713036200635683
1,0.5480113149061743,0.4521016619192313
1,0.5960848241556126,0.5533387916489091
0,0.6446611738833011,0.7188156924735855
1,0.3632875354552519,0.3213992146110365
1,0.2026913135308573,0.6862860260210567
1,0.7052140189679529,0.0208074939115427
1,0.8201798975963748,0.8077786696033394
1,0.99960893456982,0.8821977468907097
1,0.0975583723815417,0.6359234398113346
1,0.8214362775783209,0.8633080421621744
1,0.7200190529247483,0.4910317915888513
1,0.8131545924792338,0.7366024373118221
0,0.2342485744515029,0.2149348230238766
0,0.693395572195951,0.8366262012603947
1,0.5572034619489797,0.1758281031536639
0,0.2222313222465408,0.105217083297466
0,0.0219150235569013,0.3552611344791887
1,0.7018946998388299,0.9670715310214764
1,0.8110293987921793,0.2495961875258804
1,0.6460194010972851,0.2145614970565336
0,0.2066581589998182,0.928385557578273
1,0.7040962743872993,0.2065934692822223
1,0.9954412474157964,0.2562412712457668
1,0.3138237361957523,0.2578911057790067
1,0.801773927631493,0.4353123745038003
0,0.8472062988552945,0.2216904801537941
0,0.5228467017693478,0.2328232521210159
1,0.357033913663862,0.3997993522231182
1,0.6504678282423235,0.5881669203060637
1,0.2429517823647388,0.8703474802163012
0,0.4413875405757111,0.1355142295595985
0,0.8778019687746607,0.5666170159330179
1,0.9057632166652102,0.3650650747128766
1,0.3256749511548021,0.828688657144574
0,0.2099401944899502,0.0517484074688503
0,0.3946377463318183,0.1389109940140496
0,0.3213325593140941,0.9341839853473726
1,0.5755625312000866,0.4489522953526589
0,0.3449245599968996,0.4941160095540982
0,0.1333010366610729,0.2948418742655578
1,0.1442284207627511,0.0849898367041064
0,0.1560574683890108,0.2325305904883787
0,0.6111272158151523,0.8777379128507696
1,0.8362623436108558,0.6756012613132103
1,0.9726071448862896,0.8795534046419259
0,0.726300351587774,0.8957788454773017
1,0.0785756438922394,0.1985382229792406
1,0.0175705109543728,0.1123944830433012
0,0.4020199969043921,0.1079474094766651
1,0.1458080231979417,0.9641652439222778
1,0.2365624165119222,0.2720064967416149
1,0.0662181958123235,0.0903974008729788
1,0.5397020968721833,0.0904547132404924
1,0.190628679446312,0.8429410007860582
1,0.5754433007766576,0.950332267769522
1,0.1932615774440294,0.4340475672270829
0,0.185939785546002,0.0654285631057585
1,0.505519730510204,0.0365466826213081
1,0.0110490464275506,0.1159401547363153
0,0.4491669658298475,0.5513594893781459
0,0.9140080698303376,0.0145554749879842
1,0.8297138798194027,0.7958184592284229
1,0.7665946240114819,0.1688861914238848
1,0.5425390686017946,0.457420920253161
0,0.769769065145234,0.7945652829044695
0,0.3479557004602565,0.051539456339654
0,0.379662380553293,0.5890966471916563
0,0.3488071616980013,0.1329385717177732
1,0.0025836982626237,0.1855490052697002
0,0.0522631975941921,0.7892873088688314
1,0.6158091681592249,0.5748941514875286
0,0.6097733527130826,0.2387530328426707
0,0.6669315984782168,0.3554678814907794
1,0.3828126349832542,0.3715070665618495
0,0.1730199842097239,0.9760310493762654
0,0.2885803511414335,0.5213176044635195
0,0.2907150198649321,0.6178206747118437
1,0.5913028144267045,0.1523797781497666
0,0.0795211406558739,0.4102036289383929
0,0.6583493938401913,0.4329271467445333
0,0.6427552716121568,0.4041885767381071
0,0.412269785645129,0.218687733957252
0,0.979489686451022,0.0363283727813943
0,0.1553119404589193,0.6963536894683942
1,0.8302675718302688,0.7483410093983306
0,0.9683893673357072,0.5614409866590672
1,0.023064325881673,0.594162360087924
1,0.327122592117841,0.2399116259772059
0,0.2162743017071299,0.0710231905367465
1,0.2106261884342093,0.2758019918255308
1,0.582091083825728,0.0887749587686508
0,0.6334658038464878,0.3105923338861466
0,0.4197076021349734,0.5944303739271835
1,0.7101293794232735,0.0679711702356525
1,0.2160995030726663,0.4486356740020301
1,0.2962844034436206,0.7127518310124978
0,0.230470902157805,0.4743740791807026
0,0.9471061316414144,0.9608400350470117
0,0.2829919616758759,0.033855628945685
1,0.6802245447049672,0.9515989672251698
1,0.0992797748005815,0.4964146791203027
1,0.7106117633599754,0.4690668361055718
1,0.3080760838954168,0.8939424609231691
1,0.1721588134094317,0.7470401326850052
0,0.2229887068950005,0.0274311751429038
0,0.3869093673240292,0.5661952000215578
1,0.8218652622243204,0.4440066041401883
0,0.6087671439736105,0.6876823951710823
0,0.9049139410805294,0.1288402363737377
1,0.7891841438985333,0.4483212348495644
1,0.5792130329885189,0.9180310325613626
0,0.0782902727644995,0.2681671953748814
1,0.6427149948529026,0.9659663080160468
0,0.96596860524589,0.6078860070012397
0,0.3597153216342286,0.4644047511149821
0,0.1861614932198813,0.1566223702787943
1,0.8756142948868187,0.4291711561018008
0,0.5170329364475418,0.7482999034427877
0,0.0392024337756553,0.3817859589873847
0,0.7662315052314459,0.7006099295649152
0,0.1549274804986564,0.8143329546400117
0,0.1918281534579006,0.0615182954548971
0,0.4934895527105867,0.3100864750158282
0,0.6770742953845391,0.69819976575092
0,0.9410037804458072,0.6355703325645319
0,0.2112887681747163,0.5898126102753466
0,0.5292384426743354,0.3520722978730189
1,0.7599774014856191,0.6604807314681599
0,0.73326123956928,0.8589521804236727
0,0.7224412389953919,0.257451283854184
1,0.9196785955192688,0.7110927305028084
0,0.3819437928692938,0.596192766789583
1,0.6361495441744788,0.0682480642248405
0,0.2699207908562188,0.6547936859956195
1,0.7508657970553578,0.4567237356260387
1,0.0530976018690519,0.0931949685306452
0,0.0417755273315352,0.7694081643126908
0,0.6732393470444726,0.4167579180767463
1,0.6376087952362626,0.9741484436314316
0,0.5191018313403778,0.2576354946264879
1,0.3275582329143596,0.7227224072983857
1,0.6810083690193225,0.1628286696387959
0,0.2654530593918819,0.0315622796322518
1,0.3810437585101811,0.2334551329249526
0,0.3231195178361942,0.0591031012473739
1,0.6477917175178379,0.9387181648701356
0,0.8879165854170613,0.1394588269109929
0,0.1643534783921113,0.6056169010944177
1,0.6673597187057279,0.0635730493800982
1,0.0269446484234461,0.0631636917293338
1,0.5567126188579616,0.0721631022725043
1,0.5384743170112132,0.1934778758739475
0,0.5716743317686914,0.7214159514190471
0,0.3050659603447126,0.4643432082288561
1,0.5836843502747736,0.5919086966614714
0,0.6331343356436678,0.4093715749431372
1,0.2757888759623543,0.2863369781701439
1,0.6262723771867003,0.038810610689865
0,0.4366664887866207,0.0146980080481984
0,0.5876623449828396,0.8664671741441026
0,0.091515746772217,0.7824488314030916
0,0.8631529550321401,0.5876780740265625
0,0.3433308563848418,0.5173359253958739
1,0.3499077045393791,0.2439036089037626
0,0.0156200279848264,0.770794691284776
0,0.5069744264339477,0.8696913767478277
1,0.7631068862788633,0.9315651605471568
0,0.1086667161134018,0.8216442044089372
0,0.988475145888889,0.5857883896915802
1,0.4187906319705742,0.8674490622187979
0,0.8199780406649341,0.1270333884462408
1,0.8589650649495784,0.7486773009876008
1,0.2795099040565074,0.8108261034115994
0,0.3560921007847397,0.9967389776430392
0,0.8383906582805225,0.6610116999904453
1,0.1252431966618382,0.2217080648275705
0,0.6569137066805617,0.765695795162693
0,0.3918164223871029,0.185561074291352
1,0.1189857032512997,0.6437212617671546
1,0.3273405835538276,0.4219068136002811
0,0.596412432667937,0.3123640278697159
0,0.8381348064123604,0.2227919151535196
0,0.6319375465655659,0.7509890048705694
0,0.3380425114155105,0.6250714474207915
0,0.7871256522384349,0.9852170141161573
0,0.4243705854929714,0.570129716781675
0,0.9416373405829948,0.2111809382873501
0,0.9109740327100802,0.1606130837404665
1,0.5240819575658763,0.5458996353570128
1,0.8921519901484123,0.8854898886958029
0,0.2183572831101662,0.1011718852149126
0,0.4993443859061219,0.2835394381990023
1,0.1034455581948979,0.0739312832089119
1,0.507732297904351,0.6590547752174093
0,0.3411979727015209,0.5073412109955362
1,0.0048760252524331,0.1437105776295835
1,0.0300132169681047,0.2115667832098039
0,0.8384119513366712,0.1327335677791332
1,0.7268839654287391,0.5937408769168528
1,0.4694745771894115,0.3773411860766547
0,0.9485226572434352,0.1513095463266197
1,0.8409045243664263,0.2376957395109848
0,0.8943921691384722,0.0018346541184035
0,0.7704795977865617,0.2257071837559677
0,0.2381599959884548,0.1515820316894146
1,0.1453105255158964,0.0558394823554178
1,0.7945126359001897,0.8515676820082324
1,0.6866604080901341,0.4903508451147401
0,0.2429377135597848,0.653389137683754
0,0.9830251425768296,0.9139005561879444
1,0.0569813205328456,0.2006083376824109
1,0.0864182288321738,0.4895569851062213
0,0.1962417577220983,0.1579402244801067
1,0.3614739731136399,0.8924510564923251
0,0.8165433341237374,0.4904804560846135
1,0.4132151483475103,0.2555775198390914
1,0.3259806813085574,0.3675246084366301
0,0.7013424145787704,0.4409168632620941
0,0.5748159463071278,0.2930582421559036
0,0.456977001447956,0.480164147203763
1,0.2464321980037843,0.3693493223448512
0,0.8780330703017055,0.6007076148259417
1,0.3969779186383748,0.7520916855547962
1,0.6718266837448812,0.039943977153444
0,0.033433916091471,0.3388509759568356
1,0.0861775900200584,0.6353852776988135
1,0.4180541710580385,0.3551804622097485
1,0.7308207922756935,0.6211160736507365
1,0.0261056339477104,0.6020571193075673
1,0.4736128846983187,0.1957287810715191
0,0.0144206951369726,0.8231784732835129
0,0.0107822723470949,0.3534844330767105
1,0.0328634216806663,0.0800703568760948
0,0.2179951013092691,0.1416224644623012
1,0.8445633367571853,0.6948079093171253
1,0.0228330561330385,0.9798645103551232
1,0.2888664228211927,0.7186212948603878
0,0.1513714935295057,0.3316027625420403
0,0.399906524207423,0.05086897218348
0,0.3886772239881211,0.0495886672511783
0,0.5832647252178322,0.4110099651288705
1,0.3332372354152662,0.7433584609446411
1,0.4967393905020891,0.1827594776471117
0,0.745340724260754,0.3150921566829017
1,0.578295714338781,0.4555463809568866
0,0.5670990865392534,0.4312832678820123
0,0.831468564044692,0.9322972184546696
0,0.4576549664939578,0.4518848153670357
0,0.9020764076062286,0.9824077297417044
1,0.1461317903590501,0.6574801607338062
0,0.3852963443122519,0.6100465489596484
0,0.0232285109971778,0.3731819209207911
1,0.269100353473329,0.7280927900369486
1,0.0200145925275042,0.9776839537256152
0,0.1477260148707251,0.3550230459280712
1,0.3699522916253817,0.4236852113785362
1,0.1683826265125851,0.840053823136582
0,0.2624158077950261,0.0546495377803185
1,0.8935147306653141,0.7091397539984731
0,0.3988828278664713,0.5631890257251022
0,0.3582340565322657,0.5144718174570678
0,0.4207789199268159,0.2026918954221244
1,0.1947894490332026,0.791140816771919
0,0.508661351491856,0.875279420203986
0,0.841863444155208,0.1810817532411686
1,0.166658859026594,0.8846549511098861
1,0.6932797289082829,0.5045335958501871
0,0.9184085845223506,0.9473700524432918
0,0.3949807737064206,0.5842963408780619
0,0.0617690604240094,0.4425072246207827
0,0.6671473686679451,0.77667073060944
0,0.4394249997807808,0.523062653915812
1,0.5893833234691129,0.089978308755074
0,0.5378108726294544,0.7800864474877613
0,0.8874542289603377,0.2222880774801096
0,0.775440488995133,0.7469746505203084
1,0.1808190218067392,0.2384241402952297
1,0.2051800702367255,0.8190776896505949
0,0.6539223434041427,0.7579023779934716
1,0.7918507177232962,0.3307262194389926
0,0.2636837257603822,0.1991026536124583
0,0.3920995026173598,0.1090729816555253
0,0.7050209503924856,0.776237265501342
0,0.0428641392802321,0.7556898391831606
0,0.5700768125334111,0.7091208561425759
1,0.8634250297905303,0.3696353043557411
0,0.2742269157596624,0.19745633862467
1,0.5707057903282198,0.1122886754713161
0,0.4316056831480002,0.5990729102278762
1,0.564198619989041,0.0892143332538741
1,0.6173320796438894,0.1369671158742825
0,0.8867621207008844,0.2082831570596798
1,0.1143171347428142,0.1275550854828225
1,0.6940987451629731,0.0484237484263648
1,0.5400623998308179,0.0724917874031642
0,0.7749279149348197,0.8568000537190561
1,0.0918248500416519,0.6020388232743817
1,0.7509275004227758,0.5054374120875321
0,0.9355477187876834,0.2072942785291446
0,0.0950474148233769,0.2295262507515282
0,0.4200695220503683,0.0689808973108905
0,0.1989815267168206,0.6260888600240809
1,0.7722764464198925,0.007206996358601
1,0.1857520270295541,0.415472457669697
1,0.3094374286352596,0.8237253098795683
0,0.3519979234269491,0.0200874166710747
0,0.7901139709320454,0.4736311430062696
1,0.6467510826344333,0.1738758757074601
1,0.6348697420291963,0.154417868965799
1,0.621474101408761,0.0386344556298178
0,0.3352796943066299,0.4694483085858415
0,0.0979080243168819,0.3733779452566146
1,0.2071292016284649,0.7949647072603547
0,0.8436153376328765,0.5999110748885741
1,0.9493805801279596,0.8586701788194282
0,0.0546667922304855,0.3330599801320275
0,0.0546823668044229,0.7426699734164466
0,0.6951855893818756,0.7258360640755308
0,0.5575714415722309,0.3095060868691699
1,0.8994933825198088,0.3535602992676906
1,0.6261662988344855,0.926976763976382
1,0.6046752667311023,0.9393470805621456
1,0.6201683673166225,0.4795383294227743
1,0.940422644770322,0.830434694162515
1,0.6853759179638819,0.4778980388137259
1,0.1682374700102699,0.8935223623357329
1,0.6589997031089245,0.1538444179613315
1,0.4821119764463851,0.9016056634979708
1,0.9409768829914446,0.7895177581298796
0,0.3948393061258661,0.454018585891315
1,0.5434617897830651,0.9703026419550936
1,0.8940529943252812,0.2891267192769015
1,0.1810519822971682,0.3321083948111962
1,0.6844433113037134,0.1680060053124691
1,0.0386924356805452,0.4695869642884462
1,0.4137846222423322,0.4364905121950291
0,0.254772400643755,0.1304566693003975
0,0.0287002770954899,0.8613586875103745
1,0.5005303164447991,0.497364618135428
1,0.3407461287711143,0.2658280279718099
0,0.9834276385025768,0.4728685739291827
0,0.0702633148149813,0.3196140839971071
0,0.6877346100711925,0.445596159981662
0,0.8837700505357902,0.1900994469030209
0,0.0937022257185022,0.7515005615178771
1,0.3835191805448186,0.7903045181127973
0,0.8782616857134589,0.0126142509391986
1,0.0121718137609786,0.125691896364345
1,0.7927906990667221,0.6927542260983433
1,0.0165320512489146,0.1315160998965104
1,0.307104660200534,0.3879905028202778
1,0.5768795342500218,0.1734705370592265
1,0.488361360739363,0.0642551539461487
1,0.601249236983674,0.178921208354937
0,0.9371075549883594,0.0256325641033435
0,0.2332956235670331,0.9344377780410308
0,0.740656628778958,0.7545450142677149
1,0.3245409926314688,0.3947102722628861
0,0.5265821865901166,0.7460258797660431
0,0.6487394392762094,0.2597709369957107
1,0.1045634480650279,0.6036898191142213
0,0.5401114508864663,0.2285966074576764
0,0.9246913363735696,0.4705362066681239
1,0.7750168506697277,0.5840537023667952
0,0.1454920652832686,0.3873329733492427
1,0.0628311803413862,0.1920023429052019
1,0.92032510083388,0.3465854003318235
0,0.0890040187144624,0.3238889592907098
1,0.0373253179375798,0.1446384572725676
0,0.2633014038381879,0.6540250154057717
1,0.8912978847626523,0.4283259491378376
1,0.4940065552607107,0.0757412837545963
1,0.994035586781878,0.2344924924070335
1,0.3252065415672622,0.805526581034131
0,0.2651838884588874,0.6329185713243681
1,0.811764829045586,0.385655474191753
1,0.0252184764864052,0.9980930431880836
1,0.7984955254242115,0.8682849789848073
0,0.537527624106052,0.2567387648281758
1,0.0482484704454019,0.0828916950914698
0,0.1439043296512274,0.384023808915418
1,0.1451500427586965,0.5100239562624596
0,0.9260206121222344,0.0689563726919635
0,0.9686919102591376,0.0683761527567683
1,0.1364997320331115,0.6441247240410606
1,0.1629376044698198,0.3900067163597117
0,0.8172560441815,0.9426297811061424
0,0.6336630590216288,0.7600538234206213
1,0.7068708660010208,0.9546072875482954
0,0.8048126134750387,0.1206456522273524
1,0.5560480545845937,0.1002710278565464
0,0.6637361349496459,0.244825815201663
1,0.7156952450585106,0.6037219438354379
0,0.5160901078822577,0.2872187642739497
0,0.002430308364664,0.873769902129264
1,0.1953984149318172,0.3580203983573502
1,0.6698019820061673,0.5558452572636743
0,0.4177238929547987,0.110855888517619
1,0.0694318464095846,0.5358654765480402
0,0.2140319020241924,0.1269729756447923
1,0.2318994879932961,0.821501821107518
0,0.5395001154461525,0.2879526021316526
1,0.7036698963512668,0.0710617272670969
1,0.8324515014153703,0.7259615578338123
0,0.6542209662682154,0.3737704449267196
1,0.7634888043227364,0.2235477823791724
1,0.7384943594752653,0.6066892290289756
0,0.9123722171567664,0.1605209654762551
0,0.4506632988550892,0.9107561242416814
0,0.6862581681146616,0.394673088800095
1,0.160513515355851,0.8395543709770121
0,0.8477427754438803,0.0052097274084038
1,0.6823779536987381,0.0257213496800433
1,0.3135620495643075,0.8314751618867653
1,0.3934348986050595,0.7240294747001931
1,0.5338291728202933,0.1461467844781427
1,0.7282121634075656,0.4939637079544829
0,0.8705842812861508,0.619133009312834
1,0.4271062354064819,0.3040328812907221
0,0.9908467610446818,0.5879812005413037
0,0.6056773418653111,0.8856522412890722
1,0.3756775443403549,0.8714841879903656
1,0.61148521932475,0.052683574907798
0,0.3575369982550493,0.0351348549922343
1,0.6830489199951041,0.2193667740411413
0,0.0650771774431214,0.4227630135095283
1,0.1279898369213542,0.0354620349979942
1,0.0038181906071121,0.5686345296647662
1,0.1221223045963231,0.5254062859830179
1,0.1847432574700138,0.7520693732634427
1,0.312088262702515,0.419951298259544
1,0.2151202067501684,0.3387128826700263
1,0.6591474762658216,0.5963634720279027
1,0.6064562423522216,0.0047272082938331
0,0.1395278555710739,0.3450277963854767
1,0.6504939641567509,0.0890203433130439
0,0.3345019791950729,0.5355416449100663
1,0.0017137958320199,0.619908418241157
1,0.4241641352751022,0.3476392476703779
0,0.5624918549169959,0.8889371888160603
0,0.1412522815883565,0.7128930561872957
0,0.7992123863761745,0.0891211222841693
0,0.2309976203183829,0.6357963914899313
1,0.9594643576922977,0.3699314426027672
0,0.4397318085756562,0.9004601969436448
0,0.4162721077890676,0.9359923409798996
1,0.402254496807412,0.2381620018922139
1,0.4732294060947529,0.4607207435076924
0,0.1199940064907415,0.3945632846238315
1,0.7601286116773658,0.4863017015318543
1,0.9392641358460116,0.4022956199523254
1,0.6602486740826295,0.4906235972625377
1,0.5878789021679932,0.5923370343419431
1,0.0140199315068013,0.1516515738047172
1,0.696168178686302,0.214088671469013
0,0.3124515020670193,0.912038407871418
1,0.4021661876360769,0.2831349762662923
0,0.506779635009211,0.8714120141381541
0,0.9565039395189112,0.4976626990588525
0,0.0316229376517597,0.720100577529313
1,0.3483795748825128,0.6753230615621779
1,0.8017028647750502,0.6732698934252241
0,0.9406815537125556,0.1061924660090252
1,0.6730690896675229,0.1859837167558552
0,0.363226606332644,0.5541132834506292
0,0.5871576610105248,0.2481576658698131
0,0.8880798408889654,0.9701214036248426
0,0.8341035730241233,0.9122433354298908
1,0.2115711771609799,0.2945137767980691
1,0.1953610603668646,0.3891467870058342
1,0.9232422806723016,0.2463050969475028
1,0.982814123356624,0.4115489015777973
1,0.9827367464461504,0.320600426632165
1,0.3430025696363324,0.2806740183812646
0,0.7001450740327917,0.8115283932846837
0,0.1063538220621503,0.3640215094571438
1,0.7845317204528502,0.0655620716308696
0,0.7913183113687723,0.952479375725
1,0.9511367984621152,0.2397576204699493
1,0.7356791749246631,0.4956459646083253
0,0.326859894054643,0.106649309916903
1,0.5215319727711023,0.5347640852747804
0,0.811740630376248,0.1204322131703953
1,0.0328446662273879,0.5336910394231886
1,0.2192544004691867,0.2937907947954085
1,0.1222319593543591,0.0994351239382792
1,0.8124284739393326,0.6816582665455884
0,0.2999793087116522,0.975730263398737
1,0.953720868730204,0.7583055974371364
0,0.1904472218167499,0.9570071033912148
0,0.0984574178357003,0.2428395049215977
1,0.1741190351137439,0.3814326512656478
1,0.3615020843395353,0.7268658172363461
0,0.8325384394470421,0.5920282287142616
1,0.6530142284269779,0.5864461428188016
0,0.4266087354469385,0.6272732584393426
0,0.9311705302948732,0.5845465623525045
0,0.3795052609932285,0.5423746592372756
1,0.0169233203126439,0.624047647434013
1,0.498368889277102,0.2119028013028423
0,0.0291384656594878,0.3291911519747511
0,0.9624708842065504,0.9669291512269712
0,0.4905324986467992,0.3718998270765657
1,0.5175064933493219,0.5578637207174099
1,0.2251934500674586,0.8860080141926825
0,0.4260408432410741,0.9772438437939834
0,0.0480863516639712,0.3367755460341995
0,0.6165243623045447,0.8865937621970824
0,0.0704820824125841,0.3349711440922027
1,0.977900126478894,0.881171483537729
0,0.5213821390956797,0.8194050639581499
0,0.2341324271100444,0.008267918634227
0,0.1098155544363326,0.8060814821817416
1,0.5962263833449205,0.20750740691125
1,0.7405571097760768,0.9833470003629522
0,0.9194997381210518,0.950560625747555
1,0.5001976901022467,0.9183655833779945
0,0.3572955363617343,0.9442299056054968
0,0.9467329683427996,0.6030191899175618
1,0.1577269932929392,0.7174560469450058
1,0.7277835863862107,0.187063490342261
1,0.899887859797799,0.2394467893885391
1,0.6614959219997986,0.9413482854817368
0,0.996292324090122,0.5174631220253098
0,0.2934925055228731,0.0746863244405056
1,0.9295957316864816,0.3203258219311051
0,0.7139099412021233,0.2941020516342919
0,0.0730604851369561,0.4235183583500791
1,0.303590299573932,0.6795704711313547
0,0.3652929794699654,0.1120548782638533
1,0.3547373144600956,0.7058772491788635
0,0.3024283674383463,0.1148416285284975
0,0.1599217744275779,0.4660211996112812
1,0.4272001039381738,0.8446945265696044
1,0.8323641132242339,0.3647931080632417
1,0.6895324958760258,0.1897275671091752
1,0.6368772824414655,0.5493791317041313
1,0.9219406331110274,0.3496144589243014
0,0.2074888073627079,0.0440403374620899
0,0.0064454708275812,0.3744862599450287
0,0.7617212848939201,0.8113811696451584
1,0.5349278603340151,0.5642783799331769
1,0.5478132858272403,0.113924292554136
0,0.211613599904803,0.0292618932709124
1,0.9647484246992976,0.8500376399681506
0,0.2948027058670625,0.0168198654805599
0,0.2292904402357822,0.001831600169123
1,0.4975253139151657,0.186589182223316
0,0.9365410030553885,0.2035850997201943
1,0.7087222600464385,0.9741523748052632
0,0.4095855999452445,0.5985015447430803
1,0.1983120861017679,0.7205445665318966
0,0.9027881762315306,0.2119540702959094
0,0.6005442027560067,0.7203926106613839
0,0.211819732282352,0.2025252786693769
1,0.2142415531960244,0.4441437906215566
0,0.0509956467965471,0.7989907444068357
0,0.4259755930405802,0.0922403842974398
1,0.0493297730726429,0.4671544366004542
1,0.8101506834507315,0.4251820088876146
0,0.5759925949352624,0.6859067842178332
1,0.0340458805185288,0.9456286589768086
0,0.3806004214529456,0.5597079412379266
0,0.5822577479265356,0.6937594866557815
0,0.159615216701882,0.6459146254110798
1,0.8061712304617225,0.2430392914808756
1,0.7307862173912458,0.6541664632431098
1,0.1614877022401456,0.7076873912449608
0,0.167822028928804,0.1887047450033059
0,0.8789730456876561,0.4993668257931446
1,0.6563403457024353,0.5718669805429447
0,0.1142486516243769,0.7649555534092511
0,0.961261072806462,0.5188297157082037
0,0.1738716621024887,0.9266998231043
1,0.6332013010641581,0.1558492639766937
0,0.1817445623161558,0.0052246783482837
0,0.4949527029374458,0.8441468906393821
0,0.6862061192405318,0.2822304712890415
0,0.5100062395500852,0.2616458979104512
0,0.188544735164529,0.0603526327267045
1,0.3490076400080585,0.3446380916624629
1,0.5341694297997261,0.5642118298748855
0,0.0047452478418229,0.8822567688424673
0,0.480027421889945,0.7816532019688962
0,0.1926302949253058,0.9503486517286892
0,0.2952034638367904,0.0312200847342914
1,0.5000538648266888,0.9744246339820736
0,0.1600520121711958,0.2038401943196589
1,0.13236607112901,0.135139433668508
1,0.0919006632823605,0.1908107100622186
0,0.4827358915026074,0.2343489722690684
1,0.4117295108526252,0.2384968281427478
1,0.1111811221671972,0.4514375816093677
0,0.2724113332674198,0.4666488120224507
1,0.632589419670036,0.5097771726730466
0,0.2532519245917418,0.5977786225103545
0,0.1444021848690314,0.293088792597231
0,0.2191508568730872,0.5988350966509258
1,0.885599802074001,0.2552166091580249
0,0.6377421178626947,0.6872276482546145
1,0.953540901988158,0.2504839830328544
0,0.4366933451976516,0.5389752609787287
1,0.6996203441934077,0.4520241212707794
1,0.7424489930980617,0.4876625757171072
1,0.0486853819680114,0.4990278238961688
1,0.1392749343086372,0.0867197885793752
0,0.2878761278975593,0.0630981703420117
1,0.647101112132753,0.0694450666159064
0,0.5451668159461974,0.7347831166365446
1,0.6017455508018571,0.0133067563649353
1,0.4722054432395386,0.0098814751480471
0,0.8938946234603057,0.1501304147790119
0,0.9403751860316422,0.0214363482262321
0,0.2978332727561598,0.6725594537415636
1,0.6462359817551103,0.0361597757831773
1,0.5056265326188778,0.90388815959559
1,0.6013238781724701,0.0948495732001128
0,0.3360304883010196,0.5769821509419194
1,0.2854409871799145,0.6931452018615285
1,0.5172910779284742,0.1181075830867107
0,0.726874637865713,0.3907741683091303
0,0.7537114430617338,0.3729347967509741
0,0.8492042977867176,0.5394871354528833
1,0.2990216357305357,0.8413748449113754
1,0.5288265447078531,0.0069247207048965
0,0.0204119670529427,0.7020689934319493
0,0.5457185548338702,0.3222431415632895
0,0.6957401804672482,0.2804511082659708
1,0.9274539200850336,0.267765291341337
1,0.2377299707726869,0.7445295065998421
0,0.6751090333551913,0.2683358801494909
1,0.9274616573986942,0.398513475940535
0,0.9274737569813172,0.9492122506178544
1,0.5888057319166589,0.0554525541066688
1,0.868420685373982,0.2302820573798814
0,0.2083238306300281,0.6005896285559794
1,0.1824559343300751,0.684061697383712
1,0.786416914182377,0.7109399920690783
0,0.7465072099518857,0.3324039945056646
0,0.9662671253773568,0.2233824755300536
1,0.0202657847224746,0.9030673554312322
0,0.9445532321522662,0.0211122549292092
1,0.998091106119046,0.7357183769359806
1,0.0357115128220815,0.9035667246690132
0,0.5402808655976399,0.8838756726195194
1,0.6702490810072184,0.5925136432255433
0,0.9718584403201233,0.6144977220808848
0,0.2551409733411135,0.9582997425050046
1,0.1669918654701221,0.8694273920833562
0,0.5813874497368972,0.2745166655671677
0,0.7372416936760955,0.406424471512551
0,0.9918356191441898,0.663898116298388
1,0.6476585947320189,0.2197013664930824
0,0.3488887690097769,0.1662192962660053
0,0.3890448533415064,0.5023556616723228
1,0.6112152664981755,0.9793065039399932
0,0.8091204466686488,0.0986533424192607
0,0.4572897527417389,0.1315160956237114
0,0.366692144405197,0.4988635510510939
0,0.6995158674893022,0.7880275759964018
1,0.842319061250645,0.6914581040015428
1,0.4090663078460907,0.3904738475180467
1,0.0565371880126778,0.6019649470609824
0,0.94697863316384,0.0938915377223127
0,0.2686465482632404,0.5778143965302068
1,0.796897550080271,0.3804071926365238
0,0.1250302366045346,0.2654368066551735
0,0.9899929060460936,0.0640749722873788
1,0.6409970566951863,0.214776944443379
0,0.9716145569053468,0.5998458689649678
0,0.2440597912037589,0.547812080331509
0,0.9141273352902154,0.0322346537333496
0,0.0494877005838078,0.720355082449537
1,0.2847661916917844,0.2435470143068513
0,0.7616931642176902,0.3428205037610765
0,0.5931941443005302,0.6749920335030187
1,0.3433034928113319,0.7785220912020748
0,0.6702035048314628,0.8840442809181855
0,0.5446223134182299,0.7197348298784368
1,0.0680668241779641,0.996971277538357
0,0.7173185860236878,0.3563939207444515
1,0.2438001397722342,0.2849066663291167
0,0.1793141531697677,0.6212712626775916
0,0.0345151106671161,0.2632568234569671
1,0.4481891569319268,0.8617386769065297
0,0.5652663370442249,0.7257982006164032
1,0.0766755545882099,0.9068887469418684
1,0.8716190436580086,0.2605991949674866
0,0.5993351212556466,0.7607152149761346
0,0.6017450400313753,0.753987443863325
1,0.5904044603883942,0.2203715366605637
0,0.2345401809874518,0.9382893062957208
1,0.8935945032150445,0.8967801818775398
0,0.123042942534982,0.375293156453924
0,0.9168561398406768,0.4850636921634799
1,0.0678335791945968,0.1048176074779905
0,0.5280437430379864,0.6984850796516489
0,0.0573060681050424,0.3642743827145316
0,0.9392172478179892,0.9747374962499816
1,0.4240683799348325,0.3018029044515234
1,0.8320260489367021,0.4109677689752816
0,0.6364183561186971,0.3125835532345365
1,0.2611068196237498,0.2620197146342516
0,0.982687492498558,0.1074673443434984
0,0.3955910326628744,0.6685790296686304
0,0.807728324670287,0.0501802931905493
1,0.5341965305598806,0.0005612239765135
1,0.3735737638237332,0.7535701707847918
1,0.1160102184599398,0.5256126669894353
1,0.6967099064688279,0.591136670002835
1,0.0067444817375347,0.1912644392289991
1,0.0551068047228658,0.6379177482025481
1,0.5809059108372633,0.1363115779509657
0,0.855624125849268,0.0216829291514579
0,0.1788786454700216,0.2108574062235291
1,0.0649162066159173,0.964998020449867
1,0.9051966194134026,0.7526651302517665
1,0.0023066023950184,0.9614095421208432
1,0.5342650442147181,0.1618353907638445
0,0.6505214297283638,0.7266529153235542
0,0.4156064006697364,0.5606774807299522
0,0.7557185514628167,0.2471080790011137
1,0.2405519768694299,0.8591007309284234
0,0.7488695922361737,0.8652231470694868
0,0.7055789440271851,0.8387220193599668
1,0.3384217081132821,0.7929372131805863
1,0.1165681615530269,0.1886682041799285
1,0.210964704260915,0.2418827064855166
1,0.4900606606008656,0.1759513979373826
1,0.2618396749280951,0.3325046879689323
1,0.0416187929689123,0.1752983999188943
0,0.4457288505304385,0.0659229503036529
1,0.1474771045290841,0.908766522669051
0,0.7755514246967712,0.2479111551998062
1,0.4299617091859884,0.3105809714179404
1,0.7803954807713877,0.1300558369722007
0,0.9869509828875154,0.0853005988838997
0,0.0175726800856574,0.7029918774159393
0,0.2294818748541314,0.0503533825643207
0,0.731964988761582,0.8498975986930248
1,0.050865979256968,0.084498954210572
0,0.0932847706007677,0.75524181623642
1,0.1941444844395751,0.7050161173262847
0,0.9960193194823244,0.5937818053756728
0,0.1279218367212979,0.4397729547171529
1,0.1451417663400046,0.1955239378983816
0,0.0252649797792122,0.8907972063288105
0,0.4655479759701515,0.5122623601428199
1,0.8671562974173534,0.282839839121606
0,0.3813097896463113,0.6135034890791423
0,0.5182806411583112,0.2260049272916402
0,0.1477851911018161,0.8856517288723952
0,0.7347311716508754,0.4442630867313998
1,0.0451645290822847,0.4970677759613073
1,0.1267429683731654,0.5307108000041997
0,0.5462495026363229,0.8229287386180959
1,0.8417458618077468,0.2884044280964831
0,0.0579051256098727,0.2780709736597556
0,0.2867333678086141,0.6376855016400933
0,0.2542631413204752,0.94071658220057
1,0.9770386549406496,0.8837470179612497
1,0.8470518967345936,0.2800769792193295
0,0.2616359500648898,0.5487030426388431
1,0.7058748006522522,0.4950706314659787
1,0.9932950092627864,0.2354238260804353
1,0.1105791145023025,0.6240681144220616
1,0.2622023390125731,0.7746394147918492
0,0.2943741393057056,0.5569238015583612
0,0.3781989909629821,0.6296096097954367
0,0.7273138607708995,0.7173632968604621
0,0.4163426234011974,0.6366247555545181
1,0.8845675769273519,0.7554930860966759
0,0.2556479020281942,0.1966564656410537
1,0.0258561960587252,0.655720114849943
0,0.2639124188999483,0.008568935107254
0,0.1083898511163282,0.3489364394343209
1,0.0915447571539567,0.1240042770942941
0,0.1992611824608463,0.539202950004886
1,0.2974230084758587,0.8294525733006326
1,0.5615654974631342,0.4603627496367976
0,0.5158817999201906,0.291534789538542
0,0.9394380418071644,0.1455185193063694
0,0.94884999082417,0.6306236705969361
0,0.8936221978177367,0.0310364579310853
0,0.415918566939762,0.5031994943623798
1,0.8235802345071838,0.329160558324444
0,0.0072490463205913,0.7050290598111805
0,0.9783873027004876,0.9587783916194772
1,0.3350970279204542,0.6841924606190701
0,0.66286730764408,0.2423102259539064
1,0.934605986257982,0.2713940234663964
1,0.1333456346040502,0.0342621957246105
0,0.0881451884615193,0.3893441000527199
1,0.2027725183963363,0.2627044728791896
0,0.8747780035649406,0.6016528102188147
1,0.1704333489797012,0.3612724968031744
0,0.6846749966566416,0.7168990142986594
0,0.1953420448362727,0.0185024441141867
1,0.6162816146433845,0.5381674830082641
1,0.0422409146412178,0.5819760578792486
1,0.7417461334899452,0.5599353112191581
0,0.4907209297892084,0.8628681110285689
0,0.3370116547671237,0.0063974764380911
0,0.0042968701103547,0.2874998936683964
1,0.1083288221176141,0.5780401090969903
1,0.2872475882336687,0.7881226457675853
0,0.6221532770612531,0.8803233828048297
1,0.009347579971853,0.0828620074760924
1,0.9378776456209766,0.8049543768814875
0,0.8494854214157196,0.9862063417974196
1,0.0021811221649483,0.5369635464307794
1,0.3799860560366921,0.781359548059098
0,0.2946384504570074,0.4715567341614165
0,0.5113634267594203,0.8542647954261784
1,0.0904401990197524,0.1126632468499229
0,0.3298283077200874,0.1954421175063122
0,0.4169226601502207,0.4848801385842165
0,0.6579619804894923,0.3345255543078206
1,0.5435184316805529,0.200104025196835
0,0.8483545369964106,0.9573174489348713
1,0.2352483597483017,0.7075965840709544
0,0.6672239382704791,0.6924461443250762
0,0.2588015769680598,0.9395301666772716
1,0.4819509954548746,0.5643283694391358
0,0.7514277031066577,0.6886687078416301
0,0.5434889922267093,0.679952887574866
0,0.2585934999322326,0.6009557522954817
1,0.6005952191641057,0.9540159753989536
0,0.9721106593853316,0.6711055630067412
0,0.3022536574838013,0.9924995941962906
1,0.0623260507820833,0.6649504665466168
0,0.1333928098408224,0.730363013533452
1,0.437375722441558,0.7497075280531877
0,0.9954590829781168,0.0079702093943244
0,0.5664946038731035,0.2540815598874664
1,0.3281230938176203,0.3238158750186203
1,0.3003926477446716,0.2472071796614511
0,0.2866071041365844,0.6345653732049978
0,0.7600628038867395,0.3184939497730642
0,0.793022653435504,0.9085401612190772
0,0.5154524194203205,0.8520177151053427
1,0.4845644567707285,0.5583867650312088
0,0.1766765289831677,0.1485572840627658
0,0.2397858971606549,0.9381274748371392
0,0.748458781558245,0.3867596010885402
0,0.8617222635058024,0.1323276144901445
0,0.9549177139855424,0.4879868596149078
0,0.0602683234187443,0.4249634562752062
0,0.4287219931109803,0.5305540765671181
0,0.9659721577626952,0.999480518985829
1,0.0478532696378828,0.6076102044270799
0,0.5824403946292164,0.4329429570593315
1,0.7079719040078607,0.1143741725109517
0,0.1402959108017348,0.7480502149083464
0,0.2632292851080691,0.0780306002359056
0,0.5936315963166996,0.7977408358534461
0,0.1306801568108929,0.7584128897836107
0,0.5896770190071055,0.4382034581102219
1,0.5441028886702151,0.5013595254261873
1,0.3378145781471081,0.3080524919179568
1,0.9577909880021582,0.7852192470462086
0,0.9912860145654828,0.9681288227661222
0,0.6871690422721836,0.8932571933546432
1,0.0839976553833509,0.1503051890275246
0,0.8910469260629053,0.1611558606257719
1,0.7922543315902398,0.4432224470880634
0,0.6189912828995537,0.3893176878790332
1,0.3338586680314924,0.745811745230624
1,0.122591489450466,0.4713185362916924
1,0.3331919661778018,0.354698127267275
1,0.159798542596717,0.4005907209628118
1,0.6361103686277666,0.5824580857352941
1,0.2826020455004632,0.7311024118720212
0,0.3413943338049829,0.1035849112224486
1,0.772937704177686,0.4900810518248532
1,0.5851658821413808,0.5669675240173294
0,0.0056396897497836,0.372769168109007
0,0.2157111098284607,0.5585199036702537
0,0.6009610950544694,0.2643315264330522
1,0.1357885379361151,0.6039051389254703
1,0.2152140489575315,0.7461577490556222
1,0.0927018028175253,0.0966266391862207
1,0.4464929643950875,0.6819111142949182
0,0.3456189013127695,0.1079824349982594
0,0.1626165048516605,0.6330136416578321
0,0.0953528150183093,0.8156243968390852
1,0.6383760074877141,0.0879588996035218
0,0.0687281910992997,0.2819231009154127
0,0.5169327192883559,0.7404138161953556
0,0.494600406513902,0.4276357249121787
1,0.6184312675904826,0.0617532041387466
0,0.7910450736037432,0.2146949959987319
1,0.2601948110571805,0.8609942356494206
1,0.6523304740673369,0.2030923593137709
1,0.726002348464953,0.6547937135908658
1,0.2740776105227986,0.291251872995937
0,0.317951004179674,0.6633603968279851
0,0.1268126037687618,0.237072620211764
1,0.7115021328946083,0.0351341864280603
1,0.3308588402263381,0.3960098791555111
1,0.340880812594167,0.4133885811592428
1,0.923254792232135,0.7693700089268655
0,0.2603848424541072,0.9516371088752856
0,0.6777061088284171,0.4177127860197214
1,0.1441363447428477,0.6349437404082493
1,0.7450415322920654,0.0563993440739034
1,0.4468832148976395,0.2390923179625348
0,0.6889676862817324,0.2466643973671852
0,0.8226565519988155,0.1575241270453264
0,0.0432289421258321,0.4113888764851134
0,0.7783258568465828,0.8344544323008353
1,0.4004718409652339,0.7106839803327557
0,0.5751600057522339,0.8502573666098324
0,0.465096905522853,0.0090123138717064
1,0.488306501582776,0.1133863835262508
1,0.1600466192054571,0.7086788224963434
0,0.2650150002966825,0.654416967625576
0,0.2328887053311678,0.4872773235552725
0,0.6650461390918706,0.2963229040254179
1,0.3630000320356905,0.3013856422118328
1,0.0279053185339135,0.4630735234209063
1,0.0691368760925473,0.5012200351006426
0,0.9842657946487888,0.1415336809897041
1,0.3348775915390577,0.7112547068099715
1,0.8898905543451686,0.7479293093702174
0,0.6790636699802639,0.8441907086007124
0,0.1170553158276601,0.7510719504704818
0,0.8825798437221791,0.0117576918419199
1,0.0642039517803085,0.5083404023453517
1,0.1988675918169428,0.7725316822635259
0,0.5944877160860043,0.316647629880181
0,0.5880241407930805,0.884888716537983
0,0.8656086102871812,0.0573109772556789
1,0.0131382606791344,0.646591491379182
1,0.7973087074905238,0.2456925965849389
1,0.6585917677756218,0.4916048398438274
1,0.373292724243389,0.7291366181322996
1,0.0959971273602772,0.9692627737343764
0,0.6019358938378121,0.2401413660493134
1,0.7805029576002854,0.2200319275983805
1,0.8228067446837349,0.3602146015685246
1,0.4382178249643148,0.2882307350736561
0,0.7193813903210399,0.8471570036229854
0,0.6094147478177431,0.8517201151926791
1,0.1501987163268007,0.5424659836944363
0,0.9614493327902311,0.956761410960054
1,0.5462481048552074,0.4963027915487132
1,0.2459497782535094,0.8643967406669792
1,0.0478720040425156,0.4780770801151459
0,0.7502738704684049,0.6939999926703903
0,0.7282645005973913,0.2403947892264788
1,0.8853774910787909,0.8940312129061525
1,0.670542985956569,0.5497374147989058
1,0.4670106342019212,0.2322081631654516
0,0.3133111353396647,0.9033139982081808
1,0.35407370774261,0.8379048247749716
0,0.1192123288192554,0.3331197594421572
1,0.9060039524184808,0.8678633154512104
1,0.2745407829589485,0.4029431174343555
1,0.7508017429086318,0.474078728906827
1,0.7442462462652989,0.490361915220013
0,0.1749133297638446,0.1407674553572062
0,0.4638759533661474,0.2055006995975929
1,0.8137462213075148,0.8630908147134849
1,0.719970942222055,0.8998135923032284
0,0.211305081553858,0.6679493210801674
1,0.4797197929839638,0.5299369897139979
1,0.3466333134610119,0.6810301097686982
0,0.2409147001557059,0.4774885830763462
1,0.4234437865649025,0.3463626981112686
0,0.4805722800250849,0.4024036828028415
0,0.3489125900773451,0.6326497784300777
1,0.5428660694768864,0.1614832018727697
1,0.2659852741636226,0.8373947622363322
0,0.4875149842213013,0.3114896268061867
1,0.7227259281897295,0.0105243195816624
0,0.4222733464140776,0.5924067455093409
0,0.3317170005188916,0.0904718123997478
0,0.1612850100700117,0.0983359420213312
0,0.4834254067395164,0.3737502355802932
0,0.3388356157371203,0.0946871753383297
1,0.3348381370633141,0.8200634125012393
0,0.1892365644221174,0.6473269851144693
0,0.9052643437280306,0.9078087481952976
1,0.9067568876065796,0.8163792562594487
1,0.3740121021405519,0.7783352280526517
0,0.1622607779945359,0.6421255778969944
1,0.0905346459425957,0.1748304275637711
1,0.7012837107661934,0.4500820717466866
0,0.7654479514815936,0.8875539793436862
1,0.3539224878697872,0.3037477716461999
1,0.895905556440252,0.4313908241095584
1,0.8010922154128135,0.7054270968993782
0,0.1640374811991161,0.5166521928211364
1,0.061042030858134,0.9191407123665462
0,0.0408993990866093,0.8722324082351974
1,0.0545035938198884,0.9783029726123889
0,0.0501333775165642,0.4171545445821023
1,0.0774606431795811,0.5036691173894438
0,0.2224770763802322,0.4804528502713476
1,0.6781820219923143,0.1133204148764043
0,0.7403713608098159,0.7614981791478364
1,0.2140837224247498,0.7693769724955098
0,0.222898972551468,0.6551574016244945
0,0.3999838283940888,0.5834200363481765
0,0.4474038289257572,0.0379285207407884
0,0.4123716836249215,0.541557572450111
1,0.5024367922286344,0.5530721146839125
1,0.004318452252462,0.1000139270726622
1,0.246157870987976,0.772436230793996
1,0.5051530127761912,0.219538370162152
0,0.6678245806343321,0.334047219928126
0,0.3741699951084969,0.9660498227218194
1,0.2170393508885774,0.7249512708009942
0,0.1732631185588323,0.5528013058589835
1,0.1001839749187494,0.4897626248076914
0,0.2888855818152693,0.0511973102015079
0,0.3309344181766043,0.6580910060972844
0,0.9425587605732708,0.0388810477394683
1,0.434074872834026,0.7799823085819283
1,0.181396730203645,0.7257359988753246
0,0.1172527377866012,0.2418479317007769
1,0.0972322911377899,0.0202273268212922
0,0.1772646185490464,0.5103358984880434
1,0.1023275954481527,0.0630579507260763
0,0.5015515244421792,0.3597622996912462
0,0.4309149401603541,0.6651745659117213
0,0.1536784353707174,0.7036392121147709
0,0.345788465455501,0.5006965081418218
1,0.4976499492128542,0.9121209381793904
0,0.9356499444830454,0.1099769237475822
0,0.9016859514637956,0.2086810649156437
1,0.1417308035587404,0.5243455723004161
1,0.0802589866062152,0.1198652427840675
0,0.1101137472297798,0.42616797943536
0,0.4343570725913694,0.1123521560228405
1,0.7472897360993449,0.0116081104140621
1,0.4367415109774807,0.2284876804436179
1,0.9831029515313264,0.3430865626284153
0,0.6085807359511749,0.4169983059746124
0,0.4131844115950848,0.0062831988383011
1,0.9261350677210785,0.32912150619359
0,0.7964755541222328,0.0411631664898495
1,0.2661636889396768,0.2813562534310801
0,0.6862427363891898,0.883989858982284
0,0.468020443886985,0.1777573487458853
1,0.9399299689276296,0.7291719503800421
1,0.7847945546310421,0.1017375939368181
0,0.6522000080839346,0.8079611496521004
0,0.9407156744255112,0.523715971418377
0,0.5953829591738036,0.7461533143403206
1,0.5823277976757103,0.1426381031829893
0,0.2351461003393525,0.0050557491671641
0,0.6009265164827716,0.8092251062868644
0,0.9692964573104872,0.1487212260566999
1,0.1567763500995623,0.6344411038035864
0,0.8930574148113628,0.960961175077993
0,0.981760669399312,0.1240977541884493
0,0.4652208901902784,0.9765666639602876
0,0.4482614996412782,0.0786767095358383
0,0.833970145627701,0.663273432741721
1,0.7167806362534497,0.1966174722660444
1,0.4807147374957421,0.1333214057485449
0,0.572179929847358,0.228514625616145
0,0.8283080440120212,0.6161902662768395
0,0.8689470636054399,0.0511136860544835
1,0.7414920529509599,0.4943972939605017
1,0.9720921786060266,0.8503017558854437
1,0.9602688182722444,0.3662515338323684
0,0.9891743154475988,0.5121393513359113
1,0.7202376870483314,0.9458531706681362
0,0.9892309292319656,0.4985466490135086
1,0.7227392594527006,0.4981865327202985
0,0.4807658829302008,0.8796516264558192
0,0.2709000520880901,0.6324453068641234
0,0.2157119030549162,0.6448567457884086
0,0.9453386200508864,0.1517740001459506
1,0.3390401664915889,0.2386909895143885
0,0.6277973918717714,0.681326522773638
1,0.1185555232173318,0.0329666991830345
0,0.5804283646376028,0.8693139647486422
0,0.9688936831215212,0.6539913483824696
0,0.255738899146939,0.5138454861355352
0,0.2252164976474427,0.6415735407041641
1,0.0381193289811964,0.0604588069858265
1,0.5404894834305497,0.5583749036909271
1,0.3747987536651513,0.89640315578618
1,0.1254127570450766,0.2187009863007213
0,0.2338391211119022,0.1668024828789565
1,0.8387148888184858,0.8974925554727325
1,0.4416137901930168,0.8751165935226586
0,0.3153373047076866,0.9150646453745438
0,0.212850531422036,0.1315821078378795
1,0.8617112436381337,0.2454232607197196
1,0.9675733724100072,0.3399873090607306
0,0.7201520874510697,0.269670929814844
0,0.3856530739388571,0.4607166092849261
0,0.5774668972499011,0.8545861838625437
1,0.7661176773970191,0.4864948910907229
1,0.1647869601498051,0.8117087829944828
0,0.2509610660179506,0.1541358694442587
0,0.1746326540891851,0.4534706613536008
0,0.027210518676687,0.7730226152355577
1,0.9883570744533196,0.4275105449240034
0,0.9489148201116402,0.6591412373799548
1,0.8027418799425717,0.8700633885770719
0,0.6227147940423124,0.3827839593963562
1,0.8916779692977139,0.3743065581057908
1,0.0946541382720881,0.6362024058197434
0,0.0587387448787618,0.2908493342166635
0,0.3805071156286682,0.0560658101232779
0,0.7673418216905515,0.3946287838713591
0,0.7796251186382194,0.3801870631127874
0,0.7804890406245281,0.3874315202779004
1,0.0652924567639592,0.1955945865759533
1,0.0828295539887762,0.9375386613631292
1,0.8056703875354554,0.821198350528679
1,0.4579128023180351,0.3210224244639194
1,0.5669355017179567,0.9880375340902444
1,0.2244134308021547,0.7537753595629125
0,0.6994720421877734,0.4244115474899201
0,0.105123341356022,0.8171702628095266
1,0.2539993092963007,0.8946899179818006
0,0.0856937632259041,0.881735256221147
0,0.6848127124440526,0.3666840857742416
0,0.8068983813481905,0.5643406206088549
0,0.3867790410338713,0.0113886547532024
0,0.7084193035958896,0.8300569742470099
0,0.9338870048553932,0.1328610347111302
1,0.3900759770207924,0.8660372858900962
0,0.4607633244972584,0.9913601056085212
0,0.0576235457421315,0.7456066758883112
0,0.9907444062259426,0.9451827458724256
0,0.2965780606086882,0.0704952769464072
1,0.4920187766460786,0.9739715527837642
1,0.2089737612493795,0.8782304121488115
1,0.1720881891572617,0.3506227056738096
0,0.4099026747081952,0.9562040396401362
1,0.7889820900474163,0.2830910250273216
1,0.4248269260626949,0.735470309604865
1,0.3427833579060385,0.2698688695681156
0,0.7961412847516749,0.5818291526928216
0,0.7414311749810761,0.7385994526448001
1,0.7095146884465069,0.0575871471879059
0,0.7125928575550979,0.7269155499140466
0,0.4925431915191742,0.4208607274172683
0,0.8609673540663533,0.6132704006780278
1,0.365827173838541,0.4270952386045819
1,0.4062064526101817,0.3830546745899293
1,0.1150952309553534,0.1977100246655307
1,0.8062971079704743,0.8798374911757767
0,0.6317296319765558,0.686619219854672
1,0.3319733047931236,0.867019454063513
1,0.4781677477648978,0.1242685220558497
1,0.3640274821979724,0.6962563479364724
1,0.8648872262401539,0.7888900024885959
1,0.5002084470152514,0.94688555127518
0,0.5405010909020024,0.253512455022153
0,0.2827941979025647,0.6380384058941589
0,0.3636062657706279,0.0294731047124053
1,0.7752930732293856,0.9465237107705672
0,0.3931771910792198,0.1898377063115357
0,0.340503633404924,0.5754892513119679
0,0.3464598356290174,0.920295433168358
1,0.6660708490873509,0.1214614215036224
0,0.1508240750211996,0.6840644576389908
1,0.5988780871887422,0.9000477798916519
0,0.7432651146461853,0.6914943613150226
0,0.8280104039436758,0.0981895681420707
0,0.3585642732944218,0.6241217471290533
0,0.3394112477428638,0.5254615274424117
1,0.7103939030256654,0.5920356490074549
0,0.980202552116162,0.2142972741137054
0,0.8106004703602743,0.5462587968173246
1,0.7889730947998435,0.6865848013146209
0,0.641752319447783,0.6778611985176529
1,0.0116842235149486,0.9641631633135348
0,0.1322696421138598,0.2500270163074949
1,0.1852277908861245,0.2875266261064328
1,0.8536310020022405,0.8243139849737278
1,0.8667818479636824,0.801656543950018
0,0.5427048462641614,0.8757189744210432
1,0.4856548587276414,0.4613798554869384
0,0.6667132741716247,0.8435635631201994
1,0.0577806346341149,0.9262619593510694
0,0.4370677153574527,0.9308089899018788
1,0.0899179576980966,0.0536556928763086
0,0.2634600789223056,0.9782180785165476
1,0.6028946908949627,0.1786703545153345
0,0.1907493532285191,0.998967791185483
0,0.3948286018590817,0.1613124665192682
0,0.5113650693957544,0.2328740209888552
0,0.9842098201060316,0.0817292800825616
0,0.5812777479296943,0.8548733711734446
0,0.0600522636588589,0.4087112819857561
1,0.8745059275319877,0.3971831325674885
1,0.3310167636480106,0.2276502342245685
0,0.3300162378162687,0.9601575766411165
1,0.7012143406210948,0.1023010435736888
0,0.6669611161343386,0.4251084215814591
0,0.2976256601551245,0.5930082288590555
0,0.5410005592473023,0.8224403440636006
1,0.4978796821690437,0.0537853238325592
1,0.5819674667564789,0.0501521260410817
1,0.0570001103067141,0.1891783739015941
0,0.7478257926739171,0.3886724568945202
1,0.838289051653636,0.2953573733798248
1,0.0923619566390643,0.9018353913894748
0,0.2727745086280733,0.5643665872691537
0,0.5700794375397783,0.2489846822530721
0,0.246683249442859,0.6237108986044984
1,0.6440586674973211,0.495495408896242
0,0.7919869323583806,0.6189804566771745
1,0.9748327799371468,0.6855497756699783
0,0.7963612224023838,0.478263420117817
1,0.264341363475161,0.8321109549343845
1,0.7547635651804917,0.1876160396258085
1,0.1271794730214437,0.1203467966164953
0,0.1235552141218255,0.3145791011699861
1,0.6932393297431895,0.1582584447961402
0,0.6850074150913963,0.7420434795853182
1,0.1420584249632226,0.4614767570743787
0,0.2330129169735154,0.5777201227663777
0,0.5080791587501046,0.7421099910996334
0,0.3617716912346228,0.473512402477003
1,0.3224114394553156,0.2725004245728302
1,0.3958529363239675,0.4378388384683385
1,0.6430611520043719,0.580874473692128
1,0.4218611179306766,0.4203109266989572
0,0.7335132339850615,0.7136105712991405
1,0.1962870443727726,0.3498440913222537
0,0.7497717892225623,0.7336746078468566
1,0.437971014957357,0.7677419587474347
0,0.95403747925374,0.9513771507264184
0,0.5728221806222326,0.7524117623897879
1,0.3061306529450982,0.722366652515307
0,0.853613172364702,0.4489635794918885
1,0.2757099018711126,0.3657701785841084
0,0.5171386355430896,0.4318504313959642
1,0.7758027893252336,0.0240456330021395
1,0.3403609245033946,0.6849862085602414
0,0.9445863047916404,0.0078486786117074
1,0.9779992714993366,0.2537800008767302
0,0.9646383159395324,0.1542622082648458
0,0.6645836953586202,0.8478906540926614
0,0.2381311475784123,0.8993636017800744
0,0.327766061179834,0.4649511141097243
0,0.8565465359568326,0.1747535990719405
1,0.3264412440651385,0.8373667129572447
1,0.0960035234377506,0.961415100256308
0,0.3940714318331485,0.1643053009611589
0,0.8788423465858557,0.1195612647731252
0,0.5777321300841417,0.7460714492010334
1,0.0959085389155967,0.0653594791299593
1,0.4510230940607529,0.7291038732699506
0,0.03973760923003,0.2346231739290489
1,0.7289776014505285,0.5465649177110139
1,0.0921333291622394,0.1780547494360973
0,0.2384482062278879,0.0657867008128465
1,0.9265317167302044,0.8313829041589923
1,0.6379444035190509,0.9506075226369938
0,0.8439692414274182,0.1839605703733879
1,0.2175557658555983,0.8397835128522921
1,0.787012147225734,0.7307711267281604
0,0.2496649199248269,0.917919636470286
0,0.1445707040960435,0.7079321209064428
0,0.8191415700411896,0.5643792899835269
0,0.075278762098729,0.4429144046493907
1,0.8693395984172545,0.42174408862585
1,0.5289139130106797,0.5210761220876808
0,0.1796944620537252,0.6106026892848141
1,0.3721686441252845,0.8583206788314842
0,0.9793347146007634,0.6730380319099872
1,0.9958227191443624,0.7333144187907698
1,0.9408156981509196,0.7051814197160674
0,0.9131726526066896,0.9132246186231804
0,0.4582236878584489,0.6163629039473669
1,0.471358115483635,0.1126913418923288
1,0.6570022888745107,0.6657511690690184
0,0.9107729389970716,0.0218179248198689
0,0.0470702791291196,0.6899787846350649
1,0.0618473780840156,0.9004027326852933
1,0.9339888251536236,0.8545296927017271
1,0.0627340821381203,0.5339473014089958
1,0.9790399230361791,0.739313717491077
0,0.4123795104479154,0.6008854416863668
0,0.4249764272485088,0.1406601025885602
1,0.0889131993571815,0.939383232044378
1,0.1681109791066722,0.7480043608705567
0,0.0173520441397286,0.769217597487525
0,0.044440204521833,0.8730466768089649
1,0.8810726772593861,0.7492348071696018
1,0.7372039355685793,0.5042897363755919
1,0.3935809707697184,0.260948135747585
1,0.0637318915739783,0.0768595226575702
0,0.9873091757341212,0.9689262210718826
1,0.5509454257882662,0.0431268615028495
0,0.8885829531138644,0.1479510470851426
1,0.3939435520172356,0.4021778959181914
1,0.1205900437885145,0.4850706222898523
1,0.2039391544038339,0.2786907163969796
0,0.5787356168589116,0.2264537805561752
1,0.8130680527892671,0.4053256992762222
1,0.0843971642307215,0.9204600481774692
0,0.2544354964244256,0.4509945657161125
0,0.7135867318450512,0.8966400761256021
1,0.8802105192586829,0.8123339561635062
0,0.2090861747050801,0.5040744372661268
1,0.5428378101049155,0.5447832749081667
0,0.6158951621789924,0.7528333369345868
1,0.760561878879092,0.1518618826132254
0,0.8478710036882008,0.6425671360505472
0,0.2126254112820722,0.5666555029965554
1,0.1939359319455894,0.2824233433482311
1,0.3739649083672723,0.7068470637790435
0,0.2490820700006708,0.5243034304159165
0,0.2035382197755147,0.652581572980497
1,0.1023125078211677,0.9602115758077894
0,0.0004967887964456,0.4216464866409773
0,0.9049980211292072,0.551510841909333
0,0.9773462739772854,0.6502990367102397
0,0.2698142005733278,0.2108569264154117
1,0.1218272143194827,0.5893596817481864
1,0.2072522049592007,0.7951036725800071
0,0.257494528862506,0.9308048419549816
1,0.0967032912948866,0.9883463141488716
1,0.6657798215025654,0.1312969872379339
1,0.7617249222744783,0.1313780708314528
0,0.1657104147964274,0.0580899786567179
0,0.8013957726953667,0.6386731697647315
1,0.3291247822522272,0.8245012281783279
0,0.815286538658252,0.900035202061356
0,0.6832161440541576,0.3884639715229298
0,0.0864868683996354,0.857257470004233
0,0.1504823596223764,0.8781677359378641
1,0.7173635631899304,0.0891593165440031
0,0.0600460578476619,0.7537593618815995
1,0.8946706765402653,0.2487162997946674
0,0.4661662345419766,0.6617272533015943
1,0.386035297049495,0.290156273025136
0,0.3082288933183468,0.0744087008515276
0,0.1746437692424748,0.4865139375743575
0,0.1885331587066472,0.9474896019226664
1,0.8270065389652027,0.366528326254902
1,0.7476451004530306,0.0442706709247143
1,0.2470117404111244,0.2297149349627852
1,0.0926030398678203,0.0576016071449887
1,0.7253440438368725,0.6557299586021946
1,0.2665375354925796,0.2617118862833076
0,0.4809023448731444,0.7504962089903672
0,0.1294279064984171,0.7457186671563097
1,0.6300378573587495,0.096351785726659
1,0.6211074156165651,0.1658345402895734
1,0.1146015728179495,0.5191446787773089
1,0.916781237710769,0.8363987326500233
1,0.5390415078886911,0.5003967893688324
0,0.2923761637183611,0.946801501209704
0,0.1747071223768072,0.641795000993177
0,0.3730425400801446,0.6673781670649328
0,0.5819274310207547,0.8377819320822943
1,0.7303131654979883,0.5535482287946246
1,0.1945635408252596,0.4145845689371198
1,0.5161676178342629,0.0231656125760563
1,0.0463344304966392,0.0188278168985092
0,0.4082484842795324,0.628362408717127
0,0.8306606787344161,0.974851697978544
1,0.3992092717572962,0.8524209989559126
1,0.0960122335783435,0.1368932923494875
0,0.7570482913869319,0.4406361842152114
1,0.2370640230730996,0.7792929968383263
1,0.8941604050110749,0.76761968602635
1,0.0273963050388256,0.9698374793454446
1,0.727994377026143,0.0027495129466994
0,0.4616290121418288,0.6408618397098438
1,0.6992282867410096,0.0027306301911922
1,0.2202220619524438,0.7102757651374038
1,0.32652358592232,0.3553930268189881
0,0.0467040902299903,0.2534495130249652
0,0.6817999261303916,0.7486793089401599
0,0.1578816497226594,0.1988548151256314
0,0.4341793562266806,0.4927113469310731
1,0.6335080099764667,0.1619106220268236
0,0.0863934966605964,0.40122262282007
1,0.8052574724184819,0.7982179065898831
0,0.8983369454757419,0.9963837549479788
1,0.3754455338292829,0.3227841346347792
0,0.5555661537146077,0.7017326915083734
1,0.087675049124183,0.5841968726968945
0,0.5169210103182958,0.23445621849987
1,0.3549043374502237,0.4389179911108328
0,0.0284386473868033,0.894336286015028
0,0.6940593331518531,0.8755033821642099
1,0.9398673446259306,0.2574974237934134
1,0.8016815849319955,0.272442953495333
1,0.2544344350030919,0.7738642670408737
1,0.3826782205963268,0.3286287897423506
1,0.2925851631513484,0.8026663527417681
1,0.2613313145860122,0.7787040020750915
1,0.7450345100502006,0.9308785334190904
1,0.6472974825281632,0.0399731838130342
1,0.0460728689649343,0.1422133898132956
0,0.5187667821264691,0.2681487799548034
1,0.5517850709631192,0.1995163834812434
1,0.5203143427487336,0.6223835975534372
0,0.0911576678480177,0.3376131521624167
1,0.5152868085037491,0.5784653657221653
0,0.6173617927886488,0.3911024637665569
0,0.0505900075781609,0.2570254976367208
1,0.5687687708975866,0.1607183740438137
0,0.6975364999885412,0.708973500003492
1,0.398604803732789,0.372964126926277
0,0.934900980892637,0.1162690627966469
1,0.8100180810440245,0.2688451212310039
0,0.913556210331122,0.0217677645450641
0,0.980958271103844,0.958982490607748
0,0.8106306927052261,0.5568535118408642
1,0.157892569079294,0.8788561709941133
1,0.4883101740510772,0.6426012933395956
1,0.9819069502988134,0.6831558580391052
1,0.0960801318326881,0.9067981165960376
1,0.1089133036342359,0.0749221644019467
1,0.957677583058812,0.4378760845393132
0,0.772955145329876,0.6961388847455764
1,0.0389344376704688,0.5134853332026019
0,0.3801958221943842,0.0287313356635676
0,0.8738654039352981,0.4882634495428757
0,0.1291494671048155,0.7990826819960296
1,0.4115373040555622,0.2401999910541982
1,0.3158773774912069,0.400607725757283
1,0.8638359858632564,0.6946610195455937
1,0.7388959442545913,0.9646614344076532
0,0.7708685046740794,0.7915349357917549
0,0.5586772160668784,0.87048319034119
1,0.0233181988795568,0.1062886970745712
1,0.2937093989177273,0.7374744932972983
0,0.4658226950283501,0.6162772394536828
1,0.3156034974887807,0.2259340216860056
0,0.1923015881756274,0.1110309868279225
0,0.0991495777340413,0.3671401901673373
1,0.7167149104375764,0.2107387021827126
0,0.7304357227888125,0.7512699676960044
1,0.4458745435526736,0.4163223533875506
1,0.7561631413285926,0.9893816214098566
1,0.0711056319290548,0.5116028770743798
0,0.7673313669283963,0.7375100897924263
1,0.7322468029196036,0.1466034562968281
0,0.2214892399445738,0.4694147521607774
1,0.8620225083161219,0.2476571344772422
1,0.7604150040442615,0.9658032085908836
1,0.4159563698181571,0.3941842329910708
0,0.009732183422489,0.8610303103635815
1,0.3994748628094972,0.7166660864757121
0,0.4182059674178834,0.1892327662762644
0,0.8822730460668611,0.4974368950643794
1,0.6572559387061977,0.4816865703251343
1,0.834305093559736,0.7975062062675097
1,0.7359457601545307,0.1848656172764047
0,0.2780834067848562,0.4796913685427568
1,0.0221903409782685,0.9808691536039024
1,0.0458954097101238,0.971639690588584
0,0.9825275416621784,0.6635019674916202
0,0.4130724366038383,0.5819547454902133
0,0.4984896120160239,0.742401457406551
0,0.2202944203013136,0.0249628014415231
1,0.2436672948259529,0.3502665621287227
0,0.1226661690353317,0.3220322030860009
0,0.1598985542084776,0.5817710435051334
0,0.2558841766074303,0.0801542206383241
1,0.391293583494696,0.828846576993759
1,0.3647750595809803,0.8710753249962968
0,0.4747119712306684,0.7565836074046585
0,0.694443855547376,0.8883855557718976
1,0.9929128647804338,0.3739793029702029
1,0.8243694654627539,0.7195134280924851
0,0.6083800408558777,0.8141738023638796
0,0.6225166958072268,0.6867248851358976
1,0.7903641565738012,0.8425438071158253
0,0.5598285493954375,0.4431753767957409
0,0.2230960031349919,0.9356093131348684
0,0.8681453197130213,0.4534317360175502
0,0.6833753468326073,0.294364737371404
0,0.3155231943366064,0.0984370691720017
0,0.9192506135865308,0.1521489397661581
1,0.0256495101188684,0.654679574528711
0,0.9632363113345804,0.652896596140146
0,0.0067305187580487,0.8276983633352601
1,0.2143734624067504,0.7252443325937942
0,0.213660908955366,0.5274529869635304
1,0.095549713014588,0.2091171748135107
1,0.8717271439865953,0.7332381886385766
0,0.2449685460902392,0.9683428650269186
0,0.2575346137258059,0.1802835807001641
1,0.9103576390629948,0.3333436934655981
1,0.810662445244461,0.2289783180569803
0,0.3475593933525588,0.9676277047482268
0,0.9217747005053256,0.9834537516603508
1,0.3218368508144007,0.4306379531680018
0,0.7005169427748228,0.2688708193391845
0,0.3321569510355764,0.4967906670661994
0,0.933655883025486,0.1930378735583152
0,0.1802588500457638,0.0191138553593682
1,0.251931725060972,0.4050229808044844
0,0.8093356666639425,0.6053819089319262
1,0.6780802435757154,0.5087241228173199
0,0.2054864877704347,0.034116736342903
1,0.7516788896324474,0.4524829741506577
0,0.6241681414171688,0.2505274279403393
1,0.2597910519466289,0.3805488770185168
0,0.4001428211639783,0.975707670952738
0,0.1478642687551924,0.6950047713487035
0,0.9231376843276444,0.9534996095670956
0,0.3679297988128787,0.488639460944031
0,0.7503130001079017,0.4155333326658412
1,0.9453544868165684,0.6862998483363184
1,0.2260321321703305,0.3859234414635111
1,0.1606339091347257,0.7538090201095067
0,0.7249004789404849,0.2289483079122991
0,0.9055224926070664,0.5745301119161568
0,0.820031674019278,0.2057221037253528
1,0.2077116230219247,0.7399155165797813
1,0.5834539374378163,0.6184680645899558
0,0.4746322616960753,0.4105957922548916
0,0.8019304512297571,0.1357753894367833
0,0.7560407578654907,0.365681817674657
0,0.463926904314344,0.9351440230598728
1,0.83937286036813,0.4184446459824705
0,0.3040751085210936,0.0811320312953078
1,0.6821737147311149,0.0105001827054075
1,0.5167023915121667,0.2183484180776645
1,0.4614105715124713,0.4382653821128344
0,0.6491951004675652,0.2362079682367772
0,0.9433549607784804,0.0967721826170608
1,0.6154936474695095,0.2152672781989828
0,0.2594889031413045,0.5980330803463861
0,0.841857703142508,0.9885637372624722
0,0.2265286427898427,0.5763125984057689
1,0.4616166295544719,0.6850296224319695
1,0.6828377250205391,0.5904787255442054
0,0.061850700130197,0.8508203826861259
1,0.4669691939859186,0.3649128584376103
0,0.4026271645237333,0.1217034099729255
0,0.9608854066022484,0.901479195320373
1,0.4695225457859903,0.2505486937155722
0,0.2210446199766548,0.0340348759398396
1,0.3556345460783646,0.3410297436430181
1,0.3229011110932619,0.8472169244056061
1,0.66493197081787,0.9427061518894342
1,0.7189882060789898,0.4502338091243623
0,0.9921300915569014,0.2106678414584748
1,0.3672205822357189,0.2682455885277915
0,0.4006414524824666,0.0278005029769459
0,0.7378669978685926,0.8422411407618949
0,0.8890116230381933,0.944540337156797
0,0.8163579272632112,0.0314775075237547
1,0.0096302190950356,0.5363049135165231
0,0.230204371467423,0.1383253115588343
1,0.7610446603117003,0.1880257206338336
1,0.6260084353026063,0.125239823353396
1,0.9101203117238336,0.7206745241046097
0,0.332320786666324,0.4620930983860797
1,0.9170994796196688,0.7306426234184975
1,0.7041942733398572,0.1268587162423742
1,0.3873048788643866,0.7487351792717682
0,0.950742136210428,0.9799833413150024
1,0.4040365532840674,0.8185929626564344
0,0.3787233713612017,0.1605078828782258
1,0.0955119973130615,0.1946608445005156
0,0.4922459886010184,0.3099061064677229
1,0.3726759068775296,0.8388499397889917
0,0.0117816307988123,0.2391545380891206
1,0.6992822044909383,0.9696965065737516
0,0.361369255689173,0.0032470761332379
0,0.2378401951944327,0.2216735957765689
1,0.9136998776826004,0.408182408003053
1,0.5636261845650159,0.1584765634632189
1,0.3165269582062302,0.8325144147704274
0,0.8514627517813953,0.5749310658558399
1,0.7606865103527992,0.4500768063803094
1,0.6390451093297859,0.6410013607110222
0,0.6290770825140951,0.7132067324933108
0,0.880175679369242,0.0890050329251773
1,0.392793982417412,0.895991921509091
0,0.278948674437172,0.976177404585938
0,0.1595735372401167,0.4488917037638713
0,0.2175648324867222,0.899331942375158
0,0.3221873515921518,0.1518701834858834
0,0.80923884137005,0.4504772380715298
1,0.8028574498601038,0.2582271056405356
1,0.5360302361324664,0.5873708881450151
1,0.8133304947210486,0.7814218492984246
1,0.0245009151583704,0.5591195750720503
0,0.8662525463843251,0.5059358244198428
1,0.5974933039803829,0.6623612904029026
0,0.3942356478567952,0.0159948517882781
0,0.2604237651897458,0.4994150130523183
0,0.176193649245934,0.5313964191462865
0,0.9028763102008452,0.6091556822114678
0,0.0150659156504127,0.8075170909541491
0,0.1745264589398449,0.1366316923898147
0,0.6926746188501509,0.4160419418778865
1,0.1958301193302859,0.8569697598679112
1,0.3872887082285003,0.7026978613555046
1,0.4624993611775992,0.7952451700882474
0,0.9970820804911904,0.9341491414568538
0,0.677041964476329,0.406802357832417
0,0.245751776951319,0.9147090748970124
0,0.7669468793842199,0.2996167590674546
0,0.5857367503466844,0.8780807902448173
0,0.91651086314858,0.4550446002138451
1,0.5773199787952523,0.505856646969394
0,0.2708982221536998,0.5382945376860278
1,0.5729443976596323,0.0159254491457786
1,0.387159941750916,0.7329566522364734
0,0.3250135612782212,0.0190190068255449
0,0.4360836989594645,0.0483646149641369
1,0.4302141681114805,0.2663553897841015
1,0.682697779297133,0.0804892126865371
0,0.0030109407027038,0.7420525324514942
0,0.4851848145082106,0.2339532914798294
1,0.3344607356794676,0.2665601556273085
1,0.649587144066014,0.5045662586155824
1,0.2966587056299311,0.2690708819850037
0,0.6728129103515698,0.2508955131227784
1,0.243265882647094,0.8565429385809413
1,0.0823807389104936,0.971743108117547
0,0.3867851783710366,0.9032255062028376
0,0.5030090914752215,0.7955277902596349
0,0.5273854002661426,0.7043732230151036
0,0.9907248236433236,0.2102014258874597
0,0.5985440020631912,0.3931596749372442
1,0.1633119389404136,0.7165364757183116
1,0.1516553900288807,0.5291596433841894
0,0.565692890430783,0.4260851094950958
0,0.9169065892609546,0.0305373538784022
0,0.0934419037271311,0.2962756572291048
0,0.5507096424153072,0.3127767232148152
0,0.3121015850671189,0.9305963930323796
1,0.5573101576572973,0.1563355729669949
0,0.2604873316078031,0.4615330675940786
0,0.655069727043153,0.2650281297285646
1,0.7323231773797726,0.0678370850775372
1,0.3342051446790414,0.7279128793254996
1,0.0370038255491883,0.6317460862568793
1,0.8775856691877689,0.8572492249326028
0,0.8707056397661525,0.48107675671838
1,0.8192046018952094,0.6783132802017892
0,0.5168234544404443,0.8014855545529747
1,0.7062476408656813,0.1038530223079418
0,0.0640704796236488,0.3732613646957313
1,0.0622352019156244,0.0829232654772248
1,0.7004759706872794,0.601477715971793
0,0.3306861647057211,0.1914328498351374
0,0.4853656115740992,0.2275523764741844
0,0.826236838533197,0.0419767511975643
1,0.9134655013523494,0.3773515233436065
1,0.8610898126909096,0.3850253021675235
0,0.1791797167028151,0.1551878183694629
0,0.9082347756820834,0.4583545206521489
1,0.9044367037027692,0.841180617722359
0,0.41105638511714,0.1417721487127419
0,0.1681347006519801,0.6266460266776843
1,0.2405390521430387,0.7117868344382755
1,0.6857451504250996,0.5659416658426938
1,0.9334934000588198,0.759231554277977
1,0.1630474413111535,0.3566712904479272
0,0.3091776219585779,0.1949062535451367
1,0.7465810090502323,0.6035788665577525
1,0.7669504955767716,0.5266126817524012
1,0.3103265845515329,0.4231464460494387
1,0.0533974445102164,0.0130664806965927
0,0.3063277784969632,0.1920187037715287
1,0.4291360445209112,0.7762429095049285
1,0.2347315774203847,0.88729822341165
1,0.7823466075644339,0.0883297609602031
1,0.7842201830265524,0.1009755073246053
0,0.624187887631894,0.2844200956707303
1,0.083552152326333,0.999920482055633
1,0.2230446421417568,0.6927893999486383
1,0.0274646023747701,0.2118274554612944
0,0.1980289150243718,0.0893607772600862
1,0.7681050701904434,0.2145433991892685
0,0.5559277171921934,0.8757276912576432
0,0.6518460815388665,0.8902926907943074
0,0.5954133893098026,0.2398281287076898
0,0.9824186088178998,0.1181359154936577
0,0.415880811575003,0.1930225023375692
1,0.2519711608786737,0.3970346075647558
1,0.6124218167936628,0.5881315308383159
0,0.3188734652099984,0.5245381577985415
0,0.9074272518769628,0.2122193779462025
1,0.7048745653782039,0.1000412592189542
0,0.566086182437866,0.8385221511074548
1,0.8200331692401271,0.2383443681090147
0,0.9252024065636412,0.9298368966347156
0,0.2635454939224303,0.0951303520085703
0,0.7823775374068035,0.3508109416292699
0,0.3369400024267384,0.625376440822759
0,0.9984785709543272,0.0652158838457098
0,0.2052691930032104,0.1212300277249347
0,0.1005000707529495,0.8111249323206431
0,0.3815260464097773,0.0183637990368017
1,0.7370782594446009,0.5299107457528335
0,0.5399127575481781,0.3385961382632002
0,0.0807841028331267,0.8852502654709749
0,0.5067468038565631,0.6970515392779268
0,0.6013905866329102,0.3385095193162698
0,0.3090601874055535,0.0469229965173746
1,0.0234051927083368,0.4562205550611403
1,0.956156805724235,0.3956140954346734
0,0.2316690498350098,0.6227429540813584
0,0.4155939157607417,0.0609560798831605
0,0.2298226087197227,0.6211609955416085
1,0.9999104469697022,0.3271332827599295
1,0.0023833119462366,0.4670383067167114
0,0.7735741382463526,0.685828878014308
1,0.1973464057594323,0.3888676638208906
1,0.1605634974309585,0.370179335423593
0,0.3594715517298423,0.9454056882922564
1,0.0408285435527139,0.6132955513136082
1,0.0257832141854471,0.181154720498344
0,0.619803228269534,0.869417479710465
0,0.7935174578104753,0.5729071822433203
1,0.601094711755603,0.656807149173916
1,0.1694341143810381,0.2542808796568508
1,0.4767309329163226,0.6021348272737767
1,0.66264269143733,0.598450011498281
0,0.8364594838420529,0.0332729316590295
0,0.6350853095595698,0.766631454497451
1,0.8597339305755148,0.7489434679584658
0,0.8173643404805218,0.1284823750273716
1,0.0651726002113973,0.0847111580129562
0,0.9433415952716964,0.0215481264336485
1,0.1399820208216168,0.604763395907998
0,0.4527273221938748,0.5589190060952394
1,0.9022042711714492,0.8414045897103812
0,0.9295774216849344,0.6317193952156652
1,0.2562831793984987,0.2431956693020105
1,0.5403153283256373,0.1238068718451638
0,0.6646779385819614,0.7398304009687888
0,0.176185704749081,0.6126856659790915
0,0.3972054440443345,0.5506841120652075
1,0.1179923578010893,0.9566184484645404
1,0.3762868876007949,0.821041208798163
1,0.5292993570983521,0.1588033163440664
0,0.754422127069539,0.3032519759357293
1,0.1050655682507538,0.6518097624420935
1,0.6493926618514938,0.9796821894123332
1,0.5720595050150624,0.5065900669965842
1,0.1568659932701017,0.6381672755403146
1,0.0372710355461826,0.5903234376311534
1,0.97146214531311,0.798256938274292
0,0.3374272919480047,0.198588369711147
1,0.2662057983084906,0.8966265883452934
1,0.1151295793201491,0.912054690383787
0,0.597983928205467,0.2249545961555387
1,0.1863139011889335,0.4325123395745462
1,0.0108128811422152,0.9554559935572596
0,0.628369099519899,0.3819171431974796
1,0.7793160359344904,0.5637677838971198
0,0.8495048038734043,0.9183492839358492
0,0.2080678903759414,0.0653999347889192
1,0.9302704630164936,0.2934118555827161
0,0.6449146366073294,0.782054525963875
0,0.3371041055032117,0.1751959928998392
0,0.5290688492677603,0.8435342699570739
1,0.8637886112214697,0.3445248221381095
0,0.4130499365864261,0.1998922105835895
0,0.317057164018285,0.6406063657891131
1,0.2415026525987783,0.7763961900391059
1,0.0452511644003663,0.4665022936582245
0,0.4149920880731824,0.5832846371202854
1,0.6816114296903355,0.5998169302706327
0,0.1285960707999783,0.7108890976298101
0,0.1281670254051408,0.2613356538573048
1,0.0809620854193031,0.2098268531389566
1,0.407790442211591,0.3001615989308158
0,0.458507283515926,0.5555096136987625
1,0.097766531144012,0.0936727572280443
0,0.6511591132473712,0.7722335020684282
0,0.3374721138392211,0.9201323110412952
1,0.0002676857238491,0.0085573852626382
0,0.0852599375106857,0.7497187014705231
1,0.1248674790349101,0.4532584729636486
1,0.3781627076794674,0.7426029218498247
0,0.1901340494366058,0.9255415379250772
0,0.6850330720994176,0.8733374850082912
1,0.589527546655781,0.0534204702961097
1,0.1456383185076161,0.5110076921914495
0,0.9862649047747672,0.128400300382209
1,0.0181334416892438,0.0416613884671253
0,0.9199381245587176,0.6533427472448785
1,0.6082485362723837,0.6341001350643661
0,0.3339328281746376,0.593164654650594
0,0.0447477128555585,0.2795701573819914
1,0.2422228989367394,0.8750417061579052
1,0.2059100515191341,0.2618284725971632
1,0.7787160114331327,0.523228596723983
1,0.9040578488149796,0.6813138341265738
0,0.6109034924701342,0.365325587227262
1,0.6077773246525088,0.1491031213520027
0,0.240752525941122,0.1928405453088036
0,0.9667744344500878,0.1807813677007268
1,0.9401994243771228,0.8207065065351862
1,0.3404093033930787,0.2618535301645526
0,0.9740089775864034,0.6722254185963523
1,0.3333894398888208,0.8494037996928653
0,0.8936850214247352,0.9356925002584456
1,0.1920624366014521,0.3639907839690395
0,0.6429986835416134,0.3612152754791818
1,0.9564124069975614,0.3733808929659258
0,0.5351106403091176,0.3632957717286109
1,0.1067853120348389,0.4962892600460356
1,0.2148139483298086,0.869573083477004
1,0.7032401216388486,0.159604150156896
0,0.7561843783338255,0.7887623429633526
1,0.0951190797071239,0.9932937681876898
1,0.6829522774183199,0.1107565493222417
1,0.8109685698490353,0.7291059698144293
1,0.3541318818070441,0.3420244739912815
1,0.7291146571408701,0.1080423413304642
1,0.1305628330277689,0.0664131434822457
1,0.8802546933981518,0.3570929296068924
1,0.6597784339716687,0.1174171798241389
0,0.5595562082266515,0.3648284759553889
0,0.1922583999842715,0.121247518854467
1,0.4124149551948208,0.428306846023695
0,0.153974684040782,0.6845401491662803
1,0.3567910699534544,0.7218079692800146
1,0.8072536579180524,0.4244325629913722
0,0.7939411677839006,0.6383126025557833
1,0.8267501802649313,0.8858578227755861
1,0.6292840728918312,0.5275167095415513
1,0.8452771120729475,0.4358782210081184
0,0.6098587505825852,0.8058881148576587
1,0.2984316670015519,0.3143487176771322
1,0.807091700843796,0.6965015881911993
1,0.0246355132441817,0.5997990450442803
0,0.3059889533391028,0.0647654338516086
1,0.6836635906521031,0.1170941046390839
1,0.2485083118341792,0.7583025055270981
1,0.6101282204111558,0.5326269085974482
0,0.7983888999771912,0.0003856706659897
1,0.6821568036907425,0.9169486588995672
0,0.3903260259470233,0.4891941404844123
0,0.7094371925758799,0.2576681895327589
0,0.8189490052349948,0.9880035198366948
1,0.9632673368121252,0.2964337823990912
1,0.6320004540658588,0.0564997726488298
0,0.0888284651410916,0.8497866070898751
1,0.3477143421925045,0.6745510391103778
0,0.2567341592931447,0.1887430399629323
1,0.0984985008440275,0.9206720781966552
1,0.9084226090069504,0.4302731960069115
0,0.4568450764399304,0.4863954919172522
0,0.814961201014466,0.9481753418362228
0,0.9375659455843462,0.5499431009324429
1,0.125592748000938,0.4750360799151403
0,0.2157330687464478,0.0163965968490013
0,0.5360234542393735,0.7505999394191503
0,0.4114701155185508,0.6446164459055188
0,0.0940219223690738,0.6745605128351645
1,0.5075389638684032,0.5181537715388317
1,0.8871046914569922,0.3592096569102058
1,0.5691184724471782,0.8983216744428155
0,0.6488390160584644,0.7744476438759255
1,0.3013468044361281,0.8893648512648207
1,0.2657542015161229,0.338630695374653
1,0.1342357824302739,0.0095022415606238
1,0.6640960162437812,0.486870382649315
0,0.6816581962327659,0.8609833253960193
0,0.3356697301830087,0.0853814021226376
1,0.6022807018608995,0.9289211240373992
0,0.8829552299065292,0.5978337449087286
0,0.3501079057313171,0.5939294218460197
0,0.295239436997441,0.4880967005396753
0,0.3589225958481724,0.4601624908156805
1,0.7677839390142027,0.5907638962386306
1,0.1821313055785345,0.7305416644684719
0,0.7091497076778072,0.7541181435154752
1,0.0063947191083438,0.5166089005430369
0,0.5812172912542003,0.2942107465903577
1,0.0457303259636644,0.0616001440403037
0,0.2198502889518185,0.946484976642414
0,0.20961063087011,0.9074447517668532
1,0.6445591613398441,0.0473655932317681
0,0.4000666622207162,0.4755265121798407
0,0.2341311973742023,0.5457014973001177
1,0.6702607034522169,0.9307563602290008
0,0.6269104270287859,0.3742175117010624
1,0.9883657575270164,0.2699611397199608
1,0.1287871265416056,0.5429009889040509
1,0.8104276135377249,0.2680916654909785
1,0.0533630773140111,0.6203601670326258
0,0.7235891869481689,0.7267416155422136
1,0.2465657327562604,0.8425263028861726
0,0.5756984329807913,0.2738435940380705
0,0.8835706729189065,0.930974263522782
0,0.5391431069249288,0.424285712057309
1,0.810563623417266,0.6835532125323625
1,0.1339786287443448,0.5980312138343135
1,0.5647912279287058,0.903453033166076
0,0.0188500686838211,0.8272157209023272
1,0.524782759082343,0.2051279782008364
0,0.0503472905882255,0.2980262651666168
0,0.8178407122132458,0.5908052595988051
0,0.624186992587158,0.86967456621494
0,0.385359508414455,0.6016526788003913
1,0.1546375631092719,0.6559334054017633
1,0.2284717621259562,0.2761278120975962
1,0.4290983808956906,0.7790076168777081
0,0.4306435105617445,0.0309937168627542
0,0.77062441877074,0.7158745676489262
0,0.0993383454126132,0.3096041104199039
1,0.8991759472897439,0.2885343628008887
0,0.3732479890214246,0.6369382480838993
1,0.6654483064242986,0.978863295683942
1,0.9905172031775848,0.3958087961652532
0,0.4638113570711427,0.175697020960451
1,0.2593333845269893,0.8275836350543606
1,0.137691724497931,0.0460619945925687
0,0.2667434936806641,0.9744785056200708
1,0.098382962238804,0.9743068683456972
0,0.5855028633857927,0.3178260960413427
0,0.943418871600068,0.5469500944065774
0,0.6672442425376834,0.3393757503333494
1,0.5755462417355475,0.9803693802501704
0,0.7890618882689804,0.1493460567205811
0,0.8723804403236635,0.5689024336065572
1,0.8401443971212703,0.8151148883261848
1,0.9020556766646172,0.7790978059017708
1,0.688386940004979,0.988214815038574
0,0.66227547605225,0.3548431109897108
0,0.6000798899086066,0.2301985437694369
1,0.0898171862359354,0.145482850821875
0,0.0510678872534324,0.4158985683985625
1,0.3047289706734947,0.2723223447062165
1,0.7632814508188496,0.0174211463460292
1,0.641306455466055,0.9092283932780192
0,0.1395173932085724,0.4118825208267804
0,0.1590175970134972,0.5126244563811874
0,0.1573259642240345,0.124944867397722
1,0.6766770397572711,0.165480145815977
1,0.4197460276697919,0.8768169274197526
1,0.8375881636451029,0.4158554344112407
1,0.0271770697717347,0.0984021707356953
0,0.8509265735819308,0.6337385125106081
0,0.0728303110043075,0.3985305849963205
1,0.3191698980748139,0.3207725269356274
1,0.3203895533727646,0.7589065877487547
1,0.1650769486407868,0.8307026196690658
0,0.8960412518645647,0.1357267840209317
0,0.5271177068030215,0.7996323547045721
1,0.7992579173938588,0.7885374568601776
0,0.1996950973814097,0.0207083564405783
0,0.6321595498001964,0.8524240193547674
0,0.0668181600160046,0.2315762699637853
0,0.8918814411692939,0.1953262647300963
1,0.363012422718067,0.4303953874942697
1,0.9732539989084256,0.4357375827648655
0,0.1733650678889552,0.1666358097691788
1,0.2213181346429381,0.2392130425012933
0,0.7712160444496149,0.8126609454102948
0,0.5954400414968671,0.4264170744800594
0,0.1829791169802518,0.5423852420675146
1,0.7677794968067566,0.4518757604641119
0,0.5876126740409204,0.8495194731826828
1,0.2307567769962238,0.7432883439447845
0,0.4488939256750741,0.5509023275883739
1,0.3208448633432258,0.3137381282514031
0,0.7835830353307898,0.2980020866558378
0,0.9848009074012896,0.150569378260279
1,0.6732244531706928,0.0048041720235627
1,0.4225010718204467,0.3207397273797777
1,0.8217039862389749,0.3609538546978535
1,0.0154562876616273,0.0991894523063964
0,0.3544715122249485,0.0157504402174454
0,0.6958299696184492,0.8649319944128034
1,0.9326004543887526,0.7895312367845223
0,0.5374089670467014,0.4292972686691023
1,0.2884001461770601,0.7899052082140308
1,0.3990290573505233,0.3540774654797213
1,0.5456583613788336,0.138096305754618
1,0.1214264545551176,0.9384888466876606
0,0.3712308425259087,0.1749134237501334
0,0.9684378161896066,0.0441146165204312
0,0.3600549069562276,0.2007334378699897
1,0.8420809861878374,0.7305017349932909
0,0.5539549078642012,0.4429381932725662
0,0.1794180215804376,0.4665043741586993
0,0.7857616983350701,0.0584852446539743
0,0.6590431155866566,0.3761272630184763
1,0.6893734814654114,0.1112065967969206
1,0.3908823716192129,0.7446092513516089
0,0.8821274348457838,0.5749852177504201
1,0.437102087987999,0.432548400049623
1,0.4916345853270134,0.6289102676165989
0,0.961548159094651,0.0333105764044473
0,0.4920932519352328,0.7158629397569136
1,0.8823853061716123,0.8212893508149058
0,0.969152066089352,0.6247994995082798
1,0.5098007541603337,0.9467078975291828
1,0.0630752574331495,0.056022365215129
1,0.6779481320504896,0.6042226570475273
1,0.8038765131817496,0.8774013536347953
1,0.6104471025140014,0.5766396618797881
1,0.0868805174795253,0.5883468510587639
0,0.5353490145782337,0.2274996469529272
0,0.96239146952594,0.5016478089442066
0,0.9407562509597838,0.4539495203616071
0,0.0936390138235777,0.8641825001987631
0,0.3571828749756778,0.0410460834351702
1,0.887427012553148,0.2497915642850763
0,0.8499572756860101,0.6257936346871966
1,0.6234070270287939,0.6482162784163018
0,0.2149515003005052,0.9934064171282558
1,0.0760295313726435,0.9041961184736274
1,0.2089714658656818,0.86526152710264
1,0.0652885785740257,0.5783721556965027
0,0.4598107656085938,0.1169350514792805
0,0.0384630342085775,0.7185080151676756
0,0.478419345702382,0.7656531966299714
0,0.128169402924132,0.837246311626697
1,0.7955895045207495,0.8852293031779372
0,0.0147018166380766,0.4413018544400354
1,0.3069450881177914,0.8596301129502012
1,0.8828123976322022,0.392384186032345
1,0.2716206405463855,0.7603018430568076
0,0.958766894280191,0.0118993895017545
0,0.7406829798549597,0.8287508861149973
0,0.3977761546959522,0.1491298510221891
1,0.5033516695190874,0.0014289639328262
0,0.8357941425531165,0.4993613889845844
1,0.1384719814008116,0.2098917805945208
0,0.0444933219809929,0.8508372752099492
1,0.2137898945002594,0.2425911181751963
0,0.0790977156595382,0.2688977162420498
1,0.0563879488172631,0.4889221147551794
1,0.1501978630357268,0.2017742563007317
1,0.2729563015678853,0.2505974449128598
1,0.6024560399529424,0.1043529792264847
1,0.5374234980392483,0.0983889655436305
0,0.0489615435966168,0.4388849158164223
1,0.0812700569505839,0.1128199097584357
1,0.7339398251009052,0.6580280139059057
1,0.2745284086352728,0.7933743786534966
0,0.060355184809674,0.3077125740413783
1,0.4239134593820403,0.4030071663990792
0,0.1968401805821762,0.0226351073304513
1,0.4609268584659457,0.2812099740294456
0,0.6917938893414068,0.8116131643881551
1,0.6530144669391389,0.9341056839876118
0,0.5527575936036012,0.7263421741831924
0,0.1935820198082397,0.9340507241666152
0,0.3607684772430349,0.6286543928982669
0,0.4338967641488745,0.9738865427914056
1,0.0342092364239334,0.2231372968600035
0,0.4982464271508928,0.2978357492921636
1,0.3168695241228407,0.8242244105714908
0,0.8167314375119296,0.989524845400313
1,0.0568607222315751,0.5692323502224858
1,0.399795373637509,0.8013813049494783
1,0.5567026093352098,0.1879215512050408
0,0.6889805850138571,0.4082689597419728
1,0.7649895368144496,0.6284330103518582
1,0.6539387592055265,0.9022468262680008
0,0.5590919940188301,0.328666908527099
1,0.9736517868716402,0.8562548753293566
0,0.024280542303161,0.3783754978574529
0,0.3230385139882613,0.0732477710678192
0,0.8765410664450289,0.1725980843376148
0,0.0004997111172183,0.7350976502369563
1,0.5801910148795204,0.6024628567343097
0,0.5805411717452341,0.4386961778812013
0,0.4082626701149667,0.4862181023503242
0,0.7565625863258865,0.3956352093169356
1,0.9215224878871504,0.8334440117667127
1,0.3831951503240566,0.7859614412963476
0,0.3819429445082746,0.2187941029853818
1,0.8928986638989234,0.8558797507521375
0,0.0145582457146429,0.8826450034179054
1,0.2186309424985273,0.8026682374114461
0,0.6629232553350557,0.7048746812076131
1,0.4322266906868389,0.6903338190392356
0,0.8093229091628444,0.648758077126457
0,0.3240815504097255,0.5819758380734493
1,0.5129785709537186,0.6076508589065552
0,0.7734658622785369,0.6864335082381224
0,0.2795895637464833,0.5797372090286663
1,0.3889328957488868,0.7211047770580901
1,0.5483351162688838,0.6026712613931976
0,0.0847602020324143,0.7111445994774285
0,0.4589033793617225,0.0393926699717934
1,0.9036939073447684,0.413935572962303
0,0.7392583639309366,0.3135421007353088
1,0.6577115492937987,0.6222776984895081
1,0.2903328304199917,0.2833937170021717
0,0.5180518778339446,0.751088173436365
0,0.0368156289427309,0.2449412378479122
1,0.5683379470435285,0.6087810178357697
0,0.7468321202850385,0.4120730913135751
1,0.354876615015419,0.2462138884012954
1,0.4305065053526157,0.2254416949262212
1,0.3284762222842514,0.7689814530981495
1,0.1961771541656514,0.7414841027185257
1,0.1815534017024194,0.3566373961532526
1,0.6422438550814402,0.1658060019028664
1,0.6889015353271891,0.9163191127613908
1,0.2246254534390175,0.8067855360044505
1,0.4385587429831009,0.3193262352095101
0,0.3746915182727254,0.6698916648306747
1,0.670974779580683,0.9194331364654246
1,0.1127977404235519,0.192722617826335
1,0.2094117872982397,0.8783974329655637
0,0.3171732005301571,0.9564664435799756
0,0.9699106903157464,0.5964976707259269
1,0.2022990385876507,0.2351190504431857
1,0.6495316548408487,0.0587148493343354
0,0.4011417408499814,0.4547166726731211
0,0.5063683051600487,0.6983322002515188
0,0.1267689057897684,0.312655063006703
0,0.190511469264315,0.9726259655486852
0,0.8051317718531964,0.617728820927241
1,0.7690059285502784,0.0518933145715972
0,0.6681326103235647,0.6797241927872856
0,0.3474104899262735,0.6469234090520206
1,0.4297937565161698,0.2982998965956959
1,0.5634323869554626,0.9518274855164484
0,0.855433002571184,0.201151104342207
1,0.5041934918938809,0.197578901921545
1,0.0192127847187175,0.0794790354618465
1,0.8173733116270987,0.7416037550492798
1,0.1394948575906532,0.0325514802546728
0,0.8522123221271417,0.9308364677927368
1,0.1912159191816286,0.3867111179259815
1,0.3060629352827215,0.282175180207653
0,0.902683398852709,0.0146496089743002
1,0.4811447732788874,0.4737574201098814
1,0.2465532743242481,0.8201787623651523
0,0.3182644954350953,0.9064870113558622
1,0.801043004352816,0.4094652988440272
0,0.3817780550256939,0.6502193940321023
1,0.4308449023579955,0.3564171192314592
1,0.8264714383375633,0.7022575936824507
0,0.2348072201339744,0.0721065633434407
0,0.437512530177687,0.5916157906492933
1,0.9773325681464808,0.896355264002639
0,0.3191630939419968,0.0046473125146163
0,0.2407632495652895,0.6532885995237557
1,0.9516795603777362,0.7805719531395328
0,0.4370645761686301,0.9425502942018904
1,0.540637007282297,0.9813727694754516
1,0.7351153378780235,0.0128321102671751
0,0.6451737684611601,0.772152011834165
0,0.1558027996551452,0.2320446591972552
0,0.6079510544224479,0.8743605671784275
0,0.5684900630651768,0.2451432821566279
0,0.5702138923387818,0.2955090495209709
1,0.42059438178883,0.3782095115581969
1,0.0623503793780538,0.5673178335746695
1,0.3623196884243905,0.7358804348032114
0,0.7323404630954321,0.3446871833839806
1,0.5858427719159505,0.1996510650296317
1,0.0536035099569375,0.610056150477535
0,0.4410517241987488,0.0775543814120871
1,0.0385308913562765,0.6108241741986719
1,0.6489113556717295,0.9384800219177276
0,0.3323472644172378,0.6047199947004386
0,0.0452246746743879,0.8678717724583404
1,0.912639988222427,0.7489406000612917
1,0.5566305363002887,0.1079363372616759
0,0.7854244950107605,0.5665849350283314
0,0.1892221786277674,0.0008705243083724
0,0.0888227945947578,0.268859813492676
0,0.265616589783197,0.0036069093196613
0,0.3266214389569174,0.671416645683031
0,0.0447675659843673,0.2796122746567298
0,0.9021490340871628,0.0038749855418572
0,0.2519083595504441,0.9793858642440234
0,0.9525457308570964,0.0737436032476911
1,0.3085884955588157,0.2292606447696165
1,0.3401383113144394,0.3040265119258367
1,0.7277230698568761,0.201651040621323
1,0.7149750309956685,0.481884902494483
1,0.0608037679072509,0.5257617667652504
1,0.4665992920506299,0.393100443821724
1,0.9655712076877324,0.6827042112229901
1,0.7861855537428794,0.422853573474243
0,0.2089282543730258,0.9035239511748232
1,0.1708685816960199,0.7817113508006823
1,0.821338138413974,0.7382744019256777
0,0.8568287202201144,0.9235977193807487
1,0.8157088950983221,0.7587569763748392
1,0.3757259141874811,0.7970326441743404
1,0.0420798889513739,0.5753142581380192
0,0.4288883829178591,0.4526018882011297
0,0.4416471522793246,0.11263304716528
0,0.2916848394505378,0.6223359741723187
1,0.6238951440300201,0.0871396138648978
0,0.9322167099247548,0.1309844736875859
1,0.0569709296858549,0.0996843532921812
0,0.2139564885356678,0.1072656808582099
1,0.0729806698929624,0.498819346434484
1,0.9130009765606736,0.7750842399314332
0,0.1104805257435214,0.8062384018736632
0,0.0748002751177102,0.2788535784867995
0,0.4475563705843127,0.1830391916472599
0,0.8828620830025076,0.6207500200448327
0,0.5225187281493564,0.7098195348596186
0,0.0758502837461809,0.7724782302361478
0,0.0583664216529019,0.8265921916491327
1,0.1892762964715622,0.7678078569618699
1,0.0138360010546485,0.5311817035859617
0,0.8106574822457576,0.1745920603277161
1,0.4924370514456198,0.1874333815724044
1,0.1755655003605702,0.8819458786952744
0,0.3459830390394131,0.5789864454534731
1,0.9341843463093764,0.850600520291807
1,0.8026432524276632,0.860454823220573
1,0.966573435725733,0.7529082267212777
0,0.2402883098826398,0.095041310363245
0,0.0491308737119079,0.8271583964168103
0,0.996244671799332,0.5605644207140907
0,0.0698129727163573,0.4027667672229322
1,0.5252022509779666,0.5333407271004639
1,0.7779267415918718,0.1688162607928661
0,0.4273347612735261,0.1879577802389267
1,0.6726226306020262,0.0835716933342071
1,0.927669876654172,0.2465591957904443
0,0.9632093877129232,0.5653747238281196
0,0.3139057000098383,0.9916078288375744
1,0.3260092907165159,0.8428178763594684
0,0.951799120295494,0.1329641858662689
0,0.1399238718476901,0.7970645159615337
1,0.1817428802736349,0.4240909041910226
1,0.5525407564921404,0.0524113379299391
0,0.877904373744048,0.6271281735332797
0,0.2641437711838075,0.1061965581288745
1,0.935858091360648,0.2403954549819886
0,0.4296798716049121,0.1196503927668971
0,0.8470564474237174,0.0622118348567772
1,0.1181119431849108,0.0676922276406141
1,0.3585948090951403,0.2912694121117236
1,0.2245282542700817,0.7605626225361407
1,0.5976738304332808,0.1995263917952688
1,0.5587536211933913,0.6090970005622611
1,0.1164101435383794,0.4525842469001866
0,0.4678685418986964,0.214122088961369
0,0.3240868608405242,0.902389838490683
1,0.1553048580571189,0.5946298565341239
1,0.4565291064374025,0.885333802709085
1,0.4101049849983872,0.415566068379926
0,0.453380843470069,0.1189252405487333
1,0.2360481778836307,0.2984638354719134
0,0.4437872294942159,0.4792502091483037
0,0.3892203751079889,0.9224654406990772
1,0.7024380164819707,0.910841946494486
1,0.6107179496098992,0.5288993609270354
0,0.7641683421320806,0.808871401111878
1,0.3108794762116088,0.8444937270012327
0,0.0092162725578029,0.7659119044465197
1,0.9741525074706529,0.4405814091290668
0,0.8407074221594775,0.6276887681877444
1,0.7357016758824334,0.1841499317502157
0,0.5289160106917988,0.4248446586516948
1,0.9664314545568334,0.2418248697182979
1,0.4125740289491225,0.7763346953028407
1,0.5197678752446805,0.9876577027470074
1,0.4206652769159755,0.3542681732712133
0,0.3876011591260585,0.1973264341659981
1,0.0112678039573526,0.6009041946957572
0,0.9827628982064068,0.5980266575269223
0,0.8165492383189538,0.5804255625944506
0,0.106285987598843,0.6832089261873969
1,0.4027365708996103,0.3750227733076523
1,0.7010710402092754,0.5772619602476914
1,0.0926588657246402,0.4901191900027082
0,0.4096150620396358,0.989171753689728
1,0.4244246668201759,0.7758478015091937
0,0.4269763567514764,0.6093279178560865
1,0.1397345728360736,0.0175380315940314
1,0.4824346346509133,0.6520250677506154
1,0.8071346946452163,0.3385020460932149
0,0.3448152814817337,0.6040897094077384
0,0.982493672752202,0.6177791702731449
0,0.0249242871324514,0.426511535907083
1,0.886092506169289,0.39642654144684
0,0.5124899794914554,0.4214986053989348
0,0.7249375448076575,0.7313750237282737
1,0.0533677403658394,0.646906481681619
1,0.834373052275335,0.7360553063258894
1,0.3460110780512067,0.7727285766915177
1,0.9054993574281652,0.7942531046337591
1,0.3360276308259845,0.4275470481983418
0,0.9462546847737512,0.1557193216603486
1,0.176320204159167,0.2438699914947615
1,0.0679763812445956,0.996630097068457
0,0.7642433622680446,0.7104510732456748
0,0.078203767960261,0.4408073325289
0,0.7824519683364755,0.2599598670265778
1,0.1505404421865598,0.5994181685789957
0,0.7751034586324314,0.3076735548844707
1,0.1702237510472609,0.7447112710186335
0,0.2181121883784502,0.510544591153304
1,0.8118648401779995,0.7629967844599467
0,0.6396260062671664,0.8799610061584824
1,0.9061949687635078,0.8151977393974001
0,0.3689789335243696,0.1728066986684606
0,0.6676538056714567,0.8625718649538925
0,0.5499196264025558,0.8439641849575967
0,0.2543283802418941,0.0254673127015673
0,0.486805649094148,0.3741072585658326
1,0.8646670159835904,0.275305765700832
1,0.8230952353147342,0.8311564051654075
1,0.014949795956778,0.0937591185447367
0,0.6220390167312054,0.2716857884193228
1,0.5837585007087908,0.5049473406532674
1,0.702726035300545,0.5090864225138995
0,0.7089207806026897,0.2463909846617573
0,0.3299275596766997,0.4934442339829793
0,0.7101507039820784,0.7882213980059214
1,0.1412936196016108,0.9330351679722813
1,0.0620428765567875,0.6009304292856474
0,0.1436450285745218,0.3416878539955591
0,0.8079148644539859,0.2016220294172157
0,0.2198857406752646,0.6427848131072438
1,0.1373488824644582,0.4760110514981106
1,0.8240639798199837,0.8351745731493607
1,0.6488649474762105,0.9313695836750706
0,0.3710326273506946,0.5703775506784888
0,0.559615596385627,0.8834523482412193
0,0.8556052589822984,0.163994550683131
0,0.160029679790314,0.1621062633264753
1,0.5170326184710308,0.1043925380752454
1,0.8166310422616314,0.3563407657414106
0,0.7326010880636401,0.7886716209692006
0,0.6219007824958193,0.7413680151083845
1,0.4476856748877619,0.709622967678268
0,0.1835309368548132,0.5265810319115689
0,0.133522902979253,0.3189152849138732
0,0.4933459078445148,0.3746202685802161
0,0.4024493163736644,0.0676360769238918
0,0.5347850797497062,0.7477344995747426
0,0.7911278579556301,0.0387791710921624
0,0.1501797763310672,0.2888892578451711
1,0.4796986661571508,0.0035900749207555
1,0.8621145327801663,0.227886107717853
0,0.5044021150216881,0.7404270287567907
1,0.1377359065078223,0.9252399537815468
0,0.8297857999461126,0.0127979830255631
0,0.9370684681396358,0.0385767207616785
0,0.8521850748183388,0.530434489088956
0,0.8293622947125173,0.5777110512520593
0,0.8044401692013061,0.9310694415143534
1,0.4711144822895189,0.260941006929676
0,0.4132384825680273,0.0505564622194212
0,0.5189006935767915,0.3494253025675879
1,0.6191981220338375,0.1686252484067378
0,0.7556550487412491,0.3849787258501727
0,0.3942369066030988,0.6699053411235737
0,0.5028570853235128,0.8058483923080437
1,0.1188042479485612,0.4965484305637888
0,0.8119343452837708,0.5553481524606716
1,0.652123088329889,0.4787482896295223
0,0.3586039716807055,0.2069445876592275
1,0.8227972946086404,0.4327052156327604
1,0.4888110967932154,0.0612958799212995
1,0.6281264014575948,0.902710677892695
0,0.937049443081738,0.1743833809177141
0,0.9347818036357932,0.9804906272810346
1,0.8598692943695535,0.7022069023820273
1,0.4121613641562771,0.27160512766521
0,0.2740533002701854,0.9791310407049412
1,0.6845265405763394,0.170130949265427
1,0.1270191609022084,0.6500681930098889
0,0.5479746139464335,0.3512722794541021
1,0.367674457044794,0.4465445665756243
1,0.2392284686854699,0.7220113894548644
0,0.7457595978775826,0.746747191167498
0,0.5150057283205676,0.834161617205603
1,0.542325155448414,0.9109861388498968
1,0.4343929074862815,0.3644185450752109
0,0.8309509608033507,0.1936871007437672
0,0.2993300344609383,0.0192216448152776
1,0.381064275955623,0.8078631778609384
1,0.7458095014526747,0.6055323393359895
1,0.7720472939702127,0.1500365078845197
0,0.3520460407509624,0.0016104419987785
0,0.6315796231245621,0.774596535982849
0,0.2706173636133899,0.0981320077883757
1,0.119275278028524,0.1818555573354348
0,0.6018088311805968,0.8722412065723327
1,0.0999005691793444,0.0623110653319688
0,0.6165086195089374,0.7153147477353516
1,0.1911161583200097,0.3573234908146286
1,0.4370807626893174,0.7266247776095448
1,0.8759186671220627,0.8918676081514486
0,0.9538704084343028,0.1965673324769732
1,0.1369738156637971,0.6511073995827031
0,0.885885692376507,0.2082990730758585
0,0.2147001842679401,0.0635020766230382
1,0.8970091404022358,0.8879378322130437
1,0.6819279341143202,0.5053611263147784
1,0.4478797551595728,0.6989490935704572
0,0.5677513525504375,0.6878711206758991
1,0.6136121867406528,0.646378372134068
0,0.8332055886779521,0.0702146385552203
0,0.8947620563609592,0.060574942094249
1,0.5149477792645155,0.931860490899813
1,0.3115885746520531,0.3262915947387017
0,0.627635479183545,0.7608577721343949
0,0.2130430017505507,0.9878899632287528
1,0.6174955562968025,0.1680866485708169
1,0.2256284224832249,0.7497140655469783
0,0.1951586265061318,0.1992241539686779
0,0.9042114559428897,0.4743526162293253
1,0.6136328103347489,0.1170653344334521
0,0.9485738450915256,0.527177561246724
0,0.2270082863136524,0.5933935416011735
0,0.9655948551324292,0.128613380640526
1,0.3742392459445137,0.3837879963686444
0,0.9831649073842348,0.9972864949311948
0,0.5178341567512253,0.393100041057142
0,0.3136598500339271,0.4559401365652848
1,0.9626600837676972,0.3973581634261676
1,0.8504925854715872,0.391611414157416
1,0.6456051554450336,0.2096628748641915
1,0.7539706351621956,0.0994530007061329
1,0.7673191433843277,0.4785721900636468
1,0.6776716941876582,0.5201478682122797
1,0.6129942888323756,0.6102156923593893
1,0.7086609033808043,0.0534796145396069
0,0.8224689982213451,0.0192013323614341
1,0.1013109869414657,0.6305906390015261
1,0.9181692844445968,0.7648774147742758
0,0.4182572407008055,0.6635098415853066
1,0.3245420500436698,0.8218986093809905
0,0.4541040062964645,0.1877954716651719
1,0.2806717289446738,0.6966263281789415
0,0.1282592634155496,0.8413477130982704
1,0.1065286700252803,0.0415246571454145
1,0.454071352213808,0.7496579863470043
1,0.5362097737401927,0.0196837443416971
1,0.6556007029994314,0.5966154074283198
0,0.5015516470447406,0.4142666592410582
1,0.5998032426806391,0.1542333890589573
0,0.8915090535247616,0.6365197847032967
0,0.9862271471144678,0.5863216289354646
1,0.7997943594503399,0.7105699137120409
0,0.8223296428693151,0.9475921343111212
1,0.3215895737348359,0.2388782938345557
0,0.9985808188537691,0.0350628594888055
1,0.186093890672378,0.3569958437647189
1,0.2102548243478508,0.8632460132807319
0,0.2939575785609337,0.5000828111945484
0,0.2265330515529425,0.982215068256251
1,0.652616996658647,0.5283809382641111
1,0.7349943290420682,0.0841583223688556
1,0.7635222159317094,0.657257704154765
0,0.8676459842926084,0.9089032849170924
1,0.2453575339136248,0.400338535326231
0,0.895966644653821,0.9350675365122896
0,0.3298507223197856,0.9348679060600124
1,0.6212733559843954,0.0427657594937607
1,0.2010206724248411,0.7505923078372511
0,0.4467938124746722,0.2206039602297479
0,0.7025686412533523,0.3895241646633686
1,0.3965213460789556,0.3282057985058514
0,0.6188441223563166,0.8812291347729723
0,0.1978769480964139,0.1800973603037035
1,0.2969197812416273,0.8443422314549632
0,0.8546077398359738,0.9637788432334424
1,0.443302793192517,0.4001884713986917
1,0.4420866488740541,0.3249765677425942
